2026-08-12 12:51:03,441 [INFO] Scanning dataset at 'Sugarcane'...
2026-08-12 12:51:03,756 [INFO] Discovered 6923 total images. Processing range [0:20] (20 items).
2026-08-12 12:51:20,204 [INFO] HTTP Request: POST http://localhost:11434/v1/chat/completions "HTTP/1.1 200 OK"
2026-08-12 12:51:20,213 [INFO] Progress: [1/20] | Done: 1 | Skipped: 0 | Failed: 0 | RPM: 3.6 | Avg Lat: 16.45s | 429 Hits: 0 | ETA: 5m 12s
2026-08-12 12:51:27,838 [INFO] HTTP Request: POST http://localhost:11434/v1/chat/completions "HTTP/1.1 200 OK"
2026-08-12 12:51:27,842 [INFO] Progress: [2/20] | Done: 2 | Skipped: 0 | Failed: 0 | RPM: 5.0 | Avg Lat: 12.04s | 429 Hits: 0 | ETA: 3m 36s
2026-08-12 12:51:35,549 [INFO] HTTP Request: POST http://localhost:11434/v1/chat/completions "HTTP/1.1 200 OK"
2026-08-12 12:51:35,553 [INFO] Progress: [3/20] | Done: 3 | Skipped: 0 | Failed: 0 | RPM: 5.7 | Avg Lat: 10.59s | 429 Hits: 0 | ETA: 3m 0s
2026-08-12 12:51:43,087 [INFO] HTTP Request: POST http://localhost:11434/v1/chat/completions "HTTP/1.1 200 OK"
2026-08-12 12:51:43,091 [INFO] Progress: [4/20] | Done: 4 | Skipped: 0 | Failed: 0 | RPM: 6.1 | Avg Lat: 9.83s | 429 Hits: 0 | ETA: 2m 37s
2026-08-12 12:51:52,703 [INFO] HTTP Request: POST http://localhost:11434/v1/chat/completions "HTTP/1.1 200 OK"
2026-08-12 12:51:52,707 [INFO] Progress: [5/20] | Done: 5 | Skipped: 0 | Failed: 0 | RPM: 6.1 | Avg Lat: 9.79s | 429 Hits: 0 | ETA: 2m 26s
2026-08-12 12:52:00,832 [INFO] HTTP Request: POST http://localhost:11434/v1/chat/completions "HTTP/1.1 200 OK"
2026-08-12 12:52:00,836 [INFO] Progress: [6/20] | Done: 6 | Skipped: 0 | Failed: 0 | RPM: 6.3 | Avg Lat: 9.51s | 429 Hits: 0 | ETA: 2m 13s
2026-08-12 12:52:08,545 [INFO] HTTP Request: POST http://localhost:11434/v1/chat/completions "HTTP/1.1 200 OK"
2026-08-12 12:52:08,550 [INFO] Progress: [7/20] | Done: 7 | Skipped: 0 | Failed: 0 | RPM: 6.5 | Avg Lat: 9.25s | 429 Hits: 0 | ETA: 2m 0s
2026-08-12 12:52:17,335 [INFO] HTTP Request: POST http://localhost:11434/v1/chat/completions "HTTP/1.1 200 OK"
2026-08-12 12:52:17,339 [INFO] Progress: [8/20] | Done: 8 | Skipped: 0 | Failed: 0 | RPM: 6.5 | Avg Lat: 9.19s | 429 Hits: 0 | ETA: 1m 50s
2026-08-12 12:52:25,190 [INFO] HTTP Request: POST http://localhost:11434/v1/chat/completions "HTTP/1.1 200 OK"
2026-08-12 12:52:25,194 [INFO] Progress: [9/20] | Done: 9 | Skipped: 0 | Failed: 0 | RPM: 6.6 | Avg Lat: 9.04s | 429 Hits: 0 | ETA: 1m 39s
2026-08-12 12:52:33,422 [INFO] HTTP Request: POST http://localhost:11434/v1/chat/completions "HTTP/1.1 200 OK"
2026-08-12 12:52:33,425 [INFO] Progress: [10/20] | Done: 10 | Skipped: 0 | Failed: 0 | RPM: 6.7 | Avg Lat: 8.96s | 429 Hits: 0 | ETA: 1m 29s
2026-08-12 12:52:41,417 [INFO] HTTP Request: POST http://localhost:11434/v1/chat/completions "HTTP/1.1 200 OK"
2026-08-12 12:52:41,422 [INFO] Progress: [11/20] | Done: 11 | Skipped: 0 | Failed: 0 | RPM: 6.8 | Avg Lat: 8.87s | 429 Hits: 0 | ETA: 1m 19s
2026-08-12 12:52:49,211 [INFO] HTTP Request: POST http://localhost:11434/v1/chat/completions "HTTP/1.1 200 OK"
2026-08-12 12:52:49,215 [INFO] Progress: [12/20] | Done: 12 | Skipped: 0 | Failed: 0 | RPM: 6.8 | Avg Lat: 8.78s | 429 Hits: 0 | ETA: 1m 10s
2026-08-12 12:52:56,999 [INFO] HTTP Request: POST http://localhost:11434/v1/chat/completions "HTTP/1.1 200 OK"
2026-08-12 12:52:57,004 [INFO] Progress: [13/20] | Done: 13 | Skipped: 0 | Failed: 0 | RPM: 6.9 | Avg Lat: 8.71s | 429 Hits: 0 | ETA: 1m 0s
2026-08-12 12:53:05,472 [INFO] HTTP Request: POST http://localhost:11434/v1/chat/completions "HTTP/1.1 200 OK"
2026-08-12 12:53:05,475 [INFO] Progress: [14/20] | Done: 14 | Skipped: 0 | Failed: 0 | RPM: 6.9 | Avg Lat: 8.69s | 429 Hits: 0 | ETA: 0m 52s
2026-08-12 12:53:13,425 [INFO] HTTP Request: POST http://localhost:11434/v1/chat/completions "HTTP/1.1 200 OK"
2026-08-12 12:53:13,428 [INFO] Progress: [15/20] | Done: 15 | Skipped: 0 | Failed: 0 | RPM: 6.9 | Avg Lat: 8.64s | 429 Hits: 0 | ETA: 0m 43s
2026-08-12 12:53:20,941 [INFO] HTTP Request: POST http://localhost:11434/v1/chat/completions "HTTP/1.1 200 OK"
2026-08-12 12:53:20,944 [INFO] Progress: [16/20] | Done: 16 | Skipped: 0 | Failed: 0 | RPM: 7.0 | Avg Lat: 8.57s | 429 Hits: 0 | ETA: 0m 34s
2026-08-12 12:53:28,963 [INFO] HTTP Request: POST http://localhost:11434/v1/chat/completions "HTTP/1.1 200 OK"
2026-08-12 12:53:28,967 [INFO] Progress: [17/20] | Done: 17 | Skipped: 0 | Failed: 0 | RPM: 7.0 | Avg Lat: 8.54s | 429 Hits: 0 | ETA: 0m 25s
2026-08-12 12:53:36,489 [INFO] HTTP Request: POST http://localhost:11434/v1/chat/completions "HTTP/1.1 200 OK"
2026-08-12 12:53:36,492 [INFO] Progress: [18/20] | Done: 18 | Skipped: 0 | Failed: 0 | RPM: 7.1 | Avg Lat: 8.48s | 429 Hits: 0 | ETA: 0m 16s
2026-08-12 12:53:44,255 [INFO] HTTP Request: POST http://localhost:11434/v1/chat/completions "HTTP/1.1 200 OK"
2026-08-12 12:53:44,259 [INFO] Progress: [19/20] | Done: 19 | Skipped: 0 | Failed: 0 | RPM: 7.1 | Avg Lat: 8.44s | 429 Hits: 0 | ETA: 0m 8s
2026-08-12 12:53:52,056 [INFO] HTTP Request: POST http://localhost:11434/v1/chat/completions "HTTP/1.1 200 OK"
2026-08-12 12:53:52,060 [INFO] Progress: [20/20] | Done: 20 | Skipped: 0 | Failed: 0 | RPM: 7.1 | Avg Lat: 8.41s | 429 Hits: 0 | ETA: 0m 0s
2026-08-12 12:53:52,062 [INFO] 
==========================================
2026-08-12 12:53:52,062 [INFO] Annotation Run Complete for 'qwen2.5vl:3b'!
2026-08-12 12:53:52,062 [INFO] Total Completed: 20 | Skipped: 0 | Failed: 0
2026-08-12 12:53:52,062 [INFO] Cumulative Model Counters: {'provider': 'ollama-qwen2.5vl:3b', 'model_id': 'qwen2.5vl:3b', 'total_requests': 20, 'successful_requests': 20, 'failed_requests': 0, 'rate_limit_hits': 0, 'json_parse_failures': 0, 'average_latency_ms': 8411.6}
2026-08-12 12:53:52,062 [INFO] ==========================================
2026-08-12 12:56:54,368 [INFO] Scanning dataset at 'Sugarcane'...
2026-08-12 12:56:54,503 [INFO] Discovered 6923 total images. Processing range [0:6923] (6923 items).
2026-08-12 12:57:03,009 [INFO] HTTP Request: POST http://localhost:11434/v1/chat/completions "HTTP/1.1 200 OK"
2026-08-12 12:57:03,017 [INFO] Progress: [21/6923] | Done: 1 | Skipped: 20 | Failed: 0 | RPM: 7.0 | Avg Lat: 8.51s | 429 Hits: 0 | ETA: 979m 19s
2026-08-12 12:57:15,202 [INFO] HTTP Request: POST http://localhost:11434/v1/chat/completions "HTTP/1.1 200 OK"
2026-08-12 12:57:15,205 [INFO] Progress: [22/6923] | Done: 2 | Skipped: 20 | Failed: 0 | RPM: 5.8 | Avg Lat: 10.35s | 429 Hits: 0 | ETA: 1190m 28s
2026-08-12 12:57:22,608 [INFO] HTTP Request: POST http://localhost:11434/v1/chat/completions "HTTP/1.1 200 OK"
2026-08-12 12:57:22,612 [INFO] Progress: [23/6923] | Done: 3 | Skipped: 20 | Failed: 0 | RPM: 6.4 | Avg Lat: 9.37s | 429 Hits: 0 | ETA: 1077m 29s
2026-08-12 12:57:30,678 [INFO] HTTP Request: POST http://localhost:11434/v1/chat/completions "HTTP/1.1 200 OK"
2026-08-12 12:57:30,682 [INFO] Progress: [24/6923] | Done: 4 | Skipped: 20 | Failed: 0 | RPM: 6.6 | Avg Lat: 9.04s | 429 Hits: 0 | ETA: 1039m 58s
2026-08-12 12:57:43,082 [INFO] HTTP Request: POST http://localhost:11434/v1/chat/completions "HTTP/1.1 200 OK"
2026-08-12 12:57:43,084 [INFO] Progress: [25/6923] | Done: 5 | Skipped: 20 | Failed: 0 | RPM: 6.2 | Avg Lat: 9.71s | 429 Hits: 0 | ETA: 1117m 1s
2026-08-12 12:57:50,602 [INFO] HTTP Request: POST http://localhost:11434/v1/chat/completions "HTTP/1.1 200 OK"
2026-08-12 12:57:50,605 [INFO] Progress: [26/6923] | Done: 6 | Skipped: 20 | Failed: 0 | RPM: 6.4 | Avg Lat: 9.35s | 429 Hits: 0 | ETA: 1074m 48s
2026-08-12 12:58:03,186 [INFO] HTTP Request: POST http://localhost:11434/v1/chat/completions "HTTP/1.1 200 OK"
2026-08-12 12:58:03,189 [INFO] Progress: [27/6923] | Done: 7 | Skipped: 20 | Failed: 0 | RPM: 6.1 | Avg Lat: 9.81s | 429 Hits: 0 | ETA: 1127m 45s
2026-08-12 12:58:10,677 [INFO] HTTP Request: POST http://localhost:11434/v1/chat/completions "HTTP/1.1 200 OK"
2026-08-12 12:58:10,681 [INFO] Progress: [28/6923] | Done: 8 | Skipped: 20 | Failed: 0 | RPM: 6.3 | Avg Lat: 9.52s | 429 Hits: 0 | ETA: 1094m 14s
2026-08-12 12:58:17,936 [INFO] HTTP Request: POST http://localhost:11434/v1/chat/completions "HTTP/1.1 200 OK"
2026-08-12 12:58:17,939 [INFO] Progress: [29/6923] | Done: 9 | Skipped: 20 | Failed: 0 | RPM: 6.5 | Avg Lat: 9.27s | 429 Hits: 0 | ETA: 1065m 11s
2026-08-12 12:58:25,516 [INFO] HTTP Request: POST http://localhost:11434/v1/chat/completions "HTTP/1.1 200 OK"
2026-08-12 12:58:25,520 [INFO] Progress: [30/6923] | Done: 10 | Skipped: 20 | Failed: 0 | RPM: 6.6 | Avg Lat: 9.10s | 429 Hits: 0 | ETA: 1045m 37s
2026-08-12 12:58:34,504 [INFO] HTTP Request: POST http://localhost:11434/v1/chat/completions "HTTP/1.1 200 OK"
2026-08-12 12:58:34,508 [INFO] Progress: [31/6923] | Done: 11 | Skipped: 20 | Failed: 0 | RPM: 6.6 | Avg Lat: 9.09s | 429 Hits: 0 | ETA: 1044m 16s
2026-08-12 12:58:41,969 [INFO] HTTP Request: POST http://localhost:11434/v1/chat/completions "HTTP/1.1 200 OK"
2026-08-12 12:58:41,973 [INFO] Progress: [32/6923] | Done: 12 | Skipped: 20 | Failed: 0 | RPM: 6.7 | Avg Lat: 8.95s | 429 Hits: 0 | ETA: 1028m 34s
2026-08-12 12:58:48,984 [INFO] HTTP Request: POST http://localhost:11434/v1/chat/completions "HTTP/1.1 200 OK"
2026-08-12 12:58:48,988 [INFO] Progress: [33/6923] | Done: 13 | Skipped: 20 | Failed: 0 | RPM: 6.8 | Avg Lat: 8.80s | 429 Hits: 0 | ETA: 1011m 16s
2026-08-12 12:58:56,550 [INFO] HTTP Request: POST http://localhost:11434/v1/chat/completions "HTTP/1.1 200 OK"
2026-08-12 12:58:56,555 [INFO] Progress: [34/6923] | Done: 14 | Skipped: 20 | Failed: 0 | RPM: 6.9 | Avg Lat: 8.71s | 429 Hits: 0 | ETA: 1000m 57s
2026-08-12 12:59:07,597 [INFO] HTTP Request: POST http://localhost:11434/v1/chat/completions "HTTP/1.1 200 OK"
2026-08-12 12:59:07,601 [INFO] Progress: [35/6923] | Done: 15 | Skipped: 20 | Failed: 0 | RPM: 6.8 | Avg Lat: 8.87s | 429 Hits: 0 | ETA: 1018m 38s
2026-08-12 12:59:15,331 [INFO] HTTP Request: POST http://localhost:11434/v1/chat/completions "HTTP/1.1 200 OK"
2026-08-12 12:59:15,335 [INFO] Progress: [36/6923] | Done: 16 | Skipped: 20 | Failed: 0 | RPM: 6.8 | Avg Lat: 8.80s | 429 Hits: 0 | ETA: 1010m 19s
2026-08-12 12:59:22,775 [INFO] HTTP Request: POST http://localhost:11434/v1/chat/completions "HTTP/1.1 200 OK"
2026-08-12 12:59:22,778 [INFO] Progress: [37/6923] | Done: 17 | Skipped: 20 | Failed: 0 | RPM: 6.9 | Avg Lat: 8.72s | 429 Hits: 0 | ETA: 1000m 59s
2026-08-12 12:59:32,649 [INFO] HTTP Request: POST http://localhost:11434/v1/chat/completions "HTTP/1.1 200 OK"
2026-08-12 12:59:32,653 [INFO] Progress: [38/6923] | Done: 18 | Skipped: 20 | Failed: 0 | RPM: 6.8 | Avg Lat: 8.78s | 429 Hits: 0 | ETA: 1008m 11s
2026-08-12 12:59:43,205 [INFO] HTTP Request: POST http://localhost:11434/v1/chat/completions "HTTP/1.1 200 OK"
2026-08-12 12:59:43,208 [INFO] Progress: [39/6923] | Done: 19 | Skipped: 20 | Failed: 0 | RPM: 6.8 | Avg Lat: 8.88s | 429 Hits: 0 | ETA: 1018m 44s
2026-08-12 12:59:51,092 [INFO] HTTP Request: POST http://localhost:11434/v1/chat/completions "HTTP/1.1 200 OK"
2026-08-12 12:59:51,095 [INFO] Progress: [40/6923] | Done: 20 | Skipped: 20 | Failed: 0 | RPM: 6.8 | Avg Lat: 8.83s | 429 Hits: 0 | ETA: 1012m 53s
2026-08-12 12:59:58,597 [INFO] HTTP Request: POST http://localhost:11434/v1/chat/completions "HTTP/1.1 200 OK"
2026-08-12 12:59:58,601 [INFO] Progress: [41/6923] | Done: 21 | Skipped: 20 | Failed: 0 | RPM: 6.8 | Avg Lat: 8.76s | 429 Hits: 0 | ETA: 1005m 31s
2026-08-12 13:00:06,268 [INFO] HTTP Request: POST http://localhost:11434/v1/chat/completions "HTTP/1.1 200 OK"
2026-08-12 13:00:06,272 [INFO] Progress: [42/6923] | Done: 22 | Skipped: 20 | Failed: 0 | RPM: 6.9 | Avg Lat: 8.71s | 429 Hits: 0 | ETA: 999m 39s
2026-08-12 13:00:16,292 [INFO] HTTP Request: POST http://localhost:11434/v1/chat/completions "HTTP/1.1 200 OK"
2026-08-12 13:00:16,296 [INFO] Progress: [43/6923] | Done: 23 | Skipped: 20 | Failed: 0 | RPM: 6.8 | Avg Lat: 8.77s | 429 Hits: 0 | ETA: 1006m 2s
2026-08-12 13:00:24,030 [INFO] HTTP Request: POST http://localhost:11434/v1/chat/completions "HTTP/1.1 200 OK"
2026-08-12 13:00:24,033 [INFO] Progress: [44/6923] | Done: 24 | Skipped: 20 | Failed: 0 | RPM: 6.9 | Avg Lat: 8.73s | 429 Hits: 0 | ETA: 1000m 56s
2026-08-12 13:00:31,730 [INFO] HTTP Request: POST http://localhost:11434/v1/chat/completions "HTTP/1.1 200 OK"
2026-08-12 13:00:31,733 [INFO] Progress: [45/6923] | Done: 25 | Skipped: 20 | Failed: 0 | RPM: 6.9 | Avg Lat: 8.69s | 429 Hits: 0 | ETA: 996m 4s
2026-08-12 13:00:42,202 [INFO] HTTP Request: POST http://localhost:11434/v1/chat/completions "HTTP/1.1 200 OK"
2026-08-12 13:00:42,206 [INFO] Progress: [46/6923] | Done: 26 | Skipped: 20 | Failed: 0 | RPM: 6.9 | Avg Lat: 8.75s | 429 Hits: 0 | ETA: 1003m 47s
2026-08-12 13:00:49,726 [INFO] HTTP Request: POST http://localhost:11434/v1/chat/completions "HTTP/1.1 200 OK"
2026-08-12 13:00:49,730 [INFO] Progress: [47/6923] | Done: 27 | Skipped: 20 | Failed: 0 | RPM: 6.9 | Avg Lat: 8.71s | 429 Hits: 0 | ETA: 998m 24s
2026-08-12 13:00:57,886 [INFO] HTTP Request: POST http://localhost:11434/v1/chat/completions "HTTP/1.1 200 OK"
2026-08-12 13:00:57,890 [INFO] Progress: [48/6923] | Done: 28 | Skipped: 20 | Failed: 0 | RPM: 6.9 | Avg Lat: 8.69s | 429 Hits: 0 | ETA: 996m 0s
2026-08-12 13:01:05,000 [INFO] HTTP Request: POST http://localhost:11434/v1/chat/completions "HTTP/1.1 200 OK"
2026-08-12 13:01:05,005 [INFO] Progress: [49/6923] | Done: 29 | Skipped: 20 | Failed: 0 | RPM: 6.9 | Avg Lat: 8.63s | 429 Hits: 0 | ETA: 989m 37s
2026-08-12 13:01:12,877 [INFO] HTTP Request: POST http://localhost:11434/v1/chat/completions "HTTP/1.1 200 OK"
2026-08-12 13:01:12,881 [INFO] Progress: [50/6923] | Done: 30 | Skipped: 20 | Failed: 0 | RPM: 7.0 | Avg Lat: 8.61s | 429 Hits: 0 | ETA: 986m 34s
2026-08-12 13:01:22,452 [INFO] HTTP Request: POST http://localhost:11434/v1/chat/completions "HTTP/1.1 200 OK"
2026-08-12 13:01:22,457 [INFO] Progress: [51/6923] | Done: 31 | Skipped: 20 | Failed: 0 | RPM: 6.9 | Avg Lat: 8.64s | 429 Hits: 0 | ETA: 989m 59s
2026-08-12 13:01:30,449 [INFO] HTTP Request: POST http://localhost:11434/v1/chat/completions "HTTP/1.1 200 OK"
2026-08-12 13:01:30,453 [INFO] Progress: [52/6923] | Done: 32 | Skipped: 20 | Failed: 0 | RPM: 7.0 | Avg Lat: 8.62s | 429 Hits: 0 | ETA: 987m 31s
2026-08-12 13:01:38,245 [INFO] HTTP Request: POST http://localhost:11434/v1/chat/completions "HTTP/1.1 200 OK"
2026-08-12 13:01:38,249 [INFO] Progress: [53/6923] | Done: 33 | Skipped: 20 | Failed: 0 | RPM: 7.0 | Avg Lat: 8.60s | 429 Hits: 0 | ETA: 984m 30s
2026-08-12 13:01:48,064 [INFO] HTTP Request: POST http://localhost:11434/v1/chat/completions "HTTP/1.1 200 OK"
2026-08-12 13:01:48,068 [INFO] Progress: [54/6923] | Done: 34 | Skipped: 20 | Failed: 0 | RPM: 6.9 | Avg Lat: 8.63s | 429 Hits: 0 | ETA: 988m 28s
2026-08-12 13:01:55,703 [INFO] HTTP Request: POST http://localhost:11434/v1/chat/completions "HTTP/1.1 200 OK"
2026-08-12 13:01:55,708 [INFO] Progress: [55/6923] | Done: 35 | Skipped: 20 | Failed: 0 | RPM: 7.0 | Avg Lat: 8.60s | 429 Hits: 0 | ETA: 985m 4s
2026-08-12 13:02:04,598 [INFO] HTTP Request: POST http://localhost:11434/v1/chat/completions "HTTP/1.1 200 OK"
2026-08-12 13:02:04,601 [INFO] Progress: [56/6923] | Done: 36 | Skipped: 20 | Failed: 0 | RPM: 7.0 | Avg Lat: 8.61s | 429 Hits: 0 | ETA: 985m 51s
2026-08-12 13:02:12,406 [INFO] HTTP Request: POST http://localhost:11434/v1/chat/completions "HTTP/1.1 200 OK"
2026-08-12 13:02:12,410 [INFO] Progress: [57/6923] | Done: 37 | Skipped: 20 | Failed: 0 | RPM: 7.0 | Avg Lat: 8.59s | 429 Hits: 0 | ETA: 983m 13s
2026-08-12 13:02:20,352 [INFO] HTTP Request: POST http://localhost:11434/v1/chat/completions "HTTP/1.1 200 OK"
2026-08-12 13:02:20,357 [INFO] Progress: [58/6923] | Done: 38 | Skipped: 20 | Failed: 0 | RPM: 7.0 | Avg Lat: 8.57s | 429 Hits: 0 | ETA: 981m 7s
2026-08-12 13:02:28,089 [INFO] HTTP Request: POST http://localhost:11434/v1/chat/completions "HTTP/1.1 200 OK"
2026-08-12 13:02:28,093 [INFO] Progress: [59/6923] | Done: 39 | Skipped: 20 | Failed: 0 | RPM: 7.0 | Avg Lat: 8.55s | 429 Hits: 0 | ETA: 978m 31s
2026-08-12 13:02:35,875 [INFO] HTTP Request: POST http://localhost:11434/v1/chat/completions "HTTP/1.1 200 OK"
2026-08-12 13:02:35,880 [INFO] Progress: [60/6923] | Done: 40 | Skipped: 20 | Failed: 0 | RPM: 7.0 | Avg Lat: 8.53s | 429 Hits: 0 | ETA: 976m 11s
2026-08-12 13:02:43,704 [INFO] HTTP Request: POST http://localhost:11434/v1/chat/completions "HTTP/1.1 200 OK"
2026-08-12 13:02:43,708 [INFO] Progress: [61/6923] | Done: 41 | Skipped: 20 | Failed: 0 | RPM: 7.0 | Avg Lat: 8.51s | 429 Hits: 0 | ETA: 974m 4s
2026-08-12 13:02:51,836 [INFO] HTTP Request: POST http://localhost:11434/v1/chat/completions "HTTP/1.1 200 OK"
2026-08-12 13:02:51,840 [INFO] Progress: [62/6923] | Done: 42 | Skipped: 20 | Failed: 0 | RPM: 7.1 | Avg Lat: 8.50s | 429 Hits: 0 | ETA: 972m 53s
2026-08-12 13:03:03,323 [INFO] HTTP Request: POST http://localhost:11434/v1/chat/completions "HTTP/1.1 200 OK"
2026-08-12 13:03:03,328 [INFO] Progress: [63/6923] | Done: 43 | Skipped: 20 | Failed: 0 | RPM: 7.0 | Avg Lat: 8.57s | 429 Hits: 0 | ETA: 980m 40s
2026-08-12 13:03:10,897 [INFO] HTTP Request: POST http://localhost:11434/v1/chat/completions "HTTP/1.1 200 OK"
2026-08-12 13:03:10,900 [INFO] Progress: [64/6923] | Done: 44 | Skipped: 20 | Failed: 0 | RPM: 7.0 | Avg Lat: 8.55s | 429 Hits: 0 | ETA: 977m 54s
2026-08-12 13:03:19,162 [INFO] HTTP Request: POST http://localhost:11434/v1/chat/completions "HTTP/1.1 200 OK"
2026-08-12 13:03:19,166 [INFO] Progress: [65/6923] | Done: 45 | Skipped: 20 | Failed: 0 | RPM: 7.0 | Avg Lat: 8.54s | 429 Hits: 0 | ETA: 977m 2s
2026-08-12 13:03:26,613 [INFO] HTTP Request: POST http://localhost:11434/v1/chat/completions "HTTP/1.1 200 OK"
2026-08-12 13:03:26,617 [INFO] Progress: [66/6923] | Done: 46 | Skipped: 20 | Failed: 0 | RPM: 7.0 | Avg Lat: 8.52s | 429 Hits: 0 | ETA: 974m 10s
2026-08-12 13:03:34,903 [INFO] HTTP Request: POST http://localhost:11434/v1/chat/completions "HTTP/1.1 200 OK"
2026-08-12 13:03:34,907 [INFO] Progress: [67/6923] | Done: 47 | Skipped: 20 | Failed: 0 | RPM: 7.0 | Avg Lat: 8.52s | 429 Hits: 0 | ETA: 973m 27s
2026-08-12 13:03:42,771 [INFO] HTTP Request: POST http://localhost:11434/v1/chat/completions "HTTP/1.1 200 OK"
2026-08-12 13:03:42,775 [INFO] Progress: [68/6923] | Done: 48 | Skipped: 20 | Failed: 0 | RPM: 7.1 | Avg Lat: 8.50s | 429 Hits: 0 | ETA: 971m 46s
2026-08-12 13:03:50,826 [INFO] HTTP Request: POST http://localhost:11434/v1/chat/completions "HTTP/1.1 200 OK"
2026-08-12 13:03:50,830 [INFO] Progress: [69/6923] | Done: 49 | Skipped: 20 | Failed: 0 | RPM: 7.1 | Avg Lat: 8.49s | 429 Hits: 0 | ETA: 970m 34s
2026-08-12 13:03:58,483 [INFO] HTTP Request: POST http://localhost:11434/v1/chat/completions "HTTP/1.1 200 OK"
2026-08-12 13:03:58,487 [INFO] Progress: [70/6923] | Done: 50 | Skipped: 20 | Failed: 0 | RPM: 7.1 | Avg Lat: 8.48s | 429 Hits: 0 | ETA: 968m 31s
2026-08-12 13:04:06,127 [INFO] HTTP Request: POST http://localhost:11434/v1/chat/completions "HTTP/1.1 200 OK"
2026-08-12 13:04:06,131 [INFO] Progress: [71/6923] | Done: 51 | Skipped: 20 | Failed: 0 | RPM: 7.1 | Avg Lat: 8.46s | 429 Hits: 0 | ETA: 966m 30s
2026-08-12 13:04:14,196 [INFO] HTTP Request: POST http://localhost:11434/v1/chat/completions "HTTP/1.1 200 OK"
2026-08-12 13:04:14,199 [INFO] Progress: [72/6923] | Done: 52 | Skipped: 20 | Failed: 0 | RPM: 7.1 | Avg Lat: 8.45s | 429 Hits: 0 | ETA: 965m 29s
2026-08-12 13:04:22,685 [INFO] HTTP Request: POST http://localhost:11434/v1/chat/completions "HTTP/1.1 200 OK"
2026-08-12 13:04:22,689 [INFO] Progress: [73/6923] | Done: 53 | Skipped: 20 | Failed: 0 | RPM: 7.1 | Avg Lat: 8.45s | 429 Hits: 0 | ETA: 965m 25s
2026-08-12 13:04:30,662 [INFO] HTTP Request: POST http://localhost:11434/v1/chat/completions "HTTP/1.1 200 OK"
2026-08-12 13:04:30,666 [INFO] Progress: [74/6923] | Done: 54 | Skipped: 20 | Failed: 0 | RPM: 7.1 | Avg Lat: 8.44s | 429 Hits: 0 | ETA: 964m 16s
2026-08-12 13:04:38,332 [INFO] HTTP Request: POST http://localhost:11434/v1/chat/completions "HTTP/1.1 200 OK"
2026-08-12 13:04:38,335 [INFO] Progress: [75/6923] | Done: 55 | Skipped: 20 | Failed: 0 | RPM: 7.1 | Avg Lat: 8.43s | 429 Hits: 0 | ETA: 962m 31s
2026-08-12 13:04:46,370 [INFO] HTTP Request: POST http://localhost:11434/v1/chat/completions "HTTP/1.1 200 OK"
2026-08-12 13:04:46,374 [INFO] Progress: [76/6923] | Done: 56 | Skipped: 20 | Failed: 0 | RPM: 7.1 | Avg Lat: 8.42s | 429 Hits: 0 | ETA: 961m 34s
2026-08-12 13:04:54,102 [INFO] HTTP Request: POST http://localhost:11434/v1/chat/completions "HTTP/1.1 200 OK"
2026-08-12 13:04:54,106 [INFO] Progress: [77/6923] | Done: 57 | Skipped: 20 | Failed: 0 | RPM: 7.1 | Avg Lat: 8.41s | 429 Hits: 0 | ETA: 960m 2s
2026-08-12 13:05:02,214 [INFO] HTTP Request: POST http://localhost:11434/v1/chat/completions "HTTP/1.1 200 OK"
2026-08-12 13:05:02,217 [INFO] Progress: [78/6923] | Done: 58 | Skipped: 20 | Failed: 0 | RPM: 7.1 | Avg Lat: 8.41s | 429 Hits: 0 | ETA: 959m 18s
2026-08-12 13:05:10,099 [INFO] HTTP Request: POST http://localhost:11434/v1/chat/completions "HTTP/1.1 200 OK"
2026-08-12 13:05:10,102 [INFO] Progress: [79/6923] | Done: 59 | Skipped: 20 | Failed: 0 | RPM: 7.1 | Avg Lat: 8.40s | 429 Hits: 0 | ETA: 958m 9s
2026-08-12 13:05:17,471 [INFO] HTTP Request: POST http://localhost:11434/v1/chat/completions "HTTP/1.1 200 OK"
2026-08-12 13:05:17,476 [INFO] Progress: [80/6923] | Done: 60 | Skipped: 20 | Failed: 0 | RPM: 7.2 | Avg Lat: 8.38s | 429 Hits: 0 | ETA: 956m 3s
2026-08-12 13:05:25,142 [INFO] HTTP Request: POST http://localhost:11434/v1/chat/completions "HTTP/1.1 200 OK"
2026-08-12 13:05:25,147 [INFO] Progress: [81/6923] | Done: 61 | Skipped: 20 | Failed: 0 | RPM: 7.2 | Avg Lat: 8.37s | 429 Hits: 0 | ETA: 954m 35s
2026-08-12 13:05:32,916 [INFO] HTTP Request: POST http://localhost:11434/v1/chat/completions "HTTP/1.1 200 OK"
2026-08-12 13:05:32,919 [INFO] Progress: [82/6923] | Done: 62 | Skipped: 20 | Failed: 0 | RPM: 7.2 | Avg Lat: 8.36s | 429 Hits: 0 | ETA: 953m 21s
2026-08-12 13:05:40,861 [INFO] HTTP Request: POST http://localhost:11434/v1/chat/completions "HTTP/1.1 200 OK"
2026-08-12 13:05:40,866 [INFO] Progress: [83/6923] | Done: 63 | Skipped: 20 | Failed: 0 | RPM: 7.2 | Avg Lat: 8.35s | 429 Hits: 0 | ETA: 952m 27s
2026-08-12 13:05:48,514 [INFO] HTTP Request: POST http://localhost:11434/v1/chat/completions "HTTP/1.1 200 OK"
2026-08-12 13:05:48,517 [INFO] Progress: [84/6923] | Done: 64 | Skipped: 20 | Failed: 0 | RPM: 7.2 | Avg Lat: 8.34s | 429 Hits: 0 | ETA: 951m 4s
2026-08-12 13:05:55,785 [INFO] HTTP Request: POST http://localhost:11434/v1/chat/completions "HTTP/1.1 200 OK"
2026-08-12 13:05:55,789 [INFO] Progress: [85/6923] | Done: 65 | Skipped: 20 | Failed: 0 | RPM: 7.2 | Avg Lat: 8.32s | 429 Hits: 0 | ETA: 949m 3s
2026-08-12 13:06:03,764 [INFO] HTTP Request: POST http://localhost:11434/v1/chat/completions "HTTP/1.1 200 OK"
2026-08-12 13:06:03,769 [INFO] Progress: [86/6923] | Done: 66 | Skipped: 20 | Failed: 0 | RPM: 7.2 | Avg Lat: 8.32s | 429 Hits: 0 | ETA: 948m 18s
2026-08-12 13:06:11,626 [INFO] HTTP Request: POST http://localhost:11434/v1/chat/completions "HTTP/1.1 200 OK"
2026-08-12 13:06:11,630 [INFO] Progress: [87/6923] | Done: 67 | Skipped: 20 | Failed: 0 | RPM: 7.2 | Avg Lat: 8.31s | 429 Hits: 0 | ETA: 947m 23s
2026-08-12 13:06:19,698 [INFO] HTTP Request: POST http://localhost:11434/v1/chat/completions "HTTP/1.1 200 OK"
2026-08-12 13:06:19,701 [INFO] Progress: [88/6923] | Done: 68 | Skipped: 20 | Failed: 0 | RPM: 7.2 | Avg Lat: 8.31s | 429 Hits: 0 | ETA: 946m 50s
2026-08-12 13:06:27,212 [INFO] HTTP Request: POST http://localhost:11434/v1/chat/completions "HTTP/1.1 200 OK"
2026-08-12 13:06:27,216 [INFO] Progress: [89/6923] | Done: 69 | Skipped: 20 | Failed: 0 | RPM: 7.2 | Avg Lat: 8.30s | 429 Hits: 0 | ETA: 945m 23s
2026-08-12 13:06:39,343 [INFO] HTTP Request: POST http://localhost:11434/v1/chat/completions "HTTP/1.1 200 OK"
2026-08-12 13:06:39,347 [INFO] Progress: [90/6923] | Done: 70 | Skipped: 20 | Failed: 0 | RPM: 7.2 | Avg Lat: 8.35s | 429 Hits: 0 | ETA: 951m 29s
2026-08-12 13:06:51,283 [INFO] HTTP Request: POST http://localhost:11434/v1/chat/completions "HTTP/1.1 200 OK"
2026-08-12 13:06:51,288 [INFO] Progress: [91/6923] | Done: 71 | Skipped: 20 | Failed: 0 | RPM: 7.1 | Avg Lat: 8.40s | 429 Hits: 0 | ETA: 957m 5s
2026-08-12 13:06:59,215 [INFO] HTTP Request: POST http://localhost:11434/v1/chat/completions "HTTP/1.1 200 OK"
2026-08-12 13:06:59,220 [INFO] Progress: [92/6923] | Done: 72 | Skipped: 20 | Failed: 0 | RPM: 7.1 | Avg Lat: 8.40s | 429 Hits: 0 | ETA: 956m 12s
2026-08-12 13:07:06,796 [INFO] HTTP Request: POST http://localhost:11434/v1/chat/completions "HTTP/1.1 200 OK"
2026-08-12 13:07:06,800 [INFO] Progress: [93/6923] | Done: 73 | Skipped: 20 | Failed: 0 | RPM: 7.2 | Avg Lat: 8.38s | 429 Hits: 0 | ETA: 954m 47s
2026-08-12 13:07:14,395 [INFO] HTTP Request: POST http://localhost:11434/v1/chat/completions "HTTP/1.1 200 OK"
2026-08-12 13:07:14,399 [INFO] Progress: [94/6923] | Done: 74 | Skipped: 20 | Failed: 0 | RPM: 7.2 | Avg Lat: 8.37s | 429 Hits: 0 | ETA: 953m 26s
2026-08-12 13:07:21,930 [INFO] HTTP Request: POST http://localhost:11434/v1/chat/completions "HTTP/1.1 200 OK"
2026-08-12 13:07:21,934 [INFO] Progress: [95/6923] | Done: 75 | Skipped: 20 | Failed: 0 | RPM: 7.2 | Avg Lat: 8.36s | 429 Hits: 0 | ETA: 952m 1s
2026-08-12 13:07:29,418 [INFO] HTTP Request: POST http://localhost:11434/v1/chat/completions "HTTP/1.1 200 OK"
2026-08-12 13:07:29,422 [INFO] Progress: [96/6923] | Done: 76 | Skipped: 20 | Failed: 0 | RPM: 7.2 | Avg Lat: 8.35s | 429 Hits: 0 | ETA: 950m 34s
2026-08-12 13:07:37,029 [INFO] HTTP Request: POST http://localhost:11434/v1/chat/completions "HTTP/1.1 200 OK"
2026-08-12 13:07:37,033 [INFO] Progress: [97/6923] | Done: 77 | Skipped: 20 | Failed: 0 | RPM: 7.2 | Avg Lat: 8.34s | 429 Hits: 0 | ETA: 949m 19s
2026-08-12 13:07:45,120 [INFO] HTTP Request: POST http://localhost:11434/v1/chat/completions "HTTP/1.1 200 OK"
2026-08-12 13:07:45,125 [INFO] Progress: [98/6923] | Done: 78 | Skipped: 20 | Failed: 0 | RPM: 7.2 | Avg Lat: 8.34s | 429 Hits: 0 | ETA: 948m 49s
2026-08-12 13:07:53,157 [INFO] HTTP Request: POST http://localhost:11434/v1/chat/completions "HTTP/1.1 200 OK"
2026-08-12 13:07:53,161 [INFO] Progress: [99/6923] | Done: 79 | Skipped: 20 | Failed: 0 | RPM: 7.2 | Avg Lat: 8.33s | 429 Hits: 0 | ETA: 948m 14s
2026-08-12 13:08:00,676 [INFO] HTTP Request: POST http://localhost:11434/v1/chat/completions "HTTP/1.1 200 OK"
2026-08-12 13:08:00,679 [INFO] Progress: [100/6923] | Done: 80 | Skipped: 20 | Failed: 0 | RPM: 7.2 | Avg Lat: 8.32s | 429 Hits: 0 | ETA: 946m 56s
2026-08-12 13:08:10,230 [INFO] HTTP Request: POST http://localhost:11434/v1/chat/completions "HTTP/1.1 200 OK"
2026-08-12 13:08:10,234 [INFO] Progress: [101/6923] | Done: 81 | Skipped: 20 | Failed: 0 | RPM: 7.2 | Avg Lat: 8.34s | 429 Hits: 0 | ETA: 948m 31s
2026-08-12 13:08:21,188 [INFO] HTTP Request: POST http://localhost:11434/v1/chat/completions "HTTP/1.1 200 OK"
2026-08-12 13:08:21,193 [INFO] Progress: [102/6923] | Done: 82 | Skipped: 20 | Failed: 0 | RPM: 7.2 | Avg Lat: 8.37s | 429 Hits: 0 | ETA: 952m 0s
2026-08-12 13:08:30,914 [INFO] HTTP Request: POST http://localhost:11434/v1/chat/completions "HTTP/1.1 200 OK"
2026-08-12 13:08:30,922 [INFO] Progress: [103/6923] | Done: 83 | Skipped: 20 | Failed: 0 | RPM: 7.2 | Avg Lat: 8.39s | 429 Hits: 0 | ETA: 953m 43s
2026-08-12 13:08:38,704 [INFO] HTTP Request: POST http://localhost:11434/v1/chat/completions "HTTP/1.1 200 OK"
2026-08-12 13:08:38,709 [INFO] Progress: [104/6923] | Done: 84 | Skipped: 20 | Failed: 0 | RPM: 7.2 | Avg Lat: 8.38s | 429 Hits: 0 | ETA: 952m 46s
2026-08-12 13:08:46,384 [INFO] HTTP Request: POST http://localhost:11434/v1/chat/completions "HTTP/1.1 200 OK"
2026-08-12 13:08:46,388 [INFO] Progress: [105/6923] | Done: 85 | Skipped: 20 | Failed: 0 | RPM: 7.2 | Avg Lat: 8.37s | 429 Hits: 0 | ETA: 951m 41s
2026-08-12 13:08:54,315 [INFO] HTTP Request: POST http://localhost:11434/v1/chat/completions "HTTP/1.1 200 OK"
2026-08-12 13:08:54,319 [INFO] Progress: [106/6923] | Done: 86 | Skipped: 20 | Failed: 0 | RPM: 7.2 | Avg Lat: 8.37s | 429 Hits: 0 | ETA: 950m 57s
2026-08-12 13:09:01,938 [INFO] HTTP Request: POST http://localhost:11434/v1/chat/completions "HTTP/1.1 200 OK"
2026-08-12 13:09:01,947 [INFO] Progress: [107/6923] | Done: 87 | Skipped: 20 | Failed: 0 | RPM: 7.2 | Avg Lat: 8.36s | 429 Hits: 0 | ETA: 949m 51s
2026-08-12 13:09:09,453 [INFO] HTTP Request: POST http://localhost:11434/v1/chat/completions "HTTP/1.1 200 OK"
2026-08-12 13:09:09,457 [INFO] Progress: [108/6923] | Done: 88 | Skipped: 20 | Failed: 0 | RPM: 7.2 | Avg Lat: 8.35s | 429 Hits: 0 | ETA: 948m 37s
2026-08-12 13:09:17,397 [INFO] HTTP Request: POST http://localhost:11434/v1/chat/completions "HTTP/1.1 200 OK"
2026-08-12 13:09:17,401 [INFO] Progress: [109/6923] | Done: 89 | Skipped: 20 | Failed: 0 | RPM: 7.2 | Avg Lat: 8.34s | 429 Hits: 0 | ETA: 947m 57s
2026-08-12 13:09:28,139 [INFO] HTTP Request: POST http://localhost:11434/v1/chat/completions "HTTP/1.1 200 OK"
2026-08-12 13:09:28,147 [INFO] Progress: [110/6923] | Done: 90 | Skipped: 20 | Failed: 0 | RPM: 7.2 | Avg Lat: 8.37s | 429 Hits: 0 | ETA: 950m 50s
2026-08-12 13:09:35,725 [INFO] HTTP Request: POST http://localhost:11434/v1/chat/completions "HTTP/1.1 200 OK"
2026-08-12 13:09:35,729 [INFO] Progress: [111/6923] | Done: 91 | Skipped: 20 | Failed: 0 | RPM: 7.2 | Avg Lat: 8.36s | 429 Hits: 0 | ETA: 949m 43s
2026-08-12 13:09:43,894 [INFO] HTTP Request: POST http://localhost:11434/v1/chat/completions "HTTP/1.1 200 OK"
2026-08-12 13:09:43,898 [INFO] Progress: [112/6923] | Done: 92 | Skipped: 20 | Failed: 0 | RPM: 7.2 | Avg Lat: 8.36s | 429 Hits: 0 | ETA: 949m 20s
2026-08-12 13:09:51,767 [INFO] HTTP Request: POST http://localhost:11434/v1/chat/completions "HTTP/1.1 200 OK"
2026-08-12 13:09:51,772 [INFO] Progress: [113/6923] | Done: 93 | Skipped: 20 | Failed: 0 | RPM: 7.2 | Avg Lat: 8.35s | 429 Hits: 0 | ETA: 948m 36s
2026-08-12 13:09:59,675 [INFO] HTTP Request: POST http://localhost:11434/v1/chat/completions "HTTP/1.1 200 OK"
2026-08-12 13:09:59,680 [INFO] Progress: [114/6923] | Done: 94 | Skipped: 20 | Failed: 0 | RPM: 7.2 | Avg Lat: 8.35s | 429 Hits: 0 | ETA: 947m 55s
2026-08-12 13:10:07,358 [INFO] HTTP Request: POST http://localhost:11434/v1/chat/completions "HTTP/1.1 200 OK"
2026-08-12 13:10:07,363 [INFO] Progress: [115/6923] | Done: 95 | Skipped: 20 | Failed: 0 | RPM: 7.2 | Avg Lat: 8.34s | 429 Hits: 0 | ETA: 946m 58s
2026-08-12 13:10:15,262 [INFO] HTTP Request: POST http://localhost:11434/v1/chat/completions "HTTP/1.1 200 OK"
2026-08-12 13:10:15,273 [INFO] Progress: [116/6923] | Done: 96 | Skipped: 20 | Failed: 0 | RPM: 7.2 | Avg Lat: 8.34s | 429 Hits: 0 | ETA: 946m 19s
2026-08-12 13:10:23,211 [INFO] HTTP Request: POST http://localhost:11434/v1/chat/completions "HTTP/1.1 200 OK"
2026-08-12 13:10:23,221 [INFO] Progress: [117/6923] | Done: 97 | Skipped: 20 | Failed: 0 | RPM: 7.2 | Avg Lat: 8.33s | 429 Hits: 0 | ETA: 945m 43s
2026-08-12 13:10:31,014 [INFO] HTTP Request: POST http://localhost:11434/v1/chat/completions "HTTP/1.1 200 OK"
2026-08-12 13:10:31,017 [INFO] Progress: [118/6923] | Done: 98 | Skipped: 20 | Failed: 0 | RPM: 7.2 | Avg Lat: 8.33s | 429 Hits: 0 | ETA: 944m 57s
2026-08-12 13:10:38,594 [INFO] HTTP Request: POST http://localhost:11434/v1/chat/completions "HTTP/1.1 200 OK"
2026-08-12 13:10:38,598 [INFO] Progress: [119/6923] | Done: 99 | Skipped: 20 | Failed: 0 | RPM: 7.2 | Avg Lat: 8.32s | 429 Hits: 0 | ETA: 943m 57s
2026-08-12 13:10:46,179 [INFO] HTTP Request: POST http://localhost:11434/v1/chat/completions "HTTP/1.1 200 OK"
2026-08-12 13:10:46,183 [INFO] Progress: [120/6923] | Done: 100 | Skipped: 20 | Failed: 0 | RPM: 7.2 | Avg Lat: 8.31s | 429 Hits: 0 | ETA: 942m 59s
2026-08-12 13:10:53,918 [INFO] HTTP Request: POST http://localhost:11434/v1/chat/completions "HTTP/1.1 200 OK"
2026-08-12 13:10:53,920 [INFO] Progress: [121/6923] | Done: 101 | Skipped: 20 | Failed: 0 | RPM: 7.2 | Avg Lat: 8.31s | 429 Hits: 0 | ETA: 942m 11s
2026-08-12 13:11:01,550 [INFO] HTTP Request: POST http://localhost:11434/v1/chat/completions "HTTP/1.1 200 OK"
2026-08-12 13:11:01,555 [INFO] Progress: [122/6923] | Done: 102 | Skipped: 20 | Failed: 0 | RPM: 7.2 | Avg Lat: 8.30s | 429 Hits: 0 | ETA: 941m 18s
2026-08-12 13:11:09,409 [INFO] HTTP Request: POST http://localhost:11434/v1/chat/completions "HTTP/1.1 200 OK"
2026-08-12 13:11:09,414 [INFO] Progress: [123/6923] | Done: 103 | Skipped: 20 | Failed: 0 | RPM: 7.2 | Avg Lat: 8.30s | 429 Hits: 0 | ETA: 940m 40s
2026-08-12 13:11:18,776 [INFO] HTTP Request: POST http://localhost:11434/v1/chat/completions "HTTP/1.1 200 OK"
2026-08-12 13:11:18,780 [INFO] Progress: [124/6923] | Done: 104 | Skipped: 20 | Failed: 0 | RPM: 7.2 | Avg Lat: 8.31s | 429 Hits: 0 | ETA: 941m 42s
2026-08-12 13:11:26,635 [INFO] HTTP Request: POST http://localhost:11434/v1/chat/completions "HTTP/1.1 200 OK"
2026-08-12 13:11:26,639 [INFO] Progress: [125/6923] | Done: 105 | Skipped: 20 | Failed: 0 | RPM: 7.2 | Avg Lat: 8.30s | 429 Hits: 0 | ETA: 941m 4s
2026-08-12 13:11:34,062 [INFO] HTTP Request: POST http://localhost:11434/v1/chat/completions "HTTP/1.1 200 OK"
2026-08-12 13:11:34,065 [INFO] Progress: [126/6923] | Done: 106 | Skipped: 20 | Failed: 0 | RPM: 7.2 | Avg Lat: 8.29s | 429 Hits: 0 | ETA: 939m 59s
2026-08-12 13:11:41,970 [INFO] HTTP Request: POST http://localhost:11434/v1/chat/completions "HTTP/1.1 200 OK"
2026-08-12 13:11:41,974 [INFO] Progress: [127/6923] | Done: 107 | Skipped: 20 | Failed: 0 | RPM: 7.2 | Avg Lat: 8.29s | 429 Hits: 0 | ETA: 939m 26s
2026-08-12 13:11:49,663 [INFO] HTTP Request: POST http://localhost:11434/v1/chat/completions "HTTP/1.1 200 OK"
2026-08-12 13:11:49,667 [INFO] Progress: [128/6923] | Done: 108 | Skipped: 20 | Failed: 0 | RPM: 7.2 | Avg Lat: 8.29s | 429 Hits: 0 | ETA: 938m 40s
2026-08-12 13:11:57,816 [INFO] HTTP Request: POST http://localhost:11434/v1/chat/completions "HTTP/1.1 200 OK"
2026-08-12 13:11:57,819 [INFO] Progress: [129/6923] | Done: 109 | Skipped: 20 | Failed: 0 | RPM: 7.2 | Avg Lat: 8.28s | 429 Hits: 0 | ETA: 938m 23s
2026-08-12 13:12:05,547 [INFO] HTTP Request: POST http://localhost:11434/v1/chat/completions "HTTP/1.1 200 OK"
2026-08-12 13:12:05,551 [INFO] Progress: [130/6923] | Done: 110 | Skipped: 20 | Failed: 0 | RPM: 7.2 | Avg Lat: 8.28s | 429 Hits: 0 | ETA: 937m 41s
2026-08-12 13:12:13,320 [INFO] HTTP Request: POST http://localhost:11434/v1/chat/completions "HTTP/1.1 200 OK"
2026-08-12 13:12:13,323 [INFO] Progress: [131/6923] | Done: 111 | Skipped: 20 | Failed: 0 | RPM: 7.2 | Avg Lat: 8.27s | 429 Hits: 0 | ETA: 937m 1s
2026-08-12 13:12:21,151 [INFO] HTTP Request: POST http://localhost:11434/v1/chat/completions "HTTP/1.1 200 OK"
2026-08-12 13:12:21,154 [INFO] Progress: [132/6923] | Done: 112 | Skipped: 20 | Failed: 0 | RPM: 7.3 | Avg Lat: 8.27s | 429 Hits: 0 | ETA: 936m 26s
2026-08-12 13:12:29,737 [INFO] HTTP Request: POST http://localhost:11434/v1/chat/completions "HTTP/1.1 200 OK"
2026-08-12 13:12:29,743 [INFO] Progress: [133/6923] | Done: 113 | Skipped: 20 | Failed: 0 | RPM: 7.2 | Avg Lat: 8.27s | 429 Hits: 0 | ETA: 936m 37s
2026-08-12 13:12:40,039 [INFO] HTTP Request: POST http://localhost:11434/v1/chat/completions "HTTP/1.1 200 OK"
2026-08-12 13:12:40,043 [INFO] Progress: [134/6923] | Done: 114 | Skipped: 20 | Failed: 0 | RPM: 7.2 | Avg Lat: 8.29s | 429 Hits: 0 | ETA: 938m 29s
2026-08-12 13:12:48,035 [INFO] HTTP Request: POST http://localhost:11434/v1/chat/completions "HTTP/1.1 200 OK"
2026-08-12 13:12:48,040 [INFO] Progress: [135/6923] | Done: 115 | Skipped: 20 | Failed: 0 | RPM: 7.2 | Avg Lat: 8.29s | 429 Hits: 0 | ETA: 938m 3s
2026-08-12 13:12:56,151 [INFO] HTTP Request: POST http://localhost:11434/v1/chat/completions "HTTP/1.1 200 OK"
2026-08-12 13:12:56,159 [INFO] Progress: [136/6923] | Done: 116 | Skipped: 20 | Failed: 0 | RPM: 7.2 | Avg Lat: 8.29s | 429 Hits: 0 | ETA: 937m 45s
2026-08-12 13:13:03,624 [INFO] HTTP Request: POST http://localhost:11434/v1/chat/completions "HTTP/1.1 200 OK"
2026-08-12 13:13:03,626 [INFO] Progress: [137/6923] | Done: 117 | Skipped: 20 | Failed: 0 | RPM: 7.2 | Avg Lat: 8.28s | 429 Hits: 0 | ETA: 936m 49s
2026-08-12 13:13:11,482 [INFO] HTTP Request: POST http://localhost:11434/v1/chat/completions "HTTP/1.1 200 OK"
2026-08-12 13:13:11,485 [INFO] Progress: [138/6923] | Done: 118 | Skipped: 20 | Failed: 0 | RPM: 7.2 | Avg Lat: 8.28s | 429 Hits: 0 | ETA: 936m 16s
2026-08-12 13:13:20,013 [INFO] HTTP Request: POST http://localhost:11434/v1/chat/completions "HTTP/1.1 200 OK"
2026-08-12 13:13:20,017 [INFO] Progress: [139/6923] | Done: 119 | Skipped: 20 | Failed: 0 | RPM: 7.2 | Avg Lat: 8.28s | 429 Hits: 0 | ETA: 936m 22s
2026-08-12 13:13:27,814 [INFO] HTTP Request: POST http://localhost:11434/v1/chat/completions "HTTP/1.1 200 OK"
2026-08-12 13:13:27,818 [INFO] Progress: [140/6923] | Done: 120 | Skipped: 20 | Failed: 0 | RPM: 7.2 | Avg Lat: 8.27s | 429 Hits: 0 | ETA: 935m 47s
2026-08-12 13:13:35,449 [INFO] HTTP Request: POST http://localhost:11434/v1/chat/completions "HTTP/1.1 200 OK"
2026-08-12 13:13:35,453 [INFO] Progress: [141/6923] | Done: 121 | Skipped: 20 | Failed: 0 | RPM: 7.3 | Avg Lat: 8.27s | 429 Hits: 0 | ETA: 935m 2s
2026-08-12 13:13:43,253 [INFO] HTTP Request: POST http://localhost:11434/v1/chat/completions "HTTP/1.1 200 OK"
2026-08-12 13:13:43,261 [INFO] Progress: [142/6923] | Done: 122 | Skipped: 20 | Failed: 0 | RPM: 7.3 | Avg Lat: 8.27s | 429 Hits: 0 | ETA: 934m 28s
2026-08-12 13:13:51,157 [INFO] HTTP Request: POST http://localhost:11434/v1/chat/completions "HTTP/1.1 200 OK"
2026-08-12 13:13:51,161 [INFO] Progress: [143/6923] | Done: 123 | Skipped: 20 | Failed: 0 | RPM: 7.3 | Avg Lat: 8.26s | 429 Hits: 0 | ETA: 934m 0s
2026-08-12 13:13:58,944 [INFO] HTTP Request: POST http://localhost:11434/v1/chat/completions "HTTP/1.1 200 OK"
2026-08-12 13:13:58,948 [INFO] Progress: [144/6923] | Done: 124 | Skipped: 20 | Failed: 0 | RPM: 7.3 | Avg Lat: 8.26s | 429 Hits: 0 | ETA: 933m 25s
2026-08-12 13:14:06,722 [INFO] HTTP Request: POST http://localhost:11434/v1/chat/completions "HTTP/1.1 200 OK"
2026-08-12 13:14:06,725 [INFO] Progress: [145/6923] | Done: 125 | Skipped: 20 | Failed: 0 | RPM: 7.3 | Avg Lat: 8.25s | 429 Hits: 0 | ETA: 932m 51s
2026-08-12 13:14:14,277 [INFO] HTTP Request: POST http://localhost:11434/v1/chat/completions "HTTP/1.1 200 OK"
2026-08-12 13:14:14,280 [INFO] Progress: [146/6923] | Done: 126 | Skipped: 20 | Failed: 0 | RPM: 7.3 | Avg Lat: 8.25s | 429 Hits: 0 | ETA: 932m 5s
2026-08-12 13:14:22,054 [INFO] HTTP Request: POST http://localhost:11434/v1/chat/completions "HTTP/1.1 200 OK"
2026-08-12 13:14:22,059 [INFO] Progress: [147/6923] | Done: 127 | Skipped: 20 | Failed: 0 | RPM: 7.3 | Avg Lat: 8.25s | 429 Hits: 0 | ETA: 931m 31s
2026-08-12 13:14:30,276 [INFO] HTTP Request: POST http://localhost:11434/v1/chat/completions "HTTP/1.1 200 OK"
2026-08-12 13:14:30,280 [INFO] Progress: [148/6923] | Done: 128 | Skipped: 20 | Failed: 0 | RPM: 7.3 | Avg Lat: 8.24s | 429 Hits: 0 | ETA: 931m 21s
2026-08-12 13:14:37,593 [INFO] HTTP Request: POST http://localhost:11434/v1/chat/completions "HTTP/1.1 200 OK"
2026-08-12 13:14:37,602 [INFO] Progress: [149/6923] | Done: 129 | Skipped: 20 | Failed: 0 | RPM: 7.3 | Avg Lat: 8.24s | 429 Hits: 0 | ETA: 930m 25s
2026-08-12 13:14:45,424 [INFO] HTTP Request: POST http://localhost:11434/v1/chat/completions "HTTP/1.1 200 OK"
2026-08-12 13:14:45,429 [INFO] Progress: [150/6923] | Done: 130 | Skipped: 20 | Failed: 0 | RPM: 7.3 | Avg Lat: 8.23s | 429 Hits: 0 | ETA: 929m 55s
2026-08-12 13:14:53,504 [INFO] HTTP Request: POST http://localhost:11434/v1/chat/completions "HTTP/1.1 200 OK"
2026-08-12 13:14:53,508 [INFO] Progress: [151/6923] | Done: 131 | Skipped: 20 | Failed: 0 | RPM: 7.3 | Avg Lat: 8.23s | 429 Hits: 0 | ETA: 929m 38s
2026-08-12 13:15:01,258 [INFO] HTTP Request: POST http://localhost:11434/v1/chat/completions "HTTP/1.1 200 OK"
2026-08-12 13:15:01,262 [INFO] Progress: [152/6923] | Done: 132 | Skipped: 20 | Failed: 0 | RPM: 7.3 | Avg Lat: 8.23s | 429 Hits: 0 | ETA: 929m 5s
2026-08-12 13:15:09,113 [INFO] HTTP Request: POST http://localhost:11434/v1/chat/completions "HTTP/1.1 200 OK"
2026-08-12 13:15:09,117 [INFO] Progress: [153/6923] | Done: 133 | Skipped: 20 | Failed: 0 | RPM: 7.3 | Avg Lat: 8.23s | 429 Hits: 0 | ETA: 928m 38s
2026-08-12 13:15:20,190 [INFO] HTTP Request: POST http://localhost:11434/v1/chat/completions "HTTP/1.1 200 OK"
2026-08-12 13:15:20,194 [INFO] Progress: [154/6923] | Done: 134 | Skipped: 20 | Failed: 0 | RPM: 7.3 | Avg Lat: 8.25s | 429 Hits: 0 | ETA: 930m 53s
2026-08-12 13:15:27,734 [INFO] HTTP Request: POST http://localhost:11434/v1/chat/completions "HTTP/1.1 200 OK"
2026-08-12 13:15:27,738 [INFO] Progress: [155/6923] | Done: 135 | Skipped: 20 | Failed: 0 | RPM: 7.3 | Avg Lat: 8.24s | 429 Hits: 0 | ETA: 930m 10s
2026-08-12 13:15:35,289 [INFO] HTTP Request: POST http://localhost:11434/v1/chat/completions "HTTP/1.1 200 OK"
2026-08-12 13:15:35,291 [INFO] Progress: [156/6923] | Done: 136 | Skipped: 20 | Failed: 0 | RPM: 7.3 | Avg Lat: 8.24s | 429 Hits: 0 | ETA: 929m 27s
2026-08-12 13:15:45,191 [INFO] HTTP Request: POST http://localhost:11434/v1/chat/completions "HTTP/1.1 200 OK"
2026-08-12 13:15:45,194 [INFO] Progress: [157/6923] | Done: 137 | Skipped: 20 | Failed: 0 | RPM: 7.3 | Avg Lat: 8.25s | 429 Hits: 0 | ETA: 930m 41s
2026-08-12 13:15:55,975 [INFO] HTTP Request: POST http://localhost:11434/v1/chat/completions "HTTP/1.1 200 OK"
2026-08-12 13:15:55,984 [INFO] Progress: [158/6923] | Done: 138 | Skipped: 20 | Failed: 0 | RPM: 7.3 | Avg Lat: 8.27s | 429 Hits: 0 | ETA: 932m 37s
2026-08-12 13:16:05,296 [INFO] HTTP Request: POST http://localhost:11434/v1/chat/completions "HTTP/1.1 200 OK"
2026-08-12 13:16:05,301 [INFO] Progress: [159/6923] | Done: 139 | Skipped: 20 | Failed: 0 | RPM: 7.2 | Avg Lat: 8.28s | 429 Hits: 0 | ETA: 933m 19s
2026-08-12 13:16:13,425 [INFO] HTTP Request: POST http://localhost:11434/v1/chat/completions "HTTP/1.1 200 OK"
2026-08-12 13:16:13,429 [INFO] Progress: [160/6923] | Done: 140 | Skipped: 20 | Failed: 0 | RPM: 7.2 | Avg Lat: 8.27s | 429 Hits: 0 | ETA: 933m 4s
2026-08-12 13:16:21,549 [INFO] HTTP Request: POST http://localhost:11434/v1/chat/completions "HTTP/1.1 200 OK"
2026-08-12 13:16:21,553 [INFO] Progress: [161/6923] | Done: 141 | Skipped: 20 | Failed: 0 | RPM: 7.2 | Avg Lat: 8.27s | 429 Hits: 0 | ETA: 932m 48s
2026-08-12 13:16:32,866 [INFO] HTTP Request: POST http://localhost:11434/v1/chat/completions "HTTP/1.1 200 OK"
2026-08-12 13:16:32,870 [INFO] Progress: [162/6923] | Done: 142 | Skipped: 20 | Failed: 0 | RPM: 7.2 | Avg Lat: 8.29s | 429 Hits: 0 | ETA: 935m 5s
2026-08-12 13:16:40,445 [INFO] HTTP Request: POST http://localhost:11434/v1/chat/completions "HTTP/1.1 200 OK"
2026-08-12 13:16:40,454 [INFO] Progress: [163/6923] | Done: 143 | Skipped: 20 | Failed: 0 | RPM: 7.2 | Avg Lat: 8.29s | 429 Hits: 0 | ETA: 934m 23s
2026-08-12 13:16:48,068 [INFO] HTTP Request: POST http://localhost:11434/v1/chat/completions "HTTP/1.1 200 OK"
2026-08-12 13:16:48,072 [INFO] Progress: [164/6923] | Done: 144 | Skipped: 20 | Failed: 0 | RPM: 7.2 | Avg Lat: 8.29s | 429 Hits: 0 | ETA: 933m 43s
2026-08-12 13:16:56,242 [INFO] HTTP Request: POST http://localhost:11434/v1/chat/completions "HTTP/1.1 200 OK"
2026-08-12 13:16:56,246 [INFO] Progress: [165/6923] | Done: 145 | Skipped: 20 | Failed: 0 | RPM: 7.2 | Avg Lat: 8.28s | 429 Hits: 0 | ETA: 933m 29s
2026-08-12 13:17:03,673 [INFO] HTTP Request: POST http://localhost:11434/v1/chat/completions "HTTP/1.1 200 OK"
2026-08-12 13:17:03,682 [INFO] Progress: [166/6923] | Done: 146 | Skipped: 20 | Failed: 0 | RPM: 7.2 | Avg Lat: 8.28s | 429 Hits: 0 | ETA: 932m 41s
2026-08-12 13:17:11,040 [INFO] HTTP Request: POST http://localhost:11434/v1/chat/completions "HTTP/1.1 200 OK"
2026-08-12 13:17:11,044 [INFO] Progress: [167/6923] | Done: 147 | Skipped: 20 | Failed: 0 | RPM: 7.3 | Avg Lat: 8.27s | 429 Hits: 0 | ETA: 931m 51s
2026-08-12 13:17:22,407 [INFO] HTTP Request: POST http://localhost:11434/v1/chat/completions "HTTP/1.1 200 OK"
2026-08-12 13:17:22,412 [INFO] Progress: [168/6923] | Done: 148 | Skipped: 20 | Failed: 0 | RPM: 7.2 | Avg Lat: 8.29s | 429 Hits: 0 | ETA: 934m 4s
2026-08-12 13:17:30,320 [INFO] HTTP Request: POST http://localhost:11434/v1/chat/completions "HTTP/1.1 200 OK"
2026-08-12 13:17:30,324 [INFO] Progress: [169/6923] | Done: 149 | Skipped: 20 | Failed: 0 | RPM: 7.2 | Avg Lat: 8.29s | 429 Hits: 0 | ETA: 933m 38s
2026-08-12 13:17:38,125 [INFO] HTTP Request: POST http://localhost:11434/v1/chat/completions "HTTP/1.1 200 OK"
2026-08-12 13:17:38,128 [INFO] Progress: [170/6923] | Done: 150 | Skipped: 20 | Failed: 0 | RPM: 7.2 | Avg Lat: 8.29s | 429 Hits: 0 | ETA: 933m 7s
2026-08-12 13:17:45,930 [INFO] HTTP Request: POST http://localhost:11434/v1/chat/completions "HTTP/1.1 200 OK"
2026-08-12 13:17:45,934 [INFO] Progress: [171/6923] | Done: 151 | Skipped: 20 | Failed: 0 | RPM: 7.2 | Avg Lat: 8.28s | 429 Hits: 0 | ETA: 932m 38s
2026-08-12 13:17:53,475 [INFO] HTTP Request: POST http://localhost:11434/v1/chat/completions "HTTP/1.1 200 OK"
2026-08-12 13:17:53,478 [INFO] Progress: [172/6923] | Done: 152 | Skipped: 20 | Failed: 0 | RPM: 7.2 | Avg Lat: 8.28s | 429 Hits: 0 | ETA: 931m 56s
2026-08-12 13:18:01,253 [INFO] HTTP Request: POST http://localhost:11434/v1/chat/completions "HTTP/1.1 200 OK"
2026-08-12 13:18:01,255 [INFO] Progress: [173/6923] | Done: 153 | Skipped: 20 | Failed: 0 | RPM: 7.2 | Avg Lat: 8.28s | 429 Hits: 0 | ETA: 931m 26s
2026-08-12 13:18:12,571 [INFO] HTTP Request: POST http://localhost:11434/v1/chat/completions "HTTP/1.1 200 OK"
2026-08-12 13:18:12,575 [INFO] Progress: [174/6923] | Done: 154 | Skipped: 20 | Failed: 0 | RPM: 7.2 | Avg Lat: 8.30s | 429 Hits: 0 | ETA: 933m 31s
2026-08-12 13:18:19,928 [INFO] HTTP Request: POST http://localhost:11434/v1/chat/completions "HTTP/1.1 200 OK"
2026-08-12 13:18:19,931 [INFO] Progress: [175/6923] | Done: 155 | Skipped: 20 | Failed: 0 | RPM: 7.2 | Avg Lat: 8.29s | 429 Hits: 0 | ETA: 932m 41s
2026-08-12 13:18:28,327 [INFO] HTTP Request: POST http://localhost:11434/v1/chat/completions "HTTP/1.1 200 OK"
2026-08-12 13:18:28,336 [INFO] Progress: [176/6923] | Done: 156 | Skipped: 20 | Failed: 0 | RPM: 7.2 | Avg Lat: 8.29s | 429 Hits: 0 | ETA: 932m 38s
2026-08-12 13:18:36,239 [INFO] HTTP Request: POST http://localhost:11434/v1/chat/completions "HTTP/1.1 200 OK"
2026-08-12 13:18:36,242 [INFO] Progress: [177/6923] | Done: 157 | Skipped: 20 | Failed: 0 | RPM: 7.2 | Avg Lat: 8.29s | 429 Hits: 0 | ETA: 932m 13s
2026-08-12 13:18:46,064 [INFO] HTTP Request: POST http://localhost:11434/v1/chat/completions "HTTP/1.1 200 OK"
2026-08-12 13:18:46,068 [INFO] Progress: [178/6923] | Done: 158 | Skipped: 20 | Failed: 0 | RPM: 7.2 | Avg Lat: 8.30s | 429 Hits: 0 | ETA: 933m 10s
2026-08-12 13:18:53,828 [INFO] HTTP Request: POST http://localhost:11434/v1/chat/completions "HTTP/1.1 200 OK"
2026-08-12 13:18:53,832 [INFO] Progress: [179/6923] | Done: 159 | Skipped: 20 | Failed: 0 | RPM: 7.2 | Avg Lat: 8.29s | 429 Hits: 0 | ETA: 932m 39s
2026-08-12 13:19:01,717 [INFO] HTTP Request: POST http://localhost:11434/v1/chat/completions "HTTP/1.1 200 OK"
2026-08-12 13:19:01,721 [INFO] Progress: [180/6923] | Done: 160 | Skipped: 20 | Failed: 0 | RPM: 7.2 | Avg Lat: 8.29s | 429 Hits: 0 | ETA: 932m 13s
2026-08-12 13:19:09,257 [INFO] HTTP Request: POST http://localhost:11434/v1/chat/completions "HTTP/1.1 200 OK"
2026-08-12 13:19:09,260 [INFO] Progress: [181/6923] | Done: 161 | Skipped: 20 | Failed: 0 | RPM: 7.2 | Avg Lat: 8.29s | 429 Hits: 0 | ETA: 931m 33s
2026-08-12 13:19:17,179 [INFO] HTTP Request: POST http://localhost:11434/v1/chat/completions "HTTP/1.1 200 OK"
2026-08-12 13:19:17,183 [INFO] Progress: [182/6923] | Done: 162 | Skipped: 20 | Failed: 0 | RPM: 7.2 | Avg Lat: 8.28s | 429 Hits: 0 | ETA: 931m 10s
2026-08-12 13:19:25,149 [INFO] HTTP Request: POST http://localhost:11434/v1/chat/completions "HTTP/1.1 200 OK"
2026-08-12 13:19:25,152 [INFO] Progress: [183/6923] | Done: 163 | Skipped: 20 | Failed: 0 | RPM: 7.2 | Avg Lat: 8.28s | 429 Hits: 0 | ETA: 930m 48s
2026-08-12 13:19:32,903 [INFO] HTTP Request: POST http://localhost:11434/v1/chat/completions "HTTP/1.1 200 OK"
2026-08-12 13:19:32,906 [INFO] Progress: [184/6923] | Done: 164 | Skipped: 20 | Failed: 0 | RPM: 7.2 | Avg Lat: 8.28s | 429 Hits: 0 | ETA: 930m 18s
2026-08-12 13:19:40,645 [INFO] HTTP Request: POST http://localhost:11434/v1/chat/completions "HTTP/1.1 200 OK"
2026-08-12 13:19:40,649 [INFO] Progress: [185/6923] | Done: 165 | Skipped: 20 | Failed: 0 | RPM: 7.2 | Avg Lat: 8.28s | 429 Hits: 0 | ETA: 929m 48s
2026-08-12 13:19:50,455 [INFO] HTTP Request: POST http://localhost:11434/v1/chat/completions "HTTP/1.1 200 OK"
2026-08-12 13:19:50,459 [INFO] Progress: [186/6923] | Done: 166 | Skipped: 20 | Failed: 0 | RPM: 7.2 | Avg Lat: 8.29s | 429 Hits: 0 | ETA: 930m 42s
2026-08-12 13:19:58,474 [INFO] HTTP Request: POST http://localhost:11434/v1/chat/completions "HTTP/1.1 200 OK"
2026-08-12 13:19:58,478 [INFO] Progress: [187/6923] | Done: 167 | Skipped: 20 | Failed: 0 | RPM: 7.2 | Avg Lat: 8.28s | 429 Hits: 0 | ETA: 930m 23s
2026-08-12 13:20:06,077 [INFO] HTTP Request: POST http://localhost:11434/v1/chat/completions "HTTP/1.1 200 OK"
2026-08-12 13:20:06,082 [INFO] Progress: [188/6923] | Done: 168 | Skipped: 20 | Failed: 0 | RPM: 7.2 | Avg Lat: 8.28s | 429 Hits: 0 | ETA: 929m 47s
2026-08-12 13:20:13,732 [INFO] HTTP Request: POST http://localhost:11434/v1/chat/completions "HTTP/1.1 200 OK"
2026-08-12 13:20:13,737 [INFO] Progress: [189/6923] | Done: 169 | Skipped: 20 | Failed: 0 | RPM: 7.2 | Avg Lat: 8.28s | 429 Hits: 0 | ETA: 929m 14s
2026-08-12 13:20:21,542 [INFO] HTTP Request: POST http://localhost:11434/v1/chat/completions "HTTP/1.1 200 OK"
2026-08-12 13:20:21,545 [INFO] Progress: [190/6923] | Done: 170 | Skipped: 20 | Failed: 0 | RPM: 7.2 | Avg Lat: 8.27s | 429 Hits: 0 | ETA: 928m 47s
2026-08-12 13:20:29,038 [INFO] HTTP Request: POST http://localhost:11434/v1/chat/completions "HTTP/1.1 200 OK"
2026-08-12 13:20:29,041 [INFO] Progress: [191/6923] | Done: 171 | Skipped: 20 | Failed: 0 | RPM: 7.3 | Avg Lat: 8.27s | 429 Hits: 0 | ETA: 928m 8s
2026-08-12 13:20:39,605 [INFO] HTTP Request: POST http://localhost:11434/v1/chat/completions "HTTP/1.1 200 OK"
2026-08-12 13:20:39,610 [INFO] Progress: [192/6923] | Done: 172 | Skipped: 20 | Failed: 0 | RPM: 7.2 | Avg Lat: 8.28s | 429 Hits: 0 | ETA: 929m 29s
2026-08-12 13:20:47,351 [INFO] HTTP Request: POST http://localhost:11434/v1/chat/completions "HTTP/1.1 200 OK"
2026-08-12 13:20:47,360 [INFO] Progress: [193/6923] | Done: 173 | Skipped: 20 | Failed: 0 | RPM: 7.2 | Avg Lat: 8.28s | 429 Hits: 0 | ETA: 929m 0s
2026-08-12 13:20:56,096 [INFO] HTTP Request: POST http://localhost:11434/v1/chat/completions "HTTP/1.1 200 OK"
2026-08-12 13:20:56,105 [INFO] Progress: [194/6923] | Done: 174 | Skipped: 20 | Failed: 0 | RPM: 7.2 | Avg Lat: 8.28s | 429 Hits: 0 | ETA: 929m 10s
2026-08-12 13:21:05,237 [INFO] HTTP Request: POST http://localhost:11434/v1/chat/completions "HTTP/1.1 200 OK"
2026-08-12 13:21:05,246 [INFO] Progress: [195/6923] | Done: 175 | Skipped: 20 | Failed: 0 | RPM: 7.2 | Avg Lat: 8.29s | 429 Hits: 0 | ETA: 929m 34s
2026-08-12 13:21:13,111 [INFO] HTTP Request: POST http://localhost:11434/v1/chat/completions "HTTP/1.1 200 OK"
2026-08-12 13:21:13,115 [INFO] Progress: [196/6923] | Done: 176 | Skipped: 20 | Failed: 0 | RPM: 7.2 | Avg Lat: 8.28s | 429 Hits: 0 | ETA: 929m 10s
2026-08-12 13:21:20,616 [INFO] HTTP Request: POST http://localhost:11434/v1/chat/completions "HTTP/1.1 200 OK"
2026-08-12 13:21:20,620 [INFO] Progress: [197/6923] | Done: 177 | Skipped: 20 | Failed: 0 | RPM: 7.2 | Avg Lat: 8.28s | 429 Hits: 0 | ETA: 928m 32s
2026-08-12 13:21:28,352 [INFO] HTTP Request: POST http://localhost:11434/v1/chat/completions "HTTP/1.1 200 OK"
2026-08-12 13:21:28,356 [INFO] Progress: [198/6923] | Done: 178 | Skipped: 20 | Failed: 0 | RPM: 7.2 | Avg Lat: 8.28s | 429 Hits: 0 | ETA: 928m 3s
2026-08-12 13:21:38,211 [INFO] HTTP Request: POST http://localhost:11434/v1/chat/completions "HTTP/1.1 200 OK"
2026-08-12 13:21:38,215 [INFO] Progress: [199/6923] | Done: 179 | Skipped: 20 | Failed: 0 | RPM: 7.2 | Avg Lat: 8.29s | 429 Hits: 0 | ETA: 928m 54s
2026-08-12 13:21:46,171 [INFO] HTTP Request: POST http://localhost:11434/v1/chat/completions "HTTP/1.1 200 OK"
2026-08-12 13:21:46,175 [INFO] Progress: [200/6923] | Done: 180 | Skipped: 20 | Failed: 0 | RPM: 7.2 | Avg Lat: 8.28s | 429 Hits: 0 | ETA: 928m 33s
2026-08-12 13:21:59,466 [INFO] HTTP Request: POST http://localhost:11434/v1/chat/completions "HTTP/1.1 200 OK"
2026-08-12 13:21:59,472 [INFO] Progress: [201/6923] | Done: 181 | Skipped: 20 | Failed: 0 | RPM: 7.2 | Avg Lat: 8.31s | 429 Hits: 0 | ETA: 931m 31s
2026-08-12 13:22:07,147 [INFO] HTTP Request: POST http://localhost:11434/v1/chat/completions "HTTP/1.1 200 OK"
2026-08-12 13:22:07,151 [INFO] Progress: [202/6923] | Done: 182 | Skipped: 20 | Failed: 0 | RPM: 7.2 | Avg Lat: 8.31s | 429 Hits: 0 | ETA: 930m 59s
2026-08-12 13:22:14,977 [INFO] HTTP Request: POST http://localhost:11434/v1/chat/completions "HTTP/1.1 200 OK"
2026-08-12 13:22:14,981 [INFO] Progress: [203/6923] | Done: 183 | Skipped: 20 | Failed: 0 | RPM: 7.2 | Avg Lat: 8.31s | 429 Hits: 0 | ETA: 930m 33s
2026-08-12 13:22:22,567 [INFO] HTTP Request: POST http://localhost:11434/v1/chat/completions "HTTP/1.1 200 OK"
2026-08-12 13:22:22,572 [INFO] Progress: [204/6923] | Done: 184 | Skipped: 20 | Failed: 0 | RPM: 7.2 | Avg Lat: 8.30s | 429 Hits: 0 | ETA: 929m 59s
2026-08-12 13:22:30,190 [INFO] HTTP Request: POST http://localhost:11434/v1/chat/completions "HTTP/1.1 200 OK"
2026-08-12 13:22:30,193 [INFO] Progress: [205/6923] | Done: 185 | Skipped: 20 | Failed: 0 | RPM: 7.2 | Avg Lat: 8.30s | 429 Hits: 0 | ETA: 929m 26s
2026-08-12 13:22:38,080 [INFO] HTTP Request: POST http://localhost:11434/v1/chat/completions "HTTP/1.1 200 OK"
2026-08-12 13:22:38,084 [INFO] Progress: [206/6923] | Done: 186 | Skipped: 20 | Failed: 0 | RPM: 7.2 | Avg Lat: 8.30s | 429 Hits: 0 | ETA: 929m 3s
2026-08-12 13:22:45,446 [INFO] HTTP Request: POST http://localhost:11434/v1/chat/completions "HTTP/1.1 200 OK"
2026-08-12 13:22:45,451 [INFO] Progress: [207/6923] | Done: 187 | Skipped: 20 | Failed: 0 | RPM: 7.2 | Avg Lat: 8.29s | 429 Hits: 0 | ETA: 928m 21s
2026-08-12 13:22:53,298 [INFO] HTTP Request: POST http://localhost:11434/v1/chat/completions "HTTP/1.1 200 OK"
2026-08-12 13:22:53,302 [INFO] Progress: [208/6923] | Done: 188 | Skipped: 20 | Failed: 0 | RPM: 7.2 | Avg Lat: 8.29s | 429 Hits: 0 | ETA: 927m 57s
2026-08-12 13:23:00,971 [INFO] HTTP Request: POST http://localhost:11434/v1/chat/completions "HTTP/1.1 200 OK"
2026-08-12 13:23:00,974 [INFO] Progress: [209/6923] | Done: 189 | Skipped: 20 | Failed: 0 | RPM: 7.2 | Avg Lat: 8.28s | 429 Hits: 0 | ETA: 927m 26s
2026-08-12 13:23:08,467 [INFO] HTTP Request: POST http://localhost:11434/v1/chat/completions "HTTP/1.1 200 OK"
2026-08-12 13:23:08,471 [INFO] Progress: [210/6923] | Done: 190 | Skipped: 20 | Failed: 0 | RPM: 7.2 | Avg Lat: 8.28s | 429 Hits: 0 | ETA: 926m 50s
2026-08-12 13:23:15,978 [INFO] HTTP Request: POST http://localhost:11434/v1/chat/completions "HTTP/1.1 200 OK"
2026-08-12 13:23:15,988 [INFO] Progress: [211/6923] | Done: 191 | Skipped: 20 | Failed: 0 | RPM: 7.2 | Avg Lat: 8.28s | 429 Hits: 0 | ETA: 926m 15s
2026-08-12 13:23:23,672 [INFO] HTTP Request: POST http://localhost:11434/v1/chat/completions "HTTP/1.1 200 OK"
2026-08-12 13:23:23,675 [INFO] Progress: [212/6923] | Done: 192 | Skipped: 20 | Failed: 0 | RPM: 7.2 | Avg Lat: 8.27s | 429 Hits: 0 | ETA: 925m 46s
2026-08-12 13:23:31,639 [INFO] HTTP Request: POST http://localhost:11434/v1/chat/completions "HTTP/1.1 200 OK"
2026-08-12 13:23:31,643 [INFO] Progress: [213/6923] | Done: 193 | Skipped: 20 | Failed: 0 | RPM: 7.3 | Avg Lat: 8.27s | 429 Hits: 0 | ETA: 925m 27s
2026-08-12 13:23:39,022 [INFO] HTTP Request: POST http://localhost:11434/v1/chat/completions "HTTP/1.1 200 OK"
2026-08-12 13:23:39,025 [INFO] Progress: [214/6923] | Done: 194 | Skipped: 20 | Failed: 0 | RPM: 7.3 | Avg Lat: 8.27s | 429 Hits: 0 | ETA: 924m 48s
2026-08-12 13:23:46,696 [INFO] HTTP Request: POST http://localhost:11434/v1/chat/completions "HTTP/1.1 200 OK"
2026-08-12 13:23:46,699 [INFO] Progress: [215/6923] | Done: 195 | Skipped: 20 | Failed: 0 | RPM: 7.3 | Avg Lat: 8.26s | 429 Hits: 0 | ETA: 924m 19s
2026-08-12 13:23:54,374 [INFO] HTTP Request: POST http://localhost:11434/v1/chat/completions "HTTP/1.1 200 OK"
2026-08-12 13:23:54,383 [INFO] Progress: [216/6923] | Done: 196 | Skipped: 20 | Failed: 0 | RPM: 7.3 | Avg Lat: 8.26s | 429 Hits: 0 | ETA: 923m 51s
2026-08-12 13:24:04,375 [INFO] HTTP Request: POST http://localhost:11434/v1/chat/completions "HTTP/1.1 200 OK"
2026-08-12 13:24:04,379 [INFO] Progress: [217/6923] | Done: 197 | Skipped: 20 | Failed: 0 | RPM: 7.3 | Avg Lat: 8.27s | 429 Hits: 0 | ETA: 924m 41s
2026-08-12 13:24:14,669 [INFO] HTTP Request: POST http://localhost:11434/v1/chat/completions "HTTP/1.1 200 OK"
2026-08-12 13:24:14,677 [INFO] Progress: [218/6923] | Done: 198 | Skipped: 20 | Failed: 0 | RPM: 7.2 | Avg Lat: 8.28s | 429 Hits: 0 | ETA: 925m 42s
2026-08-12 13:24:22,094 [INFO] HTTP Request: POST http://localhost:11434/v1/chat/completions "HTTP/1.1 200 OK"
2026-08-12 13:24:22,098 [INFO] Progress: [219/6923] | Done: 199 | Skipped: 20 | Failed: 0 | RPM: 7.2 | Avg Lat: 8.28s | 429 Hits: 0 | ETA: 925m 4s
2026-08-12 13:24:29,965 [INFO] HTTP Request: POST http://localhost:11434/v1/chat/completions "HTTP/1.1 200 OK"
2026-08-12 13:24:29,969 [INFO] Progress: [220/6923] | Done: 200 | Skipped: 20 | Failed: 0 | RPM: 7.2 | Avg Lat: 8.27s | 429 Hits: 0 | ETA: 924m 42s
2026-08-12 13:24:37,898 [INFO] HTTP Request: POST http://localhost:11434/v1/chat/completions "HTTP/1.1 200 OK"
2026-08-12 13:24:37,902 [INFO] Progress: [221/6923] | Done: 201 | Skipped: 20 | Failed: 0 | RPM: 7.3 | Avg Lat: 8.27s | 429 Hits: 0 | ETA: 924m 23s
2026-08-12 13:24:45,475 [INFO] HTTP Request: POST http://localhost:11434/v1/chat/completions "HTTP/1.1 200 OK"
2026-08-12 13:24:45,478 [INFO] Progress: [222/6923] | Done: 202 | Skipped: 20 | Failed: 0 | RPM: 7.3 | Avg Lat: 8.27s | 429 Hits: 0 | ETA: 923m 51s
2026-08-12 13:24:53,355 [INFO] HTTP Request: POST http://localhost:11434/v1/chat/completions "HTTP/1.1 200 OK"
2026-08-12 13:24:53,359 [INFO] Progress: [223/6923] | Done: 203 | Skipped: 20 | Failed: 0 | RPM: 7.3 | Avg Lat: 8.27s | 429 Hits: 0 | ETA: 923m 30s
2026-08-12 13:25:00,981 [INFO] HTTP Request: POST http://localhost:11434/v1/chat/completions "HTTP/1.1 200 OK"
2026-08-12 13:25:00,984 [INFO] Progress: [224/6923] | Done: 204 | Skipped: 20 | Failed: 0 | RPM: 7.3 | Avg Lat: 8.26s | 429 Hits: 0 | ETA: 923m 1s
2026-08-12 13:25:11,257 [INFO] HTTP Request: POST http://localhost:11434/v1/chat/completions "HTTP/1.1 200 OK"
2026-08-12 13:25:11,262 [INFO] Progress: [225/6923] | Done: 205 | Skipped: 20 | Failed: 0 | RPM: 7.2 | Avg Lat: 8.27s | 429 Hits: 0 | ETA: 923m 58s
2026-08-12 13:25:19,518 [INFO] HTTP Request: POST http://localhost:11434/v1/chat/completions "HTTP/1.1 200 OK"
2026-08-12 13:25:19,522 [INFO] Progress: [226/6923] | Done: 206 | Skipped: 20 | Failed: 0 | RPM: 7.2 | Avg Lat: 8.27s | 429 Hits: 0 | ETA: 923m 49s
2026-08-12 13:25:30,105 [INFO] HTTP Request: POST http://localhost:11434/v1/chat/completions "HTTP/1.1 200 OK"
2026-08-12 13:25:30,109 [INFO] Progress: [227/6923] | Done: 207 | Skipped: 20 | Failed: 0 | RPM: 7.2 | Avg Lat: 8.28s | 429 Hits: 0 | ETA: 924m 56s
2026-08-12 13:25:38,255 [INFO] HTTP Request: POST http://localhost:11434/v1/chat/completions "HTTP/1.1 200 OK"
2026-08-12 13:25:38,258 [INFO] Progress: [228/6923] | Done: 208 | Skipped: 20 | Failed: 0 | RPM: 7.2 | Avg Lat: 8.28s | 429 Hits: 0 | ETA: 924m 43s
2026-08-12 13:25:48,527 [INFO] HTTP Request: POST http://localhost:11434/v1/chat/completions "HTTP/1.1 200 OK"
2026-08-12 13:25:48,531 [INFO] Progress: [229/6923] | Done: 209 | Skipped: 20 | Failed: 0 | RPM: 7.2 | Avg Lat: 8.29s | 429 Hits: 0 | ETA: 925m 38s
2026-08-12 13:25:56,303 [INFO] HTTP Request: POST http://localhost:11434/v1/chat/completions "HTTP/1.1 200 OK"
2026-08-12 13:25:56,306 [INFO] Progress: [230/6923] | Done: 210 | Skipped: 20 | Failed: 0 | RPM: 7.2 | Avg Lat: 8.29s | 429 Hits: 0 | ETA: 925m 13s
2026-08-12 13:26:03,849 [INFO] HTTP Request: POST http://localhost:11434/v1/chat/completions "HTTP/1.1 200 OK"
2026-08-12 13:26:03,853 [INFO] Progress: [231/6923] | Done: 211 | Skipped: 20 | Failed: 0 | RPM: 7.2 | Avg Lat: 8.29s | 429 Hits: 0 | ETA: 924m 41s
2026-08-12 13:26:11,594 [INFO] HTTP Request: POST http://localhost:11434/v1/chat/completions "HTTP/1.1 200 OK"
2026-08-12 13:26:11,598 [INFO] Progress: [232/6923] | Done: 212 | Skipped: 20 | Failed: 0 | RPM: 7.2 | Avg Lat: 8.28s | 429 Hits: 0 | ETA: 924m 16s
2026-08-12 13:26:19,069 [INFO] HTTP Request: POST http://localhost:11434/v1/chat/completions "HTTP/1.1 200 OK"
2026-08-12 13:26:19,074 [INFO] Progress: [233/6923] | Done: 213 | Skipped: 20 | Failed: 0 | RPM: 7.2 | Avg Lat: 8.28s | 429 Hits: 0 | ETA: 923m 42s
2026-08-12 13:26:27,140 [INFO] HTTP Request: POST http://localhost:11434/v1/chat/completions "HTTP/1.1 200 OK"
2026-08-12 13:26:27,144 [INFO] Progress: [234/6923] | Done: 214 | Skipped: 20 | Failed: 0 | RPM: 7.2 | Avg Lat: 8.28s | 429 Hits: 0 | ETA: 923m 27s
2026-08-12 13:26:35,109 [INFO] HTTP Request: POST http://localhost:11434/v1/chat/completions "HTTP/1.1 200 OK"
2026-08-12 13:26:35,113 [INFO] Progress: [235/6923] | Done: 215 | Skipped: 20 | Failed: 0 | RPM: 7.2 | Avg Lat: 8.28s | 429 Hits: 0 | ETA: 923m 9s
2026-08-12 13:26:42,738 [INFO] HTTP Request: POST http://localhost:11434/v1/chat/completions "HTTP/1.1 200 OK"
2026-08-12 13:26:42,741 [INFO] Progress: [236/6923] | Done: 216 | Skipped: 20 | Failed: 0 | RPM: 7.2 | Avg Lat: 8.28s | 429 Hits: 0 | ETA: 922m 40s
2026-08-12 13:26:50,096 [INFO] HTTP Request: POST http://localhost:11434/v1/chat/completions "HTTP/1.1 200 OK"
2026-08-12 13:26:50,099 [INFO] Progress: [237/6923] | Done: 217 | Skipped: 20 | Failed: 0 | RPM: 7.3 | Avg Lat: 8.27s | 429 Hits: 0 | ETA: 922m 4s
2026-08-12 13:26:57,856 [INFO] HTTP Request: POST http://localhost:11434/v1/chat/completions "HTTP/1.1 200 OK"
2026-08-12 13:26:57,860 [INFO] Progress: [238/6923] | Done: 218 | Skipped: 20 | Failed: 0 | RPM: 7.3 | Avg Lat: 8.27s | 429 Hits: 0 | ETA: 921m 40s
2026-08-12 13:27:06,082 [INFO] HTTP Request: POST http://localhost:11434/v1/chat/completions "HTTP/1.1 200 OK"
2026-08-12 13:27:06,085 [INFO] Progress: [239/6923] | Done: 219 | Skipped: 20 | Failed: 0 | RPM: 7.3 | Avg Lat: 8.27s | 429 Hits: 0 | ETA: 921m 30s
2026-08-12 13:27:13,758 [INFO] HTTP Request: POST http://localhost:11434/v1/chat/completions "HTTP/1.1 200 OK"
2026-08-12 13:27:13,761 [INFO] Progress: [240/6923] | Done: 220 | Skipped: 20 | Failed: 0 | RPM: 7.3 | Avg Lat: 8.27s | 429 Hits: 0 | ETA: 921m 4s
2026-08-12 13:27:21,398 [INFO] HTTP Request: POST http://localhost:11434/v1/chat/completions "HTTP/1.1 200 OK"
2026-08-12 13:27:21,401 [INFO] Progress: [241/6923] | Done: 221 | Skipped: 20 | Failed: 0 | RPM: 7.3 | Avg Lat: 8.26s | 429 Hits: 0 | ETA: 920m 36s
2026-08-12 13:27:29,423 [INFO] HTTP Request: POST http://localhost:11434/v1/chat/completions "HTTP/1.1 200 OK"
2026-08-12 13:27:29,427 [INFO] Progress: [242/6923] | Done: 222 | Skipped: 20 | Failed: 0 | RPM: 7.3 | Avg Lat: 8.26s | 429 Hits: 0 | ETA: 920m 21s
2026-08-12 13:27:36,901 [INFO] HTTP Request: POST http://localhost:11434/v1/chat/completions "HTTP/1.1 200 OK"
2026-08-12 13:27:36,905 [INFO] Progress: [243/6923] | Done: 223 | Skipped: 20 | Failed: 0 | RPM: 7.3 | Avg Lat: 8.26s | 429 Hits: 0 | ETA: 919m 49s
2026-08-12 13:27:44,758 [INFO] HTTP Request: POST http://localhost:11434/v1/chat/completions "HTTP/1.1 200 OK"
2026-08-12 13:27:44,762 [INFO] Progress: [244/6923] | Done: 224 | Skipped: 20 | Failed: 0 | RPM: 7.3 | Avg Lat: 8.26s | 429 Hits: 0 | ETA: 919m 29s
2026-08-12 13:27:54,120 [INFO] HTTP Request: POST http://localhost:11434/v1/chat/completions "HTTP/1.1 200 OK"
2026-08-12 13:27:54,123 [INFO] Progress: [245/6923] | Done: 225 | Skipped: 20 | Failed: 0 | RPM: 7.3 | Avg Lat: 8.26s | 429 Hits: 0 | ETA: 919m 53s
2026-08-12 13:28:01,646 [INFO] HTTP Request: POST http://localhost:11434/v1/chat/completions "HTTP/1.1 200 OK"
2026-08-12 13:28:01,651 [INFO] Progress: [246/6923] | Done: 226 | Skipped: 20 | Failed: 0 | RPM: 7.3 | Avg Lat: 8.26s | 429 Hits: 0 | ETA: 919m 23s
2026-08-12 13:28:09,396 [INFO] HTTP Request: POST http://localhost:11434/v1/chat/completions "HTTP/1.1 200 OK"
2026-08-12 13:28:09,400 [INFO] Progress: [247/6923] | Done: 227 | Skipped: 20 | Failed: 0 | RPM: 7.3 | Avg Lat: 8.26s | 429 Hits: 0 | ETA: 919m 0s
2026-08-12 13:28:17,080 [INFO] HTTP Request: POST http://localhost:11434/v1/chat/completions "HTTP/1.1 200 OK"
2026-08-12 13:28:17,083 [INFO] Progress: [248/6923] | Done: 228 | Skipped: 20 | Failed: 0 | RPM: 7.3 | Avg Lat: 8.25s | 429 Hits: 0 | ETA: 918m 34s
2026-08-12 13:28:25,103 [INFO] HTTP Request: POST http://localhost:11434/v1/chat/completions "HTTP/1.1 200 OK"
2026-08-12 13:28:25,107 [INFO] Progress: [249/6923] | Done: 229 | Skipped: 20 | Failed: 0 | RPM: 7.3 | Avg Lat: 8.25s | 429 Hits: 0 | ETA: 918m 19s
2026-08-12 13:28:32,581 [INFO] HTTP Request: POST http://localhost:11434/v1/chat/completions "HTTP/1.1 200 OK"
2026-08-12 13:28:32,585 [INFO] Progress: [250/6923] | Done: 230 | Skipped: 20 | Failed: 0 | RPM: 7.3 | Avg Lat: 8.25s | 429 Hits: 0 | ETA: 917m 49s
2026-08-12 13:28:40,427 [INFO] HTTP Request: POST http://localhost:11434/v1/chat/completions "HTTP/1.1 200 OK"
2026-08-12 13:28:40,431 [INFO] Progress: [251/6923] | Done: 231 | Skipped: 20 | Failed: 0 | RPM: 7.3 | Avg Lat: 8.25s | 429 Hits: 0 | ETA: 917m 29s
2026-08-12 13:28:51,071 [INFO] HTTP Request: POST http://localhost:11434/v1/chat/completions "HTTP/1.1 200 OK"
2026-08-12 13:28:51,080 [INFO] Progress: [252/6923] | Done: 232 | Skipped: 20 | Failed: 0 | RPM: 7.3 | Avg Lat: 8.26s | 429 Hits: 0 | ETA: 918m 29s
2026-08-12 13:28:59,115 [INFO] HTTP Request: POST http://localhost:11434/v1/chat/completions "HTTP/1.1 200 OK"
2026-08-12 13:28:59,124 [INFO] Progress: [253/6923] | Done: 233 | Skipped: 20 | Failed: 0 | RPM: 7.3 | Avg Lat: 8.26s | 429 Hits: 0 | ETA: 918m 15s
2026-08-12 13:29:06,943 [INFO] HTTP Request: POST http://localhost:11434/v1/chat/completions "HTTP/1.1 200 OK"
2026-08-12 13:29:06,947 [INFO] Progress: [254/6923] | Done: 234 | Skipped: 20 | Failed: 0 | RPM: 7.3 | Avg Lat: 8.25s | 429 Hits: 0 | ETA: 917m 54s
2026-08-12 13:29:14,520 [INFO] HTTP Request: POST http://localhost:11434/v1/chat/completions "HTTP/1.1 200 OK"
2026-08-12 13:29:14,523 [INFO] Progress: [255/6923] | Done: 235 | Skipped: 20 | Failed: 0 | RPM: 7.3 | Avg Lat: 8.25s | 429 Hits: 0 | ETA: 917m 27s
2026-08-12 13:29:22,208 [INFO] HTTP Request: POST http://localhost:11434/v1/chat/completions "HTTP/1.1 200 OK"
2026-08-12 13:29:22,213 [INFO] Progress: [256/6923] | Done: 236 | Skipped: 20 | Failed: 0 | RPM: 7.3 | Avg Lat: 8.25s | 429 Hits: 0 | ETA: 917m 2s
2026-08-12 13:29:33,660 [INFO] HTTP Request: POST http://localhost:11434/v1/chat/completions "HTTP/1.1 200 OK"
2026-08-12 13:29:33,664 [INFO] Progress: [257/6923] | Done: 237 | Skipped: 20 | Failed: 0 | RPM: 7.3 | Avg Lat: 8.26s | 429 Hits: 0 | ETA: 918m 24s
2026-08-12 13:29:41,471 [INFO] HTTP Request: POST http://localhost:11434/v1/chat/completions "HTTP/1.1 200 OK"
2026-08-12 13:29:41,475 [INFO] Progress: [258/6923] | Done: 238 | Skipped: 20 | Failed: 0 | RPM: 7.3 | Avg Lat: 8.26s | 429 Hits: 0 | ETA: 918m 3s
2026-08-12 13:29:49,369 [INFO] HTTP Request: POST http://localhost:11434/v1/chat/completions "HTTP/1.1 200 OK"
2026-08-12 13:29:49,373 [INFO] Progress: [259/6923] | Done: 239 | Skipped: 20 | Failed: 0 | RPM: 7.3 | Avg Lat: 8.26s | 429 Hits: 0 | ETA: 917m 44s
2026-08-12 13:29:59,279 [INFO] HTTP Request: POST http://localhost:11434/v1/chat/completions "HTTP/1.1 200 OK"
2026-08-12 13:29:59,283 [INFO] Progress: [260/6923] | Done: 240 | Skipped: 20 | Failed: 0 | RPM: 7.3 | Avg Lat: 8.27s | 429 Hits: 0 | ETA: 918m 22s
2026-08-12 13:30:10,092 [INFO] HTTP Request: POST http://localhost:11434/v1/chat/completions "HTTP/1.1 200 OK"
2026-08-12 13:30:10,097 [INFO] Progress: [261/6923] | Done: 241 | Skipped: 20 | Failed: 0 | RPM: 7.2 | Avg Lat: 8.28s | 429 Hits: 0 | ETA: 919m 24s
2026-08-12 13:30:17,467 [INFO] HTTP Request: POST http://localhost:11434/v1/chat/completions "HTTP/1.1 200 OK"
2026-08-12 13:30:17,470 [INFO] Progress: [262/6923] | Done: 242 | Skipped: 20 | Failed: 0 | RPM: 7.2 | Avg Lat: 8.27s | 429 Hits: 0 | ETA: 918m 51s
2026-08-12 13:30:24,816 [INFO] HTTP Request: POST http://localhost:11434/v1/chat/completions "HTTP/1.1 200 OK"
2026-08-12 13:30:24,818 [INFO] Progress: [263/6923] | Done: 243 | Skipped: 20 | Failed: 0 | RPM: 7.3 | Avg Lat: 8.27s | 429 Hits: 0 | ETA: 918m 17s
2026-08-12 13:30:32,490 [INFO] HTTP Request: POST http://localhost:11434/v1/chat/completions "HTTP/1.1 200 OK"
2026-08-12 13:30:32,494 [INFO] Progress: [264/6923] | Done: 244 | Skipped: 20 | Failed: 0 | RPM: 7.3 | Avg Lat: 8.27s | 429 Hits: 0 | ETA: 917m 52s
2026-08-12 13:30:42,541 [INFO] HTTP Request: POST http://localhost:11434/v1/chat/completions "HTTP/1.1 200 OK"
2026-08-12 13:30:42,545 [INFO] Progress: [265/6923] | Done: 245 | Skipped: 20 | Failed: 0 | RPM: 7.2 | Avg Lat: 8.27s | 429 Hits: 0 | ETA: 918m 33s
2026-08-12 13:30:52,039 [INFO] HTTP Request: POST http://localhost:11434/v1/chat/completions "HTTP/1.1 200 OK"
2026-08-12 13:30:52,043 [INFO] Progress: [266/6923] | Done: 246 | Skipped: 20 | Failed: 0 | RPM: 7.2 | Avg Lat: 8.28s | 429 Hits: 0 | ETA: 918m 57s
2026-08-12 13:31:00,032 [INFO] HTTP Request: POST http://localhost:11434/v1/chat/completions "HTTP/1.1 200 OK"
2026-08-12 13:31:00,035 [INFO] Progress: [267/6923] | Done: 247 | Skipped: 20 | Failed: 0 | RPM: 7.2 | Avg Lat: 8.28s | 429 Hits: 0 | ETA: 918m 41s
2026-08-12 13:31:07,175 [INFO] HTTP Request: POST http://localhost:11434/v1/chat/completions "HTTP/1.1 200 OK"
2026-08-12 13:31:07,179 [INFO] Progress: [268/6923] | Done: 248 | Skipped: 20 | Failed: 0 | RPM: 7.2 | Avg Lat: 8.27s | 429 Hits: 0 | ETA: 918m 2s
2026-08-12 13:31:15,285 [INFO] HTTP Request: POST http://localhost:11434/v1/chat/completions "HTTP/1.1 200 OK"
2026-08-12 13:31:15,289 [INFO] Progress: [269/6923] | Done: 249 | Skipped: 20 | Failed: 0 | RPM: 7.2 | Avg Lat: 8.27s | 429 Hits: 0 | ETA: 917m 50s
2026-08-12 13:31:23,904 [INFO] HTTP Request: POST http://localhost:11434/v1/chat/completions "HTTP/1.1 200 OK"
2026-08-12 13:31:23,908 [INFO] Progress: [270/6923] | Done: 250 | Skipped: 20 | Failed: 0 | RPM: 7.2 | Avg Lat: 8.27s | 429 Hits: 0 | ETA: 917m 50s
2026-08-12 13:31:31,548 [INFO] HTTP Request: POST http://localhost:11434/v1/chat/completions "HTTP/1.1 200 OK"
2026-08-12 13:31:31,552 [INFO] Progress: [271/6923] | Done: 251 | Skipped: 20 | Failed: 0 | RPM: 7.3 | Avg Lat: 8.27s | 429 Hits: 0 | ETA: 917m 25s
2026-08-12 13:31:39,452 [INFO] HTTP Request: POST http://localhost:11434/v1/chat/completions "HTTP/1.1 200 OK"
2026-08-12 13:31:39,455 [INFO] Progress: [272/6923] | Done: 252 | Skipped: 20 | Failed: 0 | RPM: 7.3 | Avg Lat: 8.27s | 429 Hits: 0 | ETA: 917m 7s
2026-08-12 13:31:47,022 [INFO] HTTP Request: POST http://localhost:11434/v1/chat/completions "HTTP/1.1 200 OK"
2026-08-12 13:31:47,026 [INFO] Progress: [273/6923] | Done: 253 | Skipped: 20 | Failed: 0 | RPM: 7.3 | Avg Lat: 8.27s | 429 Hits: 0 | ETA: 916m 41s
2026-08-12 13:31:54,523 [INFO] HTTP Request: POST http://localhost:11434/v1/chat/completions "HTTP/1.1 200 OK"
2026-08-12 13:31:54,526 [INFO] Progress: [274/6923] | Done: 254 | Skipped: 20 | Failed: 0 | RPM: 7.3 | Avg Lat: 8.26s | 429 Hits: 0 | ETA: 916m 12s
2026-08-12 13:32:02,380 [INFO] HTTP Request: POST http://localhost:11434/v1/chat/completions "HTTP/1.1 200 OK"
2026-08-12 13:32:02,384 [INFO] Progress: [275/6923] | Done: 255 | Skipped: 20 | Failed: 0 | RPM: 7.3 | Avg Lat: 8.26s | 429 Hits: 0 | ETA: 915m 53s
2026-08-12 13:32:10,247 [INFO] HTTP Request: POST http://localhost:11434/v1/chat/completions "HTTP/1.1 200 OK"
2026-08-12 13:32:10,251 [INFO] Progress: [276/6923] | Done: 256 | Skipped: 20 | Failed: 0 | RPM: 7.3 | Avg Lat: 8.26s | 429 Hits: 0 | ETA: 915m 35s
2026-08-12 13:32:18,235 [INFO] HTTP Request: POST http://localhost:11434/v1/chat/completions "HTTP/1.1 200 OK"
2026-08-12 13:32:18,238 [INFO] Progress: [277/6923] | Done: 257 | Skipped: 20 | Failed: 0 | RPM: 7.3 | Avg Lat: 8.26s | 429 Hits: 0 | ETA: 915m 19s
2026-08-12 13:32:25,925 [INFO] HTTP Request: POST http://localhost:11434/v1/chat/completions "HTTP/1.1 200 OK"
2026-08-12 13:32:25,929 [INFO] Progress: [278/6923] | Done: 258 | Skipped: 20 | Failed: 0 | RPM: 7.3 | Avg Lat: 8.26s | 429 Hits: 0 | ETA: 914m 56s
2026-08-12 13:32:33,822 [INFO] HTTP Request: POST http://localhost:11434/v1/chat/completions "HTTP/1.1 200 OK"
2026-08-12 13:32:33,827 [INFO] Progress: [279/6923] | Done: 259 | Skipped: 20 | Failed: 0 | RPM: 7.3 | Avg Lat: 8.26s | 429 Hits: 0 | ETA: 914m 38s
2026-08-12 13:32:41,524 [INFO] HTTP Request: POST http://localhost:11434/v1/chat/completions "HTTP/1.1 200 OK"
2026-08-12 13:32:41,526 [INFO] Progress: [280/6923] | Done: 260 | Skipped: 20 | Failed: 0 | RPM: 7.3 | Avg Lat: 8.25s | 429 Hits: 0 | ETA: 914m 16s
2026-08-12 13:32:50,086 [INFO] HTTP Request: POST http://localhost:11434/v1/chat/completions "HTTP/1.1 200 OK"
2026-08-12 13:32:50,090 [INFO] Progress: [281/6923] | Done: 261 | Skipped: 20 | Failed: 0 | RPM: 7.3 | Avg Lat: 8.26s | 429 Hits: 0 | ETA: 914m 15s
2026-08-12 13:32:57,598 [INFO] HTTP Request: POST http://localhost:11434/v1/chat/completions "HTTP/1.1 200 OK"
2026-08-12 13:32:57,602 [INFO] Progress: [282/6923] | Done: 262 | Skipped: 20 | Failed: 0 | RPM: 7.3 | Avg Lat: 8.25s | 429 Hits: 0 | ETA: 913m 48s
2026-08-12 13:33:05,729 [INFO] HTTP Request: POST http://localhost:11434/v1/chat/completions "HTTP/1.1 200 OK"
2026-08-12 13:33:05,733 [INFO] Progress: [283/6923] | Done: 263 | Skipped: 20 | Failed: 0 | RPM: 7.3 | Avg Lat: 8.25s | 429 Hits: 0 | ETA: 913m 37s
2026-08-12 13:33:17,119 [INFO] HTTP Request: POST http://localhost:11434/v1/chat/completions "HTTP/1.1 200 OK"
2026-08-12 13:33:17,128 [INFO] Progress: [284/6923] | Done: 264 | Skipped: 20 | Failed: 0 | RPM: 7.3 | Avg Lat: 8.26s | 429 Hits: 0 | ETA: 914m 48s
2026-08-12 13:33:27,276 [INFO] HTTP Request: POST http://localhost:11434/v1/chat/completions "HTTP/1.1 200 OK"
2026-08-12 13:33:27,279 [INFO] Progress: [285/6923] | Done: 265 | Skipped: 20 | Failed: 0 | RPM: 7.3 | Avg Lat: 8.27s | 429 Hits: 0 | ETA: 915m 26s
2026-08-12 13:33:34,857 [INFO] HTTP Request: POST http://localhost:11434/v1/chat/completions "HTTP/1.1 200 OK"
2026-08-12 13:33:34,860 [INFO] Progress: [286/6923] | Done: 266 | Skipped: 20 | Failed: 0 | RPM: 7.3 | Avg Lat: 8.27s | 429 Hits: 0 | ETA: 915m 1s
2026-08-12 13:33:42,151 [INFO] HTTP Request: POST http://localhost:11434/v1/chat/completions "HTTP/1.1 200 OK"
2026-08-12 13:33:42,155 [INFO] Progress: [287/6923] | Done: 267 | Skipped: 20 | Failed: 0 | RPM: 7.3 | Avg Lat: 8.26s | 429 Hits: 0 | ETA: 914m 28s
2026-08-12 13:33:49,635 [INFO] HTTP Request: POST http://localhost:11434/v1/chat/completions "HTTP/1.1 200 OK"
2026-08-12 13:33:49,640 [INFO] Progress: [288/6923] | Done: 268 | Skipped: 20 | Failed: 0 | RPM: 7.3 | Avg Lat: 8.26s | 429 Hits: 0 | ETA: 914m 1s
2026-08-12 13:33:57,385 [INFO] HTTP Request: POST http://localhost:11434/v1/chat/completions "HTTP/1.1 200 OK"
2026-08-12 13:33:57,388 [INFO] Progress: [289/6923] | Done: 269 | Skipped: 20 | Failed: 0 | RPM: 7.3 | Avg Lat: 8.26s | 429 Hits: 0 | ETA: 913m 40s
2026-08-12 13:34:05,396 [INFO] HTTP Request: POST http://localhost:11434/v1/chat/completions "HTTP/1.1 200 OK"
2026-08-12 13:34:05,399 [INFO] Progress: [290/6923] | Done: 270 | Skipped: 20 | Failed: 0 | RPM: 7.3 | Avg Lat: 8.26s | 429 Hits: 0 | ETA: 913m 25s
2026-08-12 13:34:12,986 [INFO] HTTP Request: POST http://localhost:11434/v1/chat/completions "HTTP/1.1 200 OK"
2026-08-12 13:34:12,989 [INFO] Progress: [291/6923] | Done: 271 | Skipped: 20 | Failed: 0 | RPM: 7.3 | Avg Lat: 8.26s | 429 Hits: 0 | ETA: 913m 0s
2026-08-12 13:34:20,828 [INFO] HTTP Request: POST http://localhost:11434/v1/chat/completions "HTTP/1.1 200 OK"
2026-08-12 13:34:20,831 [INFO] Progress: [292/6923] | Done: 272 | Skipped: 20 | Failed: 0 | RPM: 7.3 | Avg Lat: 8.26s | 429 Hits: 0 | ETA: 912m 42s
2026-08-12 13:34:28,912 [INFO] HTTP Request: POST http://localhost:11434/v1/chat/completions "HTTP/1.1 200 OK"
2026-08-12 13:34:28,916 [INFO] Progress: [293/6923] | Done: 273 | Skipped: 20 | Failed: 0 | RPM: 7.3 | Avg Lat: 8.25s | 429 Hits: 0 | ETA: 912m 30s
2026-08-12 13:34:36,658 [INFO] HTTP Request: POST http://localhost:11434/v1/chat/completions "HTTP/1.1 200 OK"
2026-08-12 13:34:36,661 [INFO] Progress: [294/6923] | Done: 274 | Skipped: 20 | Failed: 0 | RPM: 7.3 | Avg Lat: 8.25s | 429 Hits: 0 | ETA: 912m 9s
2026-08-12 13:34:44,598 [INFO] HTTP Request: POST http://localhost:11434/v1/chat/completions "HTTP/1.1 200 OK"
2026-08-12 13:34:44,601 [INFO] Progress: [295/6923] | Done: 275 | Skipped: 20 | Failed: 0 | RPM: 7.3 | Avg Lat: 8.25s | 429 Hits: 0 | ETA: 911m 53s
2026-08-12 13:34:52,100 [INFO] HTTP Request: POST http://localhost:11434/v1/chat/completions "HTTP/1.1 200 OK"
2026-08-12 13:34:52,105 [INFO] Progress: [296/6923] | Done: 276 | Skipped: 20 | Failed: 0 | RPM: 7.3 | Avg Lat: 8.25s | 429 Hits: 0 | ETA: 911m 27s
2026-08-12 13:35:00,194 [INFO] HTTP Request: POST http://localhost:11434/v1/chat/completions "HTTP/1.1 200 OK"
2026-08-12 13:35:00,198 [INFO] Progress: [297/6923] | Done: 277 | Skipped: 20 | Failed: 0 | RPM: 7.3 | Avg Lat: 8.25s | 429 Hits: 0 | ETA: 911m 15s
2026-08-12 13:35:08,309 [INFO] HTTP Request: POST http://localhost:11434/v1/chat/completions "HTTP/1.1 200 OK"
2026-08-12 13:35:08,318 [INFO] Progress: [298/6923] | Done: 278 | Skipped: 20 | Failed: 0 | RPM: 7.3 | Avg Lat: 8.25s | 429 Hits: 0 | ETA: 911m 3s
2026-08-12 13:35:16,165 [INFO] HTTP Request: POST http://localhost:11434/v1/chat/completions "HTTP/1.1 200 OK"
2026-08-12 13:35:16,169 [INFO] Progress: [299/6923] | Done: 279 | Skipped: 20 | Failed: 0 | RPM: 7.3 | Avg Lat: 8.25s | 429 Hits: 0 | ETA: 910m 45s
2026-08-12 13:35:26,652 [INFO] HTTP Request: POST http://localhost:11434/v1/chat/completions "HTTP/1.1 200 OK"
2026-08-12 13:35:26,655 [INFO] Progress: [300/6923] | Done: 280 | Skipped: 20 | Failed: 0 | RPM: 7.3 | Avg Lat: 8.25s | 429 Hits: 0 | ETA: 911m 30s
2026-08-12 13:35:34,502 [INFO] HTTP Request: POST http://localhost:11434/v1/chat/completions "HTTP/1.1 200 OK"
2026-08-12 13:35:34,505 [INFO] Progress: [301/6923] | Done: 281 | Skipped: 20 | Failed: 0 | RPM: 7.3 | Avg Lat: 8.25s | 429 Hits: 0 | ETA: 911m 12s
2026-08-12 13:35:42,204 [INFO] HTTP Request: POST http://localhost:11434/v1/chat/completions "HTTP/1.1 200 OK"
2026-08-12 13:35:42,207 [INFO] Progress: [302/6923] | Done: 282 | Skipped: 20 | Failed: 0 | RPM: 7.3 | Avg Lat: 8.25s | 429 Hits: 0 | ETA: 910m 51s
2026-08-12 13:35:50,183 [INFO] HTTP Request: POST http://localhost:11434/v1/chat/completions "HTTP/1.1 200 OK"
2026-08-12 13:35:50,188 [INFO] Progress: [303/6923] | Done: 283 | Skipped: 20 | Failed: 0 | RPM: 7.3 | Avg Lat: 8.25s | 429 Hits: 0 | ETA: 910m 36s
2026-08-12 13:35:58,013 [INFO] HTTP Request: POST http://localhost:11434/v1/chat/completions "HTTP/1.1 200 OK"
2026-08-12 13:35:58,017 [INFO] Progress: [304/6923] | Done: 284 | Skipped: 20 | Failed: 0 | RPM: 7.3 | Avg Lat: 8.25s | 429 Hits: 0 | ETA: 910m 18s
2026-08-12 13:36:05,341 [INFO] HTTP Request: POST http://localhost:11434/v1/chat/completions "HTTP/1.1 200 OK"
2026-08-12 13:36:05,345 [INFO] Progress: [305/6923] | Done: 285 | Skipped: 20 | Failed: 0 | RPM: 7.3 | Avg Lat: 8.25s | 429 Hits: 0 | ETA: 909m 49s
2026-08-12 13:36:13,264 [INFO] HTTP Request: POST http://localhost:11434/v1/chat/completions "HTTP/1.1 200 OK"
2026-08-12 13:36:13,268 [INFO] Progress: [306/6923] | Done: 286 | Skipped: 20 | Failed: 0 | RPM: 7.3 | Avg Lat: 8.24s | 429 Hits: 0 | ETA: 909m 33s
2026-08-12 13:36:20,822 [INFO] HTTP Request: POST http://localhost:11434/v1/chat/completions "HTTP/1.1 200 OK"
2026-08-12 13:36:20,825 [INFO] Progress: [307/6923] | Done: 287 | Skipped: 20 | Failed: 0 | RPM: 7.3 | Avg Lat: 8.24s | 429 Hits: 0 | ETA: 909m 9s
2026-08-12 13:36:28,380 [INFO] HTTP Request: POST http://localhost:11434/v1/chat/completions "HTTP/1.1 200 OK"
2026-08-12 13:36:28,384 [INFO] Progress: [308/6923] | Done: 288 | Skipped: 20 | Failed: 0 | RPM: 7.3 | Avg Lat: 8.24s | 429 Hits: 0 | ETA: 908m 45s
2026-08-12 13:36:36,005 [INFO] HTTP Request: POST http://localhost:11434/v1/chat/completions "HTTP/1.1 200 OK"
2026-08-12 13:36:36,008 [INFO] Progress: [309/6923] | Done: 289 | Skipped: 20 | Failed: 0 | RPM: 7.3 | Avg Lat: 8.24s | 429 Hits: 0 | ETA: 908m 22s
2026-08-12 13:36:43,887 [INFO] HTTP Request: POST http://localhost:11434/v1/chat/completions "HTTP/1.1 200 OK"
2026-08-12 13:36:43,890 [INFO] Progress: [310/6923] | Done: 290 | Skipped: 20 | Failed: 0 | RPM: 7.3 | Avg Lat: 8.24s | 429 Hits: 0 | ETA: 908m 6s
2026-08-12 13:36:51,669 [INFO] HTTP Request: POST http://localhost:11434/v1/chat/completions "HTTP/1.1 200 OK"
2026-08-12 13:36:51,673 [INFO] Progress: [311/6923] | Done: 291 | Skipped: 20 | Failed: 0 | RPM: 7.3 | Avg Lat: 8.23s | 429 Hits: 0 | ETA: 907m 47s
2026-08-12 13:36:59,585 [INFO] HTTP Request: POST http://localhost:11434/v1/chat/completions "HTTP/1.1 200 OK"
2026-08-12 13:36:59,589 [INFO] Progress: [312/6923] | Done: 292 | Skipped: 20 | Failed: 0 | RPM: 7.3 | Avg Lat: 8.23s | 429 Hits: 0 | ETA: 907m 32s
2026-08-12 13:37:07,082 [INFO] HTTP Request: POST http://localhost:11434/v1/chat/completions "HTTP/1.1 200 OK"
2026-08-12 13:37:07,087 [INFO] Progress: [313/6923] | Done: 293 | Skipped: 20 | Failed: 0 | RPM: 7.3 | Avg Lat: 8.23s | 429 Hits: 0 | ETA: 907m 7s
2026-08-12 13:37:14,835 [INFO] HTTP Request: POST http://localhost:11434/v1/chat/completions "HTTP/1.1 200 OK"
2026-08-12 13:37:14,839 [INFO] Progress: [314/6923] | Done: 294 | Skipped: 20 | Failed: 0 | RPM: 7.3 | Avg Lat: 8.23s | 429 Hits: 0 | ETA: 906m 48s
2026-08-12 13:37:23,899 [INFO] HTTP Request: POST http://localhost:11434/v1/chat/completions "HTTP/1.1 200 OK"
2026-08-12 13:37:23,903 [INFO] Progress: [315/6923] | Done: 295 | Skipped: 20 | Failed: 0 | RPM: 7.3 | Avg Lat: 8.23s | 429 Hits: 0 | ETA: 906m 58s
2026-08-12 13:37:31,297 [INFO] HTTP Request: POST http://localhost:11434/v1/chat/completions "HTTP/1.1 200 OK"
2026-08-12 13:37:31,301 [INFO] Progress: [316/6923] | Done: 296 | Skipped: 20 | Failed: 0 | RPM: 7.3 | Avg Lat: 8.23s | 429 Hits: 0 | ETA: 906m 31s
2026-08-12 13:37:39,069 [INFO] HTTP Request: POST http://localhost:11434/v1/chat/completions "HTTP/1.1 200 OK"
2026-08-12 13:37:39,073 [INFO] Progress: [317/6923] | Done: 297 | Skipped: 20 | Failed: 0 | RPM: 7.3 | Avg Lat: 8.23s | 429 Hits: 0 | ETA: 906m 13s
2026-08-12 13:37:46,748 [INFO] HTTP Request: POST http://localhost:11434/v1/chat/completions "HTTP/1.1 200 OK"
2026-08-12 13:37:46,752 [INFO] Progress: [318/6923] | Done: 298 | Skipped: 20 | Failed: 0 | RPM: 7.3 | Avg Lat: 8.23s | 429 Hits: 0 | ETA: 905m 52s
2026-08-12 13:37:54,663 [INFO] HTTP Request: POST http://localhost:11434/v1/chat/completions "HTTP/1.1 200 OK"
2026-08-12 13:37:54,667 [INFO] Progress: [319/6923] | Done: 299 | Skipped: 20 | Failed: 0 | RPM: 7.3 | Avg Lat: 8.22s | 429 Hits: 0 | ETA: 905m 37s
2026-08-12 13:38:02,334 [INFO] HTTP Request: POST http://localhost:11434/v1/chat/completions "HTTP/1.1 200 OK"
2026-08-12 13:38:02,344 [INFO] Progress: [320/6923] | Done: 300 | Skipped: 20 | Failed: 0 | RPM: 7.3 | Avg Lat: 8.22s | 429 Hits: 0 | ETA: 905m 17s
2026-08-12 13:38:11,540 [INFO] HTTP Request: POST http://localhost:11434/v1/chat/completions "HTTP/1.1 200 OK"
2026-08-12 13:38:11,548 [INFO] Progress: [321/6923] | Done: 301 | Skipped: 20 | Failed: 0 | RPM: 7.3 | Avg Lat: 8.23s | 429 Hits: 0 | ETA: 905m 30s
2026-08-12 13:38:22,422 [INFO] HTTP Request: POST http://localhost:11434/v1/chat/completions "HTTP/1.1 200 OK"
2026-08-12 13:38:22,431 [INFO] Progress: [322/6923] | Done: 302 | Skipped: 20 | Failed: 0 | RPM: 7.3 | Avg Lat: 8.23s | 429 Hits: 0 | ETA: 906m 20s
2026-08-12 13:38:30,563 [INFO] HTTP Request: POST http://localhost:11434/v1/chat/completions "HTTP/1.1 200 OK"
2026-08-12 13:38:30,568 [INFO] Progress: [323/6923] | Done: 303 | Skipped: 20 | Failed: 0 | RPM: 7.3 | Avg Lat: 8.23s | 429 Hits: 0 | ETA: 906m 9s
2026-08-12 13:38:38,883 [INFO] HTTP Request: POST http://localhost:11434/v1/chat/completions "HTTP/1.1 200 OK"
2026-08-12 13:38:38,889 [INFO] Progress: [324/6923] | Done: 304 | Skipped: 20 | Failed: 0 | RPM: 7.3 | Avg Lat: 8.23s | 429 Hits: 0 | ETA: 906m 3s
2026-08-12 13:38:48,513 [INFO] HTTP Request: POST http://localhost:11434/v1/chat/completions "HTTP/1.1 200 OK"
2026-08-12 13:38:48,524 [INFO] Progress: [325/6923] | Done: 305 | Skipped: 20 | Failed: 0 | RPM: 7.3 | Avg Lat: 8.24s | 429 Hits: 0 | ETA: 906m 25s
2026-08-12 13:38:56,209 [INFO] HTTP Request: POST http://localhost:11434/v1/chat/completions "HTTP/1.1 200 OK"
2026-08-12 13:38:56,215 [INFO] Progress: [326/6923] | Done: 306 | Skipped: 20 | Failed: 0 | RPM: 7.3 | Avg Lat: 8.24s | 429 Hits: 0 | ETA: 906m 5s
2026-08-12 13:39:06,332 [INFO] HTTP Request: POST http://localhost:11434/v1/chat/completions "HTTP/1.1 200 OK"
2026-08-12 13:39:06,336 [INFO] Progress: [327/6923] | Done: 307 | Skipped: 20 | Failed: 0 | RPM: 7.3 | Avg Lat: 8.24s | 429 Hits: 0 | ETA: 906m 37s
2026-08-12 13:39:16,016 [INFO] HTTP Request: POST http://localhost:11434/v1/chat/completions "HTTP/1.1 200 OK"
2026-08-12 13:39:16,019 [INFO] Progress: [328/6923] | Done: 308 | Skipped: 20 | Failed: 0 | RPM: 7.3 | Avg Lat: 8.25s | 429 Hits: 0 | ETA: 906m 59s
2026-08-12 13:39:23,888 [INFO] HTTP Request: POST http://localhost:11434/v1/chat/completions "HTTP/1.1 200 OK"
2026-08-12 13:39:23,893 [INFO] Progress: [329/6923] | Done: 309 | Skipped: 20 | Failed: 0 | RPM: 7.3 | Avg Lat: 8.25s | 429 Hits: 0 | ETA: 906m 43s
2026-08-12 13:39:31,702 [INFO] HTTP Request: POST http://localhost:11434/v1/chat/completions "HTTP/1.1 200 OK"
2026-08-12 13:39:31,706 [INFO] Progress: [330/6923] | Done: 310 | Skipped: 20 | Failed: 0 | RPM: 7.3 | Avg Lat: 8.25s | 429 Hits: 0 | ETA: 906m 25s
2026-08-12 13:39:38,910 [INFO] HTTP Request: POST http://localhost:11434/v1/chat/completions "HTTP/1.1 200 OK"
2026-08-12 13:39:38,914 [INFO] Progress: [331/6923] | Done: 311 | Skipped: 20 | Failed: 0 | RPM: 7.3 | Avg Lat: 8.24s | 429 Hits: 0 | ETA: 905m 55s
2026-08-12 13:39:47,684 [INFO] HTTP Request: POST http://localhost:11434/v1/chat/completions "HTTP/1.1 200 OK"
2026-08-12 13:39:47,694 [INFO] Progress: [332/6923] | Done: 312 | Skipped: 20 | Failed: 0 | RPM: 7.3 | Avg Lat: 8.24s | 429 Hits: 0 | ETA: 905m 58s
2026-08-12 13:39:55,502 [INFO] HTTP Request: POST http://localhost:11434/v1/chat/completions "HTTP/1.1 200 OK"
2026-08-12 13:39:55,507 [INFO] Progress: [333/6923] | Done: 313 | Skipped: 20 | Failed: 0 | RPM: 7.3 | Avg Lat: 8.24s | 429 Hits: 0 | ETA: 905m 41s
2026-08-12 13:40:03,487 [INFO] HTTP Request: POST http://localhost:11434/v1/chat/completions "HTTP/1.1 200 OK"
2026-08-12 13:40:03,492 [INFO] Progress: [334/6923] | Done: 314 | Skipped: 20 | Failed: 0 | RPM: 7.3 | Avg Lat: 8.24s | 429 Hits: 0 | ETA: 905m 27s
2026-08-12 13:40:11,403 [INFO] HTTP Request: POST http://localhost:11434/v1/chat/completions "HTTP/1.1 200 OK"
2026-08-12 13:40:11,408 [INFO] Progress: [335/6923] | Done: 315 | Skipped: 20 | Failed: 0 | RPM: 7.3 | Avg Lat: 8.24s | 429 Hits: 0 | ETA: 905m 12s
2026-08-12 13:40:20,777 [INFO] HTTP Request: POST http://localhost:11434/v1/chat/completions "HTTP/1.1 200 OK"
2026-08-12 13:40:20,784 [INFO] Progress: [336/6923] | Done: 316 | Skipped: 20 | Failed: 0 | RPM: 7.3 | Avg Lat: 8.24s | 429 Hits: 0 | ETA: 905m 27s
2026-08-12 13:40:29,033 [INFO] HTTP Request: POST http://localhost:11434/v1/chat/completions "HTTP/1.1 200 OK"
2026-08-12 13:40:29,043 [INFO] Progress: [337/6923] | Done: 317 | Skipped: 20 | Failed: 0 | RPM: 7.3 | Avg Lat: 8.24s | 429 Hits: 0 | ETA: 905m 19s
2026-08-12 13:40:36,780 [INFO] HTTP Request: POST http://localhost:11434/v1/chat/completions "HTTP/1.1 200 OK"
2026-08-12 13:40:36,784 [INFO] Progress: [338/6923] | Done: 318 | Skipped: 20 | Failed: 0 | RPM: 7.3 | Avg Lat: 8.24s | 429 Hits: 0 | ETA: 905m 0s
2026-08-12 13:40:45,148 [INFO] HTTP Request: POST http://localhost:11434/v1/chat/completions "HTTP/1.1 200 OK"
2026-08-12 13:40:45,153 [INFO] Progress: [339/6923] | Done: 319 | Skipped: 20 | Failed: 0 | RPM: 7.3 | Avg Lat: 8.24s | 429 Hits: 0 | ETA: 904m 55s
2026-08-12 13:40:53,145 [INFO] HTTP Request: POST http://localhost:11434/v1/chat/completions "HTTP/1.1 200 OK"
2026-08-12 13:40:53,149 [INFO] Progress: [340/6923] | Done: 320 | Skipped: 20 | Failed: 0 | RPM: 7.3 | Avg Lat: 8.24s | 429 Hits: 0 | ETA: 904m 41s
2026-08-12 13:41:04,187 [INFO] HTTP Request: POST http://localhost:11434/v1/chat/completions "HTTP/1.1 200 OK"
2026-08-12 13:41:04,193 [INFO] Progress: [341/6923] | Done: 321 | Skipped: 20 | Failed: 0 | RPM: 7.3 | Avg Lat: 8.25s | 429 Hits: 0 | ETA: 905m 31s
2026-08-12 13:41:11,990 [INFO] HTTP Request: POST http://localhost:11434/v1/chat/completions "HTTP/1.1 200 OK"
2026-08-12 13:41:12,000 [INFO] Progress: [342/6923] | Done: 322 | Skipped: 20 | Failed: 0 | RPM: 7.3 | Avg Lat: 8.25s | 429 Hits: 0 | ETA: 905m 13s
2026-08-12 13:41:21,834 [INFO] HTTP Request: POST http://localhost:11434/v1/chat/completions "HTTP/1.1 200 OK"
2026-08-12 13:41:21,844 [INFO] Progress: [343/6923] | Done: 323 | Skipped: 20 | Failed: 0 | RPM: 7.3 | Avg Lat: 8.25s | 429 Hits: 0 | ETA: 905m 37s
2026-08-12 13:41:29,718 [INFO] HTTP Request: POST http://localhost:11434/v1/chat/completions "HTTP/1.1 200 OK"
2026-08-12 13:41:29,721 [INFO] Progress: [344/6923] | Done: 324 | Skipped: 20 | Failed: 0 | RPM: 7.3 | Avg Lat: 8.25s | 429 Hits: 0 | ETA: 905m 21s
2026-08-12 13:41:37,392 [INFO] HTTP Request: POST http://localhost:11434/v1/chat/completions "HTTP/1.1 200 OK"
2026-08-12 13:41:37,397 [INFO] Progress: [345/6923] | Done: 325 | Skipped: 20 | Failed: 0 | RPM: 7.3 | Avg Lat: 8.25s | 429 Hits: 0 | ETA: 905m 1s
2026-08-12 13:41:45,160 [INFO] HTTP Request: POST http://localhost:11434/v1/chat/completions "HTTP/1.1 200 OK"
2026-08-12 13:41:45,165 [INFO] Progress: [346/6923] | Done: 326 | Skipped: 20 | Failed: 0 | RPM: 7.3 | Avg Lat: 8.25s | 429 Hits: 0 | ETA: 904m 43s
2026-08-12 13:41:53,009 [INFO] HTTP Request: POST http://localhost:11434/v1/chat/completions "HTTP/1.1 200 OK"
2026-08-12 13:41:53,013 [INFO] Progress: [347/6923] | Done: 327 | Skipped: 20 | Failed: 0 | RPM: 7.3 | Avg Lat: 8.25s | 429 Hits: 0 | ETA: 904m 27s
2026-08-12 13:42:00,939 [INFO] HTTP Request: POST http://localhost:11434/v1/chat/completions "HTTP/1.1 200 OK"
2026-08-12 13:42:00,948 [INFO] Progress: [348/6923] | Done: 328 | Skipped: 20 | Failed: 0 | RPM: 7.3 | Avg Lat: 8.25s | 429 Hits: 0 | ETA: 904m 12s
2026-08-12 13:42:08,634 [INFO] HTTP Request: POST http://localhost:11434/v1/chat/completions "HTTP/1.1 200 OK"
2026-08-12 13:42:08,638 [INFO] Progress: [349/6923] | Done: 329 | Skipped: 20 | Failed: 0 | RPM: 7.3 | Avg Lat: 8.25s | 429 Hits: 0 | ETA: 903m 53s
2026-08-12 13:42:16,677 [INFO] HTTP Request: POST http://localhost:11434/v1/chat/completions "HTTP/1.1 200 OK"
2026-08-12 13:42:16,681 [INFO] Progress: [350/6923] | Done: 330 | Skipped: 20 | Failed: 0 | RPM: 7.3 | Avg Lat: 8.25s | 429 Hits: 0 | ETA: 903m 40s
2026-08-12 13:42:27,049 [INFO] HTTP Request: POST http://localhost:11434/v1/chat/completions "HTTP/1.1 200 OK"
2026-08-12 13:42:27,053 [INFO] Progress: [351/6923] | Done: 331 | Skipped: 20 | Failed: 0 | RPM: 7.3 | Avg Lat: 8.25s | 429 Hits: 0 | ETA: 904m 14s
2026-08-12 13:42:35,256 [INFO] HTTP Request: POST http://localhost:11434/v1/chat/completions "HTTP/1.1 200 OK"
2026-08-12 13:42:35,260 [INFO] Progress: [352/6923] | Done: 332 | Skipped: 20 | Failed: 0 | RPM: 7.3 | Avg Lat: 8.25s | 429 Hits: 0 | ETA: 904m 5s
2026-08-12 13:42:43,152 [INFO] HTTP Request: POST http://localhost:11434/v1/chat/completions "HTTP/1.1 200 OK"
2026-08-12 13:42:43,156 [INFO] Progress: [353/6923] | Done: 333 | Skipped: 20 | Failed: 0 | RPM: 7.3 | Avg Lat: 8.25s | 429 Hits: 0 | ETA: 903m 50s
2026-08-12 13:42:50,867 [INFO] HTTP Request: POST http://localhost:11434/v1/chat/completions "HTTP/1.1 200 OK"
2026-08-12 13:42:50,876 [INFO] Progress: [354/6923] | Done: 334 | Skipped: 20 | Failed: 0 | RPM: 7.3 | Avg Lat: 8.25s | 429 Hits: 0 | ETA: 903m 31s
2026-08-12 13:42:58,880 [INFO] HTTP Request: POST http://localhost:11434/v1/chat/completions "HTTP/1.1 200 OK"
2026-08-12 13:42:58,885 [INFO] Progress: [355/6923] | Done: 335 | Skipped: 20 | Failed: 0 | RPM: 7.3 | Avg Lat: 8.25s | 429 Hits: 0 | ETA: 903m 18s
2026-08-12 13:43:06,729 [INFO] HTTP Request: POST http://localhost:11434/v1/chat/completions "HTTP/1.1 200 OK"
2026-08-12 13:43:06,735 [INFO] Progress: [356/6923] | Done: 336 | Skipped: 20 | Failed: 0 | RPM: 7.3 | Avg Lat: 8.25s | 429 Hits: 0 | ETA: 903m 2s
2026-08-12 13:43:14,349 [INFO] HTTP Request: POST http://localhost:11434/v1/chat/completions "HTTP/1.1 200 OK"
2026-08-12 13:43:14,354 [INFO] Progress: [357/6923] | Done: 337 | Skipped: 20 | Failed: 0 | RPM: 7.3 | Avg Lat: 8.25s | 429 Hits: 0 | ETA: 902m 41s
2026-08-12 13:43:24,136 [INFO] HTTP Request: POST http://localhost:11434/v1/chat/completions "HTTP/1.1 200 OK"
2026-08-12 13:43:24,142 [INFO] Progress: [358/6923] | Done: 338 | Skipped: 20 | Failed: 0 | RPM: 7.3 | Avg Lat: 8.25s | 429 Hits: 0 | ETA: 903m 3s
2026-08-12 13:43:31,835 [INFO] HTTP Request: POST http://localhost:11434/v1/chat/completions "HTTP/1.1 200 OK"
2026-08-12 13:43:31,838 [INFO] Progress: [359/6923] | Done: 339 | Skipped: 20 | Failed: 0 | RPM: 7.3 | Avg Lat: 8.25s | 429 Hits: 0 | ETA: 902m 44s
2026-08-12 13:43:39,693 [INFO] HTTP Request: POST http://localhost:11434/v1/chat/completions "HTTP/1.1 200 OK"
2026-08-12 13:43:39,697 [INFO] Progress: [360/6923] | Done: 340 | Skipped: 20 | Failed: 0 | RPM: 7.3 | Avg Lat: 8.25s | 429 Hits: 0 | ETA: 902m 28s
2026-08-12 13:43:47,581 [INFO] HTTP Request: POST http://localhost:11434/v1/chat/completions "HTTP/1.1 200 OK"
2026-08-12 13:43:47,585 [INFO] Progress: [361/6923] | Done: 341 | Skipped: 20 | Failed: 0 | RPM: 7.3 | Avg Lat: 8.25s | 429 Hits: 0 | ETA: 902m 13s
2026-08-12 13:43:55,490 [INFO] HTTP Request: POST http://localhost:11434/v1/chat/completions "HTTP/1.1 200 OK"
2026-08-12 13:43:55,496 [INFO] Progress: [362/6923] | Done: 342 | Skipped: 20 | Failed: 0 | RPM: 7.3 | Avg Lat: 8.24s | 429 Hits: 0 | ETA: 901m 58s
2026-08-12 13:44:03,337 [INFO] HTTP Request: POST http://localhost:11434/v1/chat/completions "HTTP/1.1 200 OK"
2026-08-12 13:44:03,339 [INFO] Progress: [363/6923] | Done: 343 | Skipped: 20 | Failed: 0 | RPM: 7.3 | Avg Lat: 8.24s | 429 Hits: 0 | ETA: 901m 42s
2026-08-12 13:44:11,136 [INFO] HTTP Request: POST http://localhost:11434/v1/chat/completions "HTTP/1.1 200 OK"
2026-08-12 13:44:11,145 [INFO] Progress: [364/6923] | Done: 344 | Skipped: 20 | Failed: 0 | RPM: 7.3 | Avg Lat: 8.24s | 429 Hits: 0 | ETA: 901m 25s
2026-08-12 13:44:19,126 [INFO] HTTP Request: POST http://localhost:11434/v1/chat/completions "HTTP/1.1 200 OK"
2026-08-12 13:44:19,130 [INFO] Progress: [365/6923] | Done: 345 | Skipped: 20 | Failed: 0 | RPM: 7.3 | Avg Lat: 8.24s | 429 Hits: 0 | ETA: 901m 12s
2026-08-12 13:44:26,749 [INFO] HTTP Request: POST http://localhost:11434/v1/chat/completions "HTTP/1.1 200 OK"
2026-08-12 13:44:26,757 [INFO] Progress: [366/6923] | Done: 346 | Skipped: 20 | Failed: 0 | RPM: 7.3 | Avg Lat: 8.24s | 429 Hits: 0 | ETA: 900m 52s
2026-08-12 13:44:35,477 [INFO] HTTP Request: POST http://localhost:11434/v1/chat/completions "HTTP/1.1 200 OK"
2026-08-12 13:44:35,483 [INFO] Progress: [367/6923] | Done: 347 | Skipped: 20 | Failed: 0 | RPM: 7.3 | Avg Lat: 8.24s | 429 Hits: 0 | ETA: 900m 53s
2026-08-12 13:44:43,104 [INFO] HTTP Request: POST http://localhost:11434/v1/chat/completions "HTTP/1.1 200 OK"
2026-08-12 13:44:43,112 [INFO] Progress: [368/6923] | Done: 348 | Skipped: 20 | Failed: 0 | RPM: 7.3 | Avg Lat: 8.24s | 429 Hits: 0 | ETA: 900m 33s
2026-08-12 13:44:53,512 [INFO] HTTP Request: POST http://localhost:11434/v1/chat/completions "HTTP/1.1 200 OK"
2026-08-12 13:44:53,518 [INFO] Progress: [369/6923] | Done: 349 | Skipped: 20 | Failed: 0 | RPM: 7.3 | Avg Lat: 8.25s | 429 Hits: 0 | ETA: 901m 6s
2026-08-12 13:45:01,252 [INFO] HTTP Request: POST http://localhost:11434/v1/chat/completions "HTTP/1.1 200 OK"
2026-08-12 13:45:01,257 [INFO] Progress: [370/6923] | Done: 350 | Skipped: 20 | Failed: 0 | RPM: 7.3 | Avg Lat: 8.24s | 429 Hits: 0 | ETA: 900m 48s
2026-08-12 13:45:08,745 [INFO] HTTP Request: POST http://localhost:11434/v1/chat/completions "HTTP/1.1 200 OK"
2026-08-12 13:45:08,749 [INFO] Progress: [371/6923] | Done: 351 | Skipped: 20 | Failed: 0 | RPM: 7.3 | Avg Lat: 8.24s | 429 Hits: 0 | ETA: 900m 25s
2026-08-12 13:45:20,556 [INFO] HTTP Request: POST http://localhost:11434/v1/chat/completions "HTTP/1.1 200 OK"
2026-08-12 13:45:20,565 [INFO] Progress: [372/6923] | Done: 352 | Skipped: 20 | Failed: 0 | RPM: 7.3 | Avg Lat: 8.25s | 429 Hits: 0 | ETA: 901m 24s
2026-08-12 13:45:30,037 [INFO] HTTP Request: POST http://localhost:11434/v1/chat/completions "HTTP/1.1 200 OK"
2026-08-12 13:45:30,046 [INFO] Progress: [373/6923] | Done: 353 | Skipped: 20 | Failed: 0 | RPM: 7.3 | Avg Lat: 8.26s | 429 Hits: 0 | ETA: 901m 38s
2026-08-12 13:45:41,150 [INFO] HTTP Request: POST http://localhost:11434/v1/chat/completions "HTTP/1.1 200 OK"
2026-08-12 13:45:41,160 [INFO] Progress: [374/6923] | Done: 354 | Skipped: 20 | Failed: 0 | RPM: 7.3 | Avg Lat: 8.26s | 429 Hits: 0 | ETA: 902m 23s
2026-08-12 13:45:48,804 [INFO] HTTP Request: POST http://localhost:11434/v1/chat/completions "HTTP/1.1 200 OK"
2026-08-12 13:45:48,808 [INFO] Progress: [375/6923] | Done: 355 | Skipped: 20 | Failed: 0 | RPM: 7.3 | Avg Lat: 8.26s | 429 Hits: 0 | ETA: 902m 3s
2026-08-12 13:45:58,411 [INFO] HTTP Request: POST http://localhost:11434/v1/chat/completions "HTTP/1.1 200 OK"
2026-08-12 13:45:58,415 [INFO] Progress: [376/6923] | Done: 356 | Skipped: 20 | Failed: 0 | RPM: 7.3 | Avg Lat: 8.27s | 429 Hits: 0 | ETA: 902m 19s
2026-08-12 13:46:05,833 [INFO] HTTP Request: POST http://localhost:11434/v1/chat/completions "HTTP/1.1 200 OK"
2026-08-12 13:46:05,837 [INFO] Progress: [377/6923] | Done: 357 | Skipped: 20 | Failed: 0 | RPM: 7.3 | Avg Lat: 8.26s | 429 Hits: 0 | ETA: 901m 56s
2026-08-12 13:46:13,464 [INFO] HTTP Request: POST http://localhost:11434/v1/chat/completions "HTTP/1.1 200 OK"
2026-08-12 13:46:13,473 [INFO] Progress: [378/6923] | Done: 358 | Skipped: 20 | Failed: 0 | RPM: 7.3 | Avg Lat: 8.26s | 429 Hits: 0 | ETA: 901m 36s
2026-08-12 13:46:22,470 [INFO] HTTP Request: POST http://localhost:11434/v1/chat/completions "HTTP/1.1 200 OK"
2026-08-12 13:46:22,479 [INFO] Progress: [379/6923] | Done: 359 | Skipped: 20 | Failed: 0 | RPM: 7.3 | Avg Lat: 8.26s | 429 Hits: 0 | ETA: 901m 41s
2026-08-12 13:46:30,039 [INFO] HTTP Request: POST http://localhost:11434/v1/chat/completions "HTTP/1.1 200 OK"
2026-08-12 13:46:30,044 [INFO] Progress: [380/6923] | Done: 360 | Skipped: 20 | Failed: 0 | RPM: 7.3 | Avg Lat: 8.26s | 429 Hits: 0 | ETA: 901m 20s
2026-08-12 13:46:38,816 [INFO] HTTP Request: POST http://localhost:11434/v1/chat/completions "HTTP/1.1 200 OK"
2026-08-12 13:46:38,821 [INFO] Progress: [381/6923] | Done: 361 | Skipped: 20 | Failed: 0 | RPM: 7.3 | Avg Lat: 8.26s | 429 Hits: 0 | ETA: 901m 21s
2026-08-12 13:46:47,752 [INFO] HTTP Request: POST http://localhost:11434/v1/chat/completions "HTTP/1.1 200 OK"
2026-08-12 13:46:47,761 [INFO] Progress: [382/6923] | Done: 362 | Skipped: 20 | Failed: 0 | RPM: 7.3 | Avg Lat: 8.26s | 429 Hits: 0 | ETA: 901m 25s
2026-08-12 13:46:55,352 [INFO] HTTP Request: POST http://localhost:11434/v1/chat/completions "HTTP/1.1 200 OK"
2026-08-12 13:46:55,356 [INFO] Progress: [383/6923] | Done: 363 | Skipped: 20 | Failed: 0 | RPM: 7.3 | Avg Lat: 8.26s | 429 Hits: 0 | ETA: 901m 4s
2026-08-12 13:47:03,226 [INFO] HTTP Request: POST http://localhost:11434/v1/chat/completions "HTTP/1.1 200 OK"
2026-08-12 13:47:03,231 [INFO] Progress: [384/6923] | Done: 364 | Skipped: 20 | Failed: 0 | RPM: 7.3 | Avg Lat: 8.26s | 429 Hits: 0 | ETA: 900m 49s
2026-08-12 13:47:11,243 [INFO] HTTP Request: POST http://localhost:11434/v1/chat/completions "HTTP/1.1 200 OK"
2026-08-12 13:47:11,247 [INFO] Progress: [385/6923] | Done: 365 | Skipped: 20 | Failed: 0 | RPM: 7.3 | Avg Lat: 8.26s | 429 Hits: 0 | ETA: 900m 36s
2026-08-12 13:47:18,883 [INFO] HTTP Request: POST http://localhost:11434/v1/chat/completions "HTTP/1.1 200 OK"
2026-08-12 13:47:18,887 [INFO] Progress: [386/6923] | Done: 366 | Skipped: 20 | Failed: 0 | RPM: 7.3 | Avg Lat: 8.26s | 429 Hits: 0 | ETA: 900m 17s
2026-08-12 13:47:26,781 [INFO] HTTP Request: POST http://localhost:11434/v1/chat/completions "HTTP/1.1 200 OK"
2026-08-12 13:47:26,786 [INFO] Progress: [387/6923] | Done: 367 | Skipped: 20 | Failed: 0 | RPM: 7.3 | Avg Lat: 8.26s | 429 Hits: 0 | ETA: 900m 2s
2026-08-12 13:47:34,337 [INFO] HTTP Request: POST http://localhost:11434/v1/chat/completions "HTTP/1.1 200 OK"
2026-08-12 13:47:34,341 [INFO] Progress: [388/6923] | Done: 368 | Skipped: 20 | Failed: 0 | RPM: 7.3 | Avg Lat: 8.26s | 429 Hits: 0 | ETA: 899m 41s
2026-08-12 13:47:46,796 [INFO] HTTP Request: POST http://localhost:11434/v1/chat/completions "HTTP/1.1 200 OK"
2026-08-12 13:47:46,805 [INFO] Progress: [389/6923] | Done: 369 | Skipped: 20 | Failed: 0 | RPM: 7.3 | Avg Lat: 8.27s | 429 Hits: 0 | ETA: 900m 48s
2026-08-12 13:47:54,350 [INFO] HTTP Request: POST http://localhost:11434/v1/chat/completions "HTTP/1.1 200 OK"
2026-08-12 13:47:54,354 [INFO] Progress: [390/6923] | Done: 370 | Skipped: 20 | Failed: 0 | RPM: 7.3 | Avg Lat: 8.27s | 429 Hits: 0 | ETA: 900m 27s
2026-08-12 13:48:02,056 [INFO] HTTP Request: POST http://localhost:11434/v1/chat/completions "HTTP/1.1 200 OK"
2026-08-12 13:48:02,061 [INFO] Progress: [391/6923] | Done: 371 | Skipped: 20 | Failed: 0 | RPM: 7.3 | Avg Lat: 8.26s | 429 Hits: 0 | ETA: 900m 8s
2026-08-12 13:48:10,000 [INFO] HTTP Request: POST http://localhost:11434/v1/chat/completions "HTTP/1.1 200 OK"
2026-08-12 13:48:10,009 [INFO] Progress: [392/6923] | Done: 372 | Skipped: 20 | Failed: 0 | RPM: 7.3 | Avg Lat: 8.26s | 429 Hits: 0 | ETA: 899m 54s
2026-08-12 13:48:17,827 [INFO] HTTP Request: POST http://localhost:11434/v1/chat/completions "HTTP/1.1 200 OK"
2026-08-12 13:48:17,831 [INFO] Progress: [393/6923] | Done: 373 | Skipped: 20 | Failed: 0 | RPM: 7.3 | Avg Lat: 8.26s | 429 Hits: 0 | ETA: 899m 38s
2026-08-12 13:48:25,774 [INFO] HTTP Request: POST http://localhost:11434/v1/chat/completions "HTTP/1.1 200 OK"
2026-08-12 13:48:25,784 [INFO] Progress: [394/6923] | Done: 374 | Skipped: 20 | Failed: 0 | RPM: 7.3 | Avg Lat: 8.26s | 429 Hits: 0 | ETA: 899m 25s
2026-08-12 13:48:34,365 [INFO] HTTP Request: POST http://localhost:11434/v1/chat/completions "HTTP/1.1 200 OK"
2026-08-12 13:48:34,375 [INFO] Progress: [395/6923] | Done: 375 | Skipped: 20 | Failed: 0 | RPM: 7.3 | Avg Lat: 8.26s | 429 Hits: 0 | ETA: 899m 22s
2026-08-12 13:48:42,214 [INFO] HTTP Request: POST http://localhost:11434/v1/chat/completions "HTTP/1.1 200 OK"
2026-08-12 13:48:42,218 [INFO] Progress: [396/6923] | Done: 376 | Skipped: 20 | Failed: 0 | RPM: 7.3 | Avg Lat: 8.26s | 429 Hits: 0 | ETA: 899m 6s
2026-08-12 13:48:50,060 [INFO] HTTP Request: POST http://localhost:11434/v1/chat/completions "HTTP/1.1 200 OK"
2026-08-12 13:48:50,064 [INFO] Progress: [397/6923] | Done: 377 | Skipped: 20 | Failed: 0 | RPM: 7.3 | Avg Lat: 8.26s | 429 Hits: 0 | ETA: 898m 51s
2026-08-12 13:48:58,419 [INFO] HTTP Request: POST http://localhost:11434/v1/chat/completions "HTTP/1.1 200 OK"
2026-08-12 13:48:58,423 [INFO] Progress: [398/6923] | Done: 378 | Skipped: 20 | Failed: 0 | RPM: 7.3 | Avg Lat: 8.26s | 429 Hits: 0 | ETA: 898m 44s
2026-08-12 13:49:06,145 [INFO] HTTP Request: POST http://localhost:11434/v1/chat/completions "HTTP/1.1 200 OK"
2026-08-12 13:49:06,150 [INFO] Progress: [399/6923] | Done: 379 | Skipped: 20 | Failed: 0 | RPM: 7.3 | Avg Lat: 8.26s | 429 Hits: 0 | ETA: 898m 27s
2026-08-12 13:49:17,186 [INFO] HTTP Request: POST http://localhost:11434/v1/chat/completions "HTTP/1.1 200 OK"
2026-08-12 13:49:17,189 [INFO] Progress: [400/6923] | Done: 380 | Skipped: 20 | Failed: 0 | RPM: 7.3 | Avg Lat: 8.27s | 429 Hits: 0 | ETA: 899m 6s
2026-08-12 13:49:25,147 [INFO] HTTP Request: POST http://localhost:11434/v1/chat/completions "HTTP/1.1 200 OK"
2026-08-12 13:49:25,151 [INFO] Progress: [401/6923] | Done: 381 | Skipped: 20 | Failed: 0 | RPM: 7.3 | Avg Lat: 8.27s | 429 Hits: 0 | ETA: 898m 53s
2026-08-12 13:49:32,568 [INFO] HTTP Request: POST http://localhost:11434/v1/chat/completions "HTTP/1.1 200 OK"
2026-08-12 13:49:32,572 [INFO] Progress: [402/6923] | Done: 382 | Skipped: 20 | Failed: 0 | RPM: 7.3 | Avg Lat: 8.26s | 429 Hits: 0 | ETA: 898m 30s
2026-08-12 13:49:40,134 [INFO] HTTP Request: POST http://localhost:11434/v1/chat/completions "HTTP/1.1 200 OK"
2026-08-12 13:49:40,139 [INFO] Progress: [403/6923] | Done: 383 | Skipped: 20 | Failed: 0 | RPM: 7.3 | Avg Lat: 8.26s | 429 Hits: 0 | ETA: 898m 10s
2026-08-12 13:49:50,450 [INFO] HTTP Request: POST http://localhost:11434/v1/chat/completions "HTTP/1.1 200 OK"
2026-08-12 13:49:50,459 [INFO] Progress: [404/6923] | Done: 384 | Skipped: 20 | Failed: 0 | RPM: 7.3 | Avg Lat: 8.27s | 429 Hits: 0 | ETA: 898m 36s
2026-08-12 13:49:58,285 [INFO] HTTP Request: POST http://localhost:11434/v1/chat/completions "HTTP/1.1 200 OK"
2026-08-12 13:49:58,290 [INFO] Progress: [405/6923] | Done: 385 | Skipped: 20 | Failed: 0 | RPM: 7.3 | Avg Lat: 8.27s | 429 Hits: 0 | ETA: 898m 21s
2026-08-12 13:50:06,144 [INFO] HTTP Request: POST http://localhost:11434/v1/chat/completions "HTTP/1.1 200 OK"
2026-08-12 13:50:06,148 [INFO] Progress: [406/6923] | Done: 386 | Skipped: 20 | Failed: 0 | RPM: 7.3 | Avg Lat: 8.26s | 429 Hits: 0 | ETA: 898m 5s
2026-08-12 13:50:13,928 [INFO] HTTP Request: POST http://localhost:11434/v1/chat/completions "HTTP/1.1 200 OK"
2026-08-12 13:50:13,931 [INFO] Progress: [407/6923] | Done: 387 | Skipped: 20 | Failed: 0 | RPM: 7.3 | Avg Lat: 8.26s | 429 Hits: 0 | ETA: 897m 49s
2026-08-12 13:50:21,634 [INFO] HTTP Request: POST http://localhost:11434/v1/chat/completions "HTTP/1.1 200 OK"
2026-08-12 13:50:21,638 [INFO] Progress: [408/6923] | Done: 388 | Skipped: 20 | Failed: 0 | RPM: 7.3 | Avg Lat: 8.26s | 429 Hits: 0 | ETA: 897m 31s
2026-08-12 13:50:29,256 [INFO] HTTP Request: POST http://localhost:11434/v1/chat/completions "HTTP/1.1 200 OK"
2026-08-12 13:50:29,265 [INFO] Progress: [409/6923] | Done: 389 | Skipped: 20 | Failed: 0 | RPM: 7.3 | Avg Lat: 8.26s | 429 Hits: 0 | ETA: 897m 12s
2026-08-12 13:50:37,454 [INFO] HTTP Request: POST http://localhost:11434/v1/chat/completions "HTTP/1.1 200 OK"
2026-08-12 13:50:37,458 [INFO] Progress: [410/6923] | Done: 390 | Skipped: 20 | Failed: 0 | RPM: 7.3 | Avg Lat: 8.26s | 429 Hits: 0 | ETA: 897m 3s
2026-08-12 13:50:45,224 [INFO] HTTP Request: POST http://localhost:11434/v1/chat/completions "HTTP/1.1 200 OK"
2026-08-12 13:50:45,228 [INFO] Progress: [411/6923] | Done: 391 | Skipped: 20 | Failed: 0 | RPM: 7.3 | Avg Lat: 8.26s | 429 Hits: 0 | ETA: 896m 46s
2026-08-12 13:50:52,978 [INFO] HTTP Request: POST http://localhost:11434/v1/chat/completions "HTTP/1.1 200 OK"
2026-08-12 13:50:52,988 [INFO] Progress: [412/6923] | Done: 392 | Skipped: 20 | Failed: 0 | RPM: 7.3 | Avg Lat: 8.26s | 429 Hits: 0 | ETA: 896m 30s
2026-08-12 13:51:03,483 [INFO] HTTP Request: POST http://localhost:11434/v1/chat/completions "HTTP/1.1 200 OK"
2026-08-12 13:51:03,492 [INFO] Progress: [413/6923] | Done: 393 | Skipped: 20 | Failed: 0 | RPM: 7.3 | Avg Lat: 8.26s | 429 Hits: 0 | ETA: 896m 59s
2026-08-12 13:51:11,428 [INFO] HTTP Request: POST http://localhost:11434/v1/chat/completions "HTTP/1.1 200 OK"
2026-08-12 13:51:11,448 [INFO] Progress: [414/6923] | Done: 394 | Skipped: 20 | Failed: 0 | RPM: 7.3 | Avg Lat: 8.26s | 429 Hits: 0 | ETA: 896m 45s
2026-08-12 13:51:18,817 [INFO] HTTP Request: POST http://localhost:11434/v1/chat/completions "HTTP/1.1 200 OK"
2026-08-12 13:51:18,821 [INFO] Progress: [415/6923] | Done: 395 | Skipped: 20 | Failed: 0 | RPM: 7.3 | Avg Lat: 8.26s | 429 Hits: 0 | ETA: 896m 22s
2026-08-12 13:51:26,164 [INFO] HTTP Request: POST http://localhost:11434/v1/chat/completions "HTTP/1.1 200 OK"
2026-08-12 13:51:26,168 [INFO] Progress: [416/6923] | Done: 396 | Skipped: 20 | Failed: 0 | RPM: 7.3 | Avg Lat: 8.26s | 429 Hits: 0 | ETA: 895m 59s
2026-08-12 13:51:34,420 [INFO] HTTP Request: POST http://localhost:11434/v1/chat/completions "HTTP/1.1 200 OK"
2026-08-12 13:51:34,424 [INFO] Progress: [417/6923] | Done: 397 | Skipped: 20 | Failed: 0 | RPM: 7.3 | Avg Lat: 8.26s | 429 Hits: 0 | ETA: 895m 51s
2026-08-12 13:51:42,619 [INFO] HTTP Request: POST http://localhost:11434/v1/chat/completions "HTTP/1.1 200 OK"
2026-08-12 13:51:42,628 [INFO] Progress: [418/6923] | Done: 398 | Skipped: 20 | Failed: 0 | RPM: 7.3 | Avg Lat: 8.26s | 429 Hits: 0 | ETA: 895m 41s
2026-08-12 13:51:50,370 [INFO] HTTP Request: POST http://localhost:11434/v1/chat/completions "HTTP/1.1 200 OK"
2026-08-12 13:51:50,374 [INFO] Progress: [419/6923] | Done: 399 | Skipped: 20 | Failed: 0 | RPM: 7.3 | Avg Lat: 8.26s | 429 Hits: 0 | ETA: 895m 25s
2026-08-12 13:51:57,926 [INFO] HTTP Request: POST http://localhost:11434/v1/chat/completions "HTTP/1.1 200 OK"
2026-08-12 13:51:57,930 [INFO] Progress: [420/6923] | Done: 400 | Skipped: 20 | Failed: 0 | RPM: 7.3 | Avg Lat: 8.25s | 429 Hits: 0 | ETA: 895m 5s
2026-08-12 13:52:07,286 [INFO] HTTP Request: POST http://localhost:11434/v1/chat/completions "HTTP/1.1 200 OK"
2026-08-12 13:52:07,291 [INFO] Progress: [421/6923] | Done: 401 | Skipped: 20 | Failed: 0 | RPM: 7.3 | Avg Lat: 8.26s | 429 Hits: 0 | ETA: 895m 15s
2026-08-12 13:52:15,112 [INFO] HTTP Request: POST http://localhost:11434/v1/chat/completions "HTTP/1.1 200 OK"
2026-08-12 13:52:15,117 [INFO] Progress: [422/6923] | Done: 402 | Skipped: 20 | Failed: 0 | RPM: 7.3 | Avg Lat: 8.26s | 429 Hits: 0 | ETA: 894m 59s
2026-08-12 13:52:26,191 [INFO] HTTP Request: POST http://localhost:11434/v1/chat/completions "HTTP/1.1 200 OK"
2026-08-12 13:52:26,201 [INFO] Progress: [423/6923] | Done: 403 | Skipped: 20 | Failed: 0 | RPM: 7.3 | Avg Lat: 8.26s | 429 Hits: 0 | ETA: 895m 37s
2026-08-12 13:52:34,048 [INFO] HTTP Request: POST http://localhost:11434/v1/chat/completions "HTTP/1.1 200 OK"
2026-08-12 13:52:34,052 [INFO] Progress: [424/6923] | Done: 404 | Skipped: 20 | Failed: 0 | RPM: 7.3 | Avg Lat: 8.26s | 429 Hits: 0 | ETA: 895m 22s
2026-08-12 13:52:41,573 [INFO] HTTP Request: POST http://localhost:11434/v1/chat/completions "HTTP/1.1 200 OK"
2026-08-12 13:52:41,578 [INFO] Progress: [425/6923] | Done: 405 | Skipped: 20 | Failed: 0 | RPM: 7.3 | Avg Lat: 8.26s | 429 Hits: 0 | ETA: 895m 1s
2026-08-12 13:52:49,406 [INFO] HTTP Request: POST http://localhost:11434/v1/chat/completions "HTTP/1.1 200 OK"
2026-08-12 13:52:49,410 [INFO] Progress: [426/6923] | Done: 406 | Skipped: 20 | Failed: 0 | RPM: 7.3 | Avg Lat: 8.26s | 429 Hits: 0 | ETA: 894m 46s
2026-08-12 13:52:56,949 [INFO] HTTP Request: POST http://localhost:11434/v1/chat/completions "HTTP/1.1 200 OK"
2026-08-12 13:52:56,953 [INFO] Progress: [427/6923] | Done: 407 | Skipped: 20 | Failed: 0 | RPM: 7.3 | Avg Lat: 8.26s | 429 Hits: 0 | ETA: 894m 27s
2026-08-12 13:53:07,001 [INFO] HTTP Request: POST http://localhost:11434/v1/chat/completions "HTTP/1.1 200 OK"
2026-08-12 13:53:07,011 [INFO] Progress: [428/6923] | Done: 408 | Skipped: 20 | Failed: 0 | RPM: 7.3 | Avg Lat: 8.26s | 429 Hits: 0 | ETA: 894m 47s
2026-08-12 13:53:15,167 [INFO] HTTP Request: POST http://localhost:11434/v1/chat/completions "HTTP/1.1 200 OK"
2026-08-12 13:53:15,171 [INFO] Progress: [429/6923] | Done: 409 | Skipped: 20 | Failed: 0 | RPM: 7.3 | Avg Lat: 8.26s | 429 Hits: 0 | ETA: 894m 37s
2026-08-12 13:53:24,871 [INFO] HTTP Request: POST http://localhost:11434/v1/chat/completions "HTTP/1.1 200 OK"
2026-08-12 13:53:24,875 [INFO] Progress: [430/6923] | Done: 410 | Skipped: 20 | Failed: 0 | RPM: 7.3 | Avg Lat: 8.27s | 429 Hits: 0 | ETA: 894m 51s
2026-08-12 13:53:32,656 [INFO] HTTP Request: POST http://localhost:11434/v1/chat/completions "HTTP/1.1 200 OK"
2026-08-12 13:53:32,660 [INFO] Progress: [431/6923] | Done: 411 | Skipped: 20 | Failed: 0 | RPM: 7.3 | Avg Lat: 8.26s | 429 Hits: 0 | ETA: 894m 35s
2026-08-12 13:53:43,101 [INFO] HTTP Request: POST http://localhost:11434/v1/chat/completions "HTTP/1.1 200 OK"
2026-08-12 13:53:43,111 [INFO] Progress: [432/6923] | Done: 412 | Skipped: 20 | Failed: 0 | RPM: 7.3 | Avg Lat: 8.27s | 429 Hits: 0 | ETA: 895m 2s
2026-08-12 13:53:54,470 [INFO] HTTP Request: POST http://localhost:11434/v1/chat/completions "HTTP/1.1 200 OK"
2026-08-12 13:53:54,475 [INFO] Progress: [433/6923] | Done: 413 | Skipped: 20 | Failed: 0 | RPM: 7.2 | Avg Lat: 8.28s | 429 Hits: 0 | ETA: 895m 42s
2026-08-12 13:54:01,976 [INFO] HTTP Request: POST http://localhost:11434/v1/chat/completions "HTTP/1.1 200 OK"
2026-08-12 13:54:01,979 [INFO] Progress: [434/6923] | Done: 414 | Skipped: 20 | Failed: 0 | RPM: 7.2 | Avg Lat: 8.28s | 429 Hits: 0 | ETA: 895m 21s
2026-08-12 13:54:09,488 [INFO] HTTP Request: POST http://localhost:11434/v1/chat/completions "HTTP/1.1 200 OK"
2026-08-12 13:54:09,492 [INFO] Progress: [435/6923] | Done: 415 | Skipped: 20 | Failed: 0 | RPM: 7.2 | Avg Lat: 8.27s | 429 Hits: 0 | ETA: 895m 1s
2026-08-12 13:54:20,169 [INFO] HTTP Request: POST http://localhost:11434/v1/chat/completions "HTTP/1.1 200 OK"
2026-08-12 13:54:20,178 [INFO] Progress: [436/6923] | Done: 416 | Skipped: 20 | Failed: 0 | RPM: 7.2 | Avg Lat: 8.28s | 429 Hits: 0 | ETA: 895m 30s
2026-08-12 13:54:28,309 [INFO] HTTP Request: POST http://localhost:11434/v1/chat/completions "HTTP/1.1 200 OK"
2026-08-12 13:54:28,314 [INFO] Progress: [437/6923] | Done: 417 | Skipped: 20 | Failed: 0 | RPM: 7.2 | Avg Lat: 8.28s | 429 Hits: 0 | ETA: 895m 20s
2026-08-12 13:54:36,158 [INFO] HTTP Request: POST http://localhost:11434/v1/chat/completions "HTTP/1.1 200 OK"
2026-08-12 13:54:36,162 [INFO] Progress: [438/6923] | Done: 418 | Skipped: 20 | Failed: 0 | RPM: 7.2 | Avg Lat: 8.28s | 429 Hits: 0 | ETA: 895m 5s
2026-08-12 13:54:44,095 [INFO] HTTP Request: POST http://localhost:11434/v1/chat/completions "HTTP/1.1 200 OK"
2026-08-12 13:54:44,099 [INFO] Progress: [439/6923] | Done: 419 | Skipped: 20 | Failed: 0 | RPM: 7.2 | Avg Lat: 8.28s | 429 Hits: 0 | ETA: 894m 51s
2026-08-12 13:54:51,592 [INFO] HTTP Request: POST http://localhost:11434/v1/chat/completions "HTTP/1.1 200 OK"
2026-08-12 13:54:51,596 [INFO] Progress: [440/6923] | Done: 420 | Skipped: 20 | Failed: 0 | RPM: 7.2 | Avg Lat: 8.27s | 429 Hits: 0 | ETA: 894m 31s
2026-08-12 13:54:59,079 [INFO] HTTP Request: POST http://localhost:11434/v1/chat/completions "HTTP/1.1 200 OK"
2026-08-12 13:54:59,083 [INFO] Progress: [441/6923] | Done: 421 | Skipped: 20 | Failed: 0 | RPM: 7.2 | Avg Lat: 8.27s | 429 Hits: 0 | ETA: 894m 10s
2026-08-12 13:55:06,601 [INFO] HTTP Request: POST http://localhost:11434/v1/chat/completions "HTTP/1.1 200 OK"
2026-08-12 13:55:06,605 [INFO] Progress: [442/6923] | Done: 422 | Skipped: 20 | Failed: 0 | RPM: 7.3 | Avg Lat: 8.27s | 429 Hits: 0 | ETA: 893m 51s
2026-08-12 13:55:14,548 [INFO] HTTP Request: POST http://localhost:11434/v1/chat/completions "HTTP/1.1 200 OK"
2026-08-12 13:55:14,556 [INFO] Progress: [443/6923] | Done: 423 | Skipped: 20 | Failed: 0 | RPM: 7.3 | Avg Lat: 8.27s | 429 Hits: 0 | ETA: 893m 37s
2026-08-12 13:55:22,777 [INFO] HTTP Request: POST http://localhost:11434/v1/chat/completions "HTTP/1.1 200 OK"
2026-08-12 13:55:22,782 [INFO] Progress: [444/6923] | Done: 424 | Skipped: 20 | Failed: 0 | RPM: 7.3 | Avg Lat: 8.27s | 429 Hits: 0 | ETA: 893m 28s
2026-08-12 13:55:33,905 [INFO] HTTP Request: POST http://localhost:11434/v1/chat/completions "HTTP/1.1 200 OK"
2026-08-12 13:55:33,909 [INFO] Progress: [445/6923] | Done: 425 | Skipped: 20 | Failed: 0 | RPM: 7.2 | Avg Lat: 8.28s | 429 Hits: 0 | ETA: 894m 4s
2026-08-12 13:55:41,532 [INFO] HTTP Request: POST http://localhost:11434/v1/chat/completions "HTTP/1.1 200 OK"
2026-08-12 13:55:41,537 [INFO] Progress: [446/6923] | Done: 426 | Skipped: 20 | Failed: 0 | RPM: 7.2 | Avg Lat: 8.28s | 429 Hits: 0 | ETA: 893m 45s
2026-08-12 13:55:51,252 [INFO] HTTP Request: POST http://localhost:11434/v1/chat/completions "HTTP/1.1 200 OK"
2026-08-12 13:55:51,256 [INFO] Progress: [447/6923] | Done: 427 | Skipped: 20 | Failed: 0 | RPM: 7.2 | Avg Lat: 8.28s | 429 Hits: 0 | ETA: 893m 59s
2026-08-12 13:56:02,159 [INFO] HTTP Request: POST http://localhost:11434/v1/chat/completions "HTTP/1.1 200 OK"
2026-08-12 13:56:02,163 [INFO] Progress: [448/6923] | Done: 428 | Skipped: 20 | Failed: 0 | RPM: 7.2 | Avg Lat: 8.29s | 429 Hits: 0 | ETA: 894m 30s
2026-08-12 13:56:10,384 [INFO] HTTP Request: POST http://localhost:11434/v1/chat/completions "HTTP/1.1 200 OK"
2026-08-12 13:56:10,388 [INFO] Progress: [449/6923] | Done: 429 | Skipped: 20 | Failed: 0 | RPM: 7.2 | Avg Lat: 8.28s | 429 Hits: 0 | ETA: 894m 21s
2026-08-12 13:56:18,474 [INFO] HTTP Request: POST http://localhost:11434/v1/chat/completions "HTTP/1.1 200 OK"
2026-08-12 13:56:18,480 [INFO] Progress: [450/6923] | Done: 430 | Skipped: 20 | Failed: 0 | RPM: 7.2 | Avg Lat: 8.28s | 429 Hits: 0 | ETA: 894m 10s
2026-08-12 13:56:25,991 [INFO] HTTP Request: POST http://localhost:11434/v1/chat/completions "HTTP/1.1 200 OK"
2026-08-12 13:56:25,996 [INFO] Progress: [451/6923] | Done: 431 | Skipped: 20 | Failed: 0 | RPM: 7.2 | Avg Lat: 8.28s | 429 Hits: 0 | ETA: 893m 50s
2026-08-12 13:56:33,630 [INFO] HTTP Request: POST http://localhost:11434/v1/chat/completions "HTTP/1.1 200 OK"
2026-08-12 13:56:33,634 [INFO] Progress: [452/6923] | Done: 432 | Skipped: 20 | Failed: 0 | RPM: 7.2 | Avg Lat: 8.28s | 429 Hits: 0 | ETA: 893m 32s
2026-08-12 13:56:42,278 [INFO] HTTP Request: POST http://localhost:11434/v1/chat/completions "HTTP/1.1 200 OK"
2026-08-12 13:56:42,283 [INFO] Progress: [453/6923] | Done: 433 | Skipped: 20 | Failed: 0 | RPM: 7.2 | Avg Lat: 8.28s | 429 Hits: 0 | ETA: 893m 29s
2026-08-12 13:56:50,113 [INFO] HTTP Request: POST http://localhost:11434/v1/chat/completions "HTTP/1.1 200 OK"
2026-08-12 13:56:50,117 [INFO] Progress: [454/6923] | Done: 434 | Skipped: 20 | Failed: 0 | RPM: 7.2 | Avg Lat: 8.28s | 429 Hits: 0 | ETA: 893m 14s
2026-08-12 13:56:57,307 [INFO] HTTP Request: POST http://localhost:11434/v1/chat/completions "HTTP/1.1 200 OK"
2026-08-12 13:56:57,311 [INFO] Progress: [455/6923] | Done: 435 | Skipped: 20 | Failed: 0 | RPM: 7.2 | Avg Lat: 8.28s | 429 Hits: 0 | ETA: 892m 50s
2026-08-12 13:57:05,422 [INFO] HTTP Request: POST http://localhost:11434/v1/chat/completions "HTTP/1.1 200 OK"
2026-08-12 13:57:05,426 [INFO] Progress: [456/6923] | Done: 436 | Skipped: 20 | Failed: 0 | RPM: 7.2 | Avg Lat: 8.28s | 429 Hits: 0 | ETA: 892m 39s
2026-08-12 13:57:12,880 [INFO] HTTP Request: POST http://localhost:11434/v1/chat/completions "HTTP/1.1 200 OK"
2026-08-12 13:57:12,885 [INFO] Progress: [457/6923] | Done: 437 | Skipped: 20 | Failed: 0 | RPM: 7.2 | Avg Lat: 8.28s | 429 Hits: 0 | ETA: 892m 18s
2026-08-12 13:57:20,478 [INFO] HTTP Request: POST http://localhost:11434/v1/chat/completions "HTTP/1.1 200 OK"
2026-08-12 13:57:20,483 [INFO] Progress: [458/6923] | Done: 438 | Skipped: 20 | Failed: 0 | RPM: 7.2 | Avg Lat: 8.27s | 429 Hits: 0 | ETA: 892m 0s
2026-08-12 13:57:28,179 [INFO] HTTP Request: POST http://localhost:11434/v1/chat/completions "HTTP/1.1 200 OK"
2026-08-12 13:57:28,183 [INFO] Progress: [459/6923] | Done: 439 | Skipped: 20 | Failed: 0 | RPM: 7.2 | Avg Lat: 8.27s | 429 Hits: 0 | ETA: 891m 43s
2026-08-12 13:57:36,500 [INFO] HTTP Request: POST http://localhost:11434/v1/chat/completions "HTTP/1.1 200 OK"
2026-08-12 13:57:36,504 [INFO] Progress: [460/6923] | Done: 440 | Skipped: 20 | Failed: 0 | RPM: 7.2 | Avg Lat: 8.27s | 429 Hits: 0 | ETA: 891m 36s
2026-08-12 13:57:49,224 [INFO] HTTP Request: POST http://localhost:11434/v1/chat/completions "HTTP/1.1 200 OK"
2026-08-12 13:57:49,228 [INFO] Progress: [461/6923] | Done: 441 | Skipped: 20 | Failed: 0 | RPM: 7.2 | Avg Lat: 8.28s | 429 Hits: 0 | ETA: 892m 32s
2026-08-12 13:57:57,115 [INFO] HTTP Request: POST http://localhost:11434/v1/chat/completions "HTTP/1.1 200 OK"
2026-08-12 13:57:57,119 [INFO] Progress: [462/6923] | Done: 442 | Skipped: 20 | Failed: 0 | RPM: 7.2 | Avg Lat: 8.28s | 429 Hits: 0 | ETA: 892m 18s
2026-08-12 13:58:05,508 [INFO] HTTP Request: POST http://localhost:11434/v1/chat/completions "HTTP/1.1 200 OK"
2026-08-12 13:58:05,512 [INFO] Progress: [463/6923] | Done: 443 | Skipped: 20 | Failed: 0 | RPM: 7.2 | Avg Lat: 8.28s | 429 Hits: 0 | ETA: 892m 12s
2026-08-12 13:58:15,208 [INFO] HTTP Request: POST http://localhost:11434/v1/chat/completions "HTTP/1.1 200 OK"
2026-08-12 13:58:15,211 [INFO] Progress: [464/6923] | Done: 444 | Skipped: 20 | Failed: 0 | RPM: 7.2 | Avg Lat: 8.29s | 429 Hits: 0 | ETA: 892m 24s
2026-08-12 13:58:22,671 [INFO] HTTP Request: POST http://localhost:11434/v1/chat/completions "HTTP/1.1 200 OK"
2026-08-12 13:58:22,676 [INFO] Progress: [465/6923] | Done: 445 | Skipped: 20 | Failed: 0 | RPM: 7.2 | Avg Lat: 8.28s | 429 Hits: 0 | ETA: 892m 4s
2026-08-12 13:58:31,947 [INFO] HTTP Request: POST http://localhost:11434/v1/chat/completions "HTTP/1.1 200 OK"
2026-08-12 13:58:31,956 [INFO] Progress: [466/6923] | Done: 446 | Skipped: 20 | Failed: 0 | RPM: 7.2 | Avg Lat: 8.29s | 429 Hits: 0 | ETA: 892m 10s
2026-08-12 13:58:39,558 [INFO] HTTP Request: POST http://localhost:11434/v1/chat/completions "HTTP/1.1 200 OK"
2026-08-12 13:58:39,562 [INFO] Progress: [467/6923] | Done: 447 | Skipped: 20 | Failed: 0 | RPM: 7.2 | Avg Lat: 8.28s | 429 Hits: 0 | ETA: 891m 51s
2026-08-12 13:58:46,819 [INFO] HTTP Request: POST http://localhost:11434/v1/chat/completions "HTTP/1.1 200 OK"
2026-08-12 13:58:46,823 [INFO] Progress: [468/6923] | Done: 448 | Skipped: 20 | Failed: 0 | RPM: 7.2 | Avg Lat: 8.28s | 429 Hits: 0 | ETA: 891m 28s
2026-08-12 13:58:56,991 [INFO] HTTP Request: POST http://localhost:11434/v1/chat/completions "HTTP/1.1 200 OK"
2026-08-12 13:58:56,995 [INFO] Progress: [469/6923] | Done: 449 | Skipped: 20 | Failed: 0 | RPM: 7.2 | Avg Lat: 8.29s | 429 Hits: 0 | ETA: 891m 47s
2026-08-12 13:59:04,618 [INFO] HTTP Request: POST http://localhost:11434/v1/chat/completions "HTTP/1.1 200 OK"
2026-08-12 13:59:04,622 [INFO] Progress: [470/6923] | Done: 450 | Skipped: 20 | Failed: 0 | RPM: 7.2 | Avg Lat: 8.29s | 429 Hits: 0 | ETA: 891m 29s
2026-08-12 13:59:12,887 [INFO] HTTP Request: POST http://localhost:11434/v1/chat/completions "HTTP/1.1 200 OK"
2026-08-12 13:59:12,891 [INFO] Progress: [471/6923] | Done: 451 | Skipped: 20 | Failed: 0 | RPM: 7.2 | Avg Lat: 8.29s | 429 Hits: 0 | ETA: 891m 21s
2026-08-12 13:59:20,095 [INFO] HTTP Request: POST http://localhost:11434/v1/chat/completions "HTTP/1.1 200 OK"
2026-08-12 13:59:20,104 [INFO] Progress: [472/6923] | Done: 452 | Skipped: 20 | Failed: 0 | RPM: 7.2 | Avg Lat: 8.28s | 429 Hits: 0 | ETA: 890m 57s
2026-08-12 13:59:27,970 [INFO] HTTP Request: POST http://localhost:11434/v1/chat/completions "HTTP/1.1 200 OK"
2026-08-12 13:59:27,972 [INFO] Progress: [473/6923] | Done: 453 | Skipped: 20 | Failed: 0 | RPM: 7.2 | Avg Lat: 8.28s | 429 Hits: 0 | ETA: 890m 43s
2026-08-12 13:59:36,285 [INFO] HTTP Request: POST http://localhost:11434/v1/chat/completions "HTTP/1.1 200 OK"
2026-08-12 13:59:36,289 [INFO] Progress: [474/6923] | Done: 454 | Skipped: 20 | Failed: 0 | RPM: 7.2 | Avg Lat: 8.28s | 429 Hits: 0 | ETA: 890m 35s
2026-08-12 13:59:43,805 [INFO] HTTP Request: POST http://localhost:11434/v1/chat/completions "HTTP/1.1 200 OK"
2026-08-12 13:59:43,809 [INFO] Progress: [475/6923] | Done: 455 | Skipped: 20 | Failed: 0 | RPM: 7.2 | Avg Lat: 8.28s | 429 Hits: 0 | ETA: 890m 16s
2026-08-12 13:59:52,081 [INFO] HTTP Request: POST http://localhost:11434/v1/chat/completions "HTTP/1.1 200 OK"
2026-08-12 13:59:52,084 [INFO] Progress: [476/6923] | Done: 456 | Skipped: 20 | Failed: 0 | RPM: 7.2 | Avg Lat: 8.28s | 429 Hits: 0 | ETA: 890m 8s
2026-08-12 14:00:02,691 [INFO] HTTP Request: POST http://localhost:11434/v1/chat/completions "HTTP/1.1 200 OK"
2026-08-12 14:00:02,700 [INFO] Progress: [477/6923] | Done: 457 | Skipped: 20 | Failed: 0 | RPM: 7.2 | Avg Lat: 8.29s | 429 Hits: 0 | ETA: 890m 32s
2026-08-12 14:00:11,165 [INFO] HTTP Request: POST http://localhost:11434/v1/chat/completions "HTTP/1.1 200 OK"
2026-08-12 14:00:11,169 [INFO] Progress: [478/6923] | Done: 458 | Skipped: 20 | Failed: 0 | RPM: 7.2 | Avg Lat: 8.29s | 429 Hits: 0 | ETA: 890m 26s
2026-08-12 14:00:23,298 [INFO] HTTP Request: POST http://localhost:11434/v1/chat/completions "HTTP/1.1 200 OK"
2026-08-12 14:00:23,302 [INFO] Progress: [479/6923] | Done: 459 | Skipped: 20 | Failed: 0 | RPM: 7.2 | Avg Lat: 8.29s | 429 Hits: 0 | ETA: 891m 12s
2026-08-12 14:00:30,910 [INFO] HTTP Request: POST http://localhost:11434/v1/chat/completions "HTTP/1.1 200 OK"
2026-08-12 14:00:30,914 [INFO] Progress: [480/6923] | Done: 460 | Skipped: 20 | Failed: 0 | RPM: 7.2 | Avg Lat: 8.29s | 429 Hits: 0 | ETA: 890m 54s
2026-08-12 14:00:38,641 [INFO] HTTP Request: POST http://localhost:11434/v1/chat/completions "HTTP/1.1 200 OK"
2026-08-12 14:00:38,644 [INFO] Progress: [481/6923] | Done: 461 | Skipped: 20 | Failed: 0 | RPM: 7.2 | Avg Lat: 8.29s | 429 Hits: 0 | ETA: 890m 38s
2026-08-12 14:00:46,260 [INFO] HTTP Request: POST http://localhost:11434/v1/chat/completions "HTTP/1.1 200 OK"
2026-08-12 14:00:46,262 [INFO] Progress: [482/6923] | Done: 462 | Skipped: 20 | Failed: 0 | RPM: 7.2 | Avg Lat: 8.29s | 429 Hits: 0 | ETA: 890m 20s
2026-08-12 14:00:54,180 [INFO] HTTP Request: POST http://localhost:11434/v1/chat/completions "HTTP/1.1 200 OK"
2026-08-12 14:00:54,184 [INFO] Progress: [483/6923] | Done: 463 | Skipped: 20 | Failed: 0 | RPM: 7.2 | Avg Lat: 8.29s | 429 Hits: 0 | ETA: 890m 7s
2026-08-12 14:01:01,624 [INFO] HTTP Request: POST http://localhost:11434/v1/chat/completions "HTTP/1.1 200 OK"
2026-08-12 14:01:01,627 [INFO] Progress: [484/6923] | Done: 464 | Skipped: 20 | Failed: 0 | RPM: 7.2 | Avg Lat: 8.29s | 429 Hits: 0 | ETA: 889m 47s
2026-08-12 14:01:12,259 [INFO] HTTP Request: POST http://localhost:11434/v1/chat/completions "HTTP/1.1 200 OK"
2026-08-12 14:01:12,269 [INFO] Progress: [485/6923] | Done: 465 | Skipped: 20 | Failed: 0 | RPM: 7.2 | Avg Lat: 8.29s | 429 Hits: 0 | ETA: 890m 11s
2026-08-12 14:01:20,069 [INFO] HTTP Request: POST http://localhost:11434/v1/chat/completions "HTTP/1.1 200 OK"
2026-08-12 14:01:20,073 [INFO] Progress: [486/6923] | Done: 466 | Skipped: 20 | Failed: 0 | RPM: 7.2 | Avg Lat: 8.29s | 429 Hits: 0 | ETA: 889m 56s
2026-08-12 14:01:27,854 [INFO] HTTP Request: POST http://localhost:11434/v1/chat/completions "HTTP/1.1 200 OK"
2026-08-12 14:01:27,857 [INFO] Progress: [487/6923] | Done: 467 | Skipped: 20 | Failed: 0 | RPM: 7.2 | Avg Lat: 8.29s | 429 Hits: 0 | ETA: 889m 40s
2026-08-12 14:01:38,879 [INFO] HTTP Request: POST http://localhost:11434/v1/chat/completions "HTTP/1.1 200 OK"
2026-08-12 14:01:38,882 [INFO] Progress: [488/6923] | Done: 468 | Skipped: 20 | Failed: 0 | RPM: 7.2 | Avg Lat: 8.30s | 429 Hits: 0 | ETA: 890m 10s
2026-08-12 14:01:46,403 [INFO] HTTP Request: POST http://localhost:11434/v1/chat/completions "HTTP/1.1 200 OK"
2026-08-12 14:01:46,407 [INFO] Progress: [489/6923] | Done: 469 | Skipped: 20 | Failed: 0 | RPM: 7.2 | Avg Lat: 8.29s | 429 Hits: 0 | ETA: 889m 51s
2026-08-12 14:01:54,138 [INFO] HTTP Request: POST http://localhost:11434/v1/chat/completions "HTTP/1.1 200 OK"
2026-08-12 14:01:54,142 [INFO] Progress: [490/6923] | Done: 470 | Skipped: 20 | Failed: 0 | RPM: 7.2 | Avg Lat: 8.29s | 429 Hits: 0 | ETA: 889m 35s
2026-08-12 14:02:01,728 [INFO] HTTP Request: POST http://localhost:11434/v1/chat/completions "HTTP/1.1 200 OK"
2026-08-12 14:02:01,732 [INFO] Progress: [491/6923] | Done: 471 | Skipped: 20 | Failed: 0 | RPM: 7.2 | Avg Lat: 8.29s | 429 Hits: 0 | ETA: 889m 17s
2026-08-12 14:02:11,254 [INFO] HTTP Request: POST http://localhost:11434/v1/chat/completions "HTTP/1.1 200 OK"
2026-08-12 14:02:11,256 [INFO] Progress: [492/6923] | Done: 472 | Skipped: 20 | Failed: 0 | RPM: 7.2 | Avg Lat: 8.29s | 429 Hits: 0 | ETA: 889m 25s
2026-08-12 14:02:19,810 [INFO] HTTP Request: POST http://localhost:11434/v1/chat/completions "HTTP/1.1 200 OK"
2026-08-12 14:02:19,814 [INFO] Progress: [493/6923] | Done: 473 | Skipped: 20 | Failed: 0 | RPM: 7.2 | Avg Lat: 8.29s | 429 Hits: 0 | ETA: 889m 20s
2026-08-12 14:02:27,277 [INFO] HTTP Request: POST http://localhost:11434/v1/chat/completions "HTTP/1.1 200 OK"
2026-08-12 14:02:27,281 [INFO] Progress: [494/6923] | Done: 474 | Skipped: 20 | Failed: 0 | RPM: 7.2 | Avg Lat: 8.29s | 429 Hits: 0 | ETA: 889m 1s
2026-08-12 14:02:36,342 [INFO] HTTP Request: POST http://localhost:11434/v1/chat/completions "HTTP/1.1 200 OK"
2026-08-12 14:02:36,347 [INFO] Progress: [495/6923] | Done: 475 | Skipped: 20 | Failed: 0 | RPM: 7.2 | Avg Lat: 8.29s | 429 Hits: 0 | ETA: 889m 3s
2026-08-12 14:02:45,995 [INFO] HTTP Request: POST http://localhost:11434/v1/chat/completions "HTTP/1.1 200 OK"
2026-08-12 14:02:45,999 [INFO] Progress: [496/6923] | Done: 476 | Skipped: 20 | Failed: 0 | RPM: 7.2 | Avg Lat: 8.30s | 429 Hits: 0 | ETA: 889m 13s
2026-08-12 14:02:53,784 [INFO] HTTP Request: POST http://localhost:11434/v1/chat/completions "HTTP/1.1 200 OK"
2026-08-12 14:02:53,787 [INFO] Progress: [497/6923] | Done: 477 | Skipped: 20 | Failed: 0 | RPM: 7.2 | Avg Lat: 8.30s | 429 Hits: 0 | ETA: 888m 58s
2026-08-12 14:03:01,557 [INFO] HTTP Request: POST http://localhost:11434/v1/chat/completions "HTTP/1.1 200 OK"
2026-08-12 14:03:01,561 [INFO] Progress: [498/6923] | Done: 478 | Skipped: 20 | Failed: 0 | RPM: 7.2 | Avg Lat: 8.30s | 429 Hits: 0 | ETA: 888m 42s
2026-08-12 14:03:09,186 [INFO] HTTP Request: POST http://localhost:11434/v1/chat/completions "HTTP/1.1 200 OK"
2026-08-12 14:03:09,190 [INFO] Progress: [499/6923] | Done: 479 | Skipped: 20 | Failed: 0 | RPM: 7.2 | Avg Lat: 8.29s | 429 Hits: 0 | ETA: 888m 25s
2026-08-12 14:03:16,679 [INFO] HTTP Request: POST http://localhost:11434/v1/chat/completions "HTTP/1.1 200 OK"
2026-08-12 14:03:16,683 [INFO] Progress: [500/6923] | Done: 480 | Skipped: 20 | Failed: 0 | RPM: 7.2 | Avg Lat: 8.29s | 429 Hits: 0 | ETA: 888m 6s
2026-08-12 14:03:24,741 [INFO] HTTP Request: POST http://localhost:11434/v1/chat/completions "HTTP/1.1 200 OK"
2026-08-12 14:03:24,744 [INFO] Progress: [501/6923] | Done: 481 | Skipped: 20 | Failed: 0 | RPM: 7.2 | Avg Lat: 8.29s | 429 Hits: 0 | ETA: 887m 55s
2026-08-12 14:03:32,583 [INFO] HTTP Request: POST http://localhost:11434/v1/chat/completions "HTTP/1.1 200 OK"
2026-08-12 14:03:32,587 [INFO] Progress: [502/6923] | Done: 482 | Skipped: 20 | Failed: 0 | RPM: 7.2 | Avg Lat: 8.29s | 429 Hits: 0 | ETA: 887m 40s
2026-08-12 14:03:40,310 [INFO] HTTP Request: POST http://localhost:11434/v1/chat/completions "HTTP/1.1 200 OK"
2026-08-12 14:03:40,314 [INFO] Progress: [503/6923] | Done: 483 | Skipped: 20 | Failed: 0 | RPM: 7.2 | Avg Lat: 8.29s | 429 Hits: 0 | ETA: 887m 24s
2026-08-12 14:03:49,553 [INFO] HTTP Request: POST http://localhost:11434/v1/chat/completions "HTTP/1.1 200 OK"
2026-08-12 14:03:49,558 [INFO] Progress: [504/6923] | Done: 484 | Skipped: 20 | Failed: 0 | RPM: 7.2 | Avg Lat: 8.29s | 429 Hits: 0 | ETA: 887m 29s
2026-08-12 14:03:56,824 [INFO] HTTP Request: POST http://localhost:11434/v1/chat/completions "HTTP/1.1 200 OK"
2026-08-12 14:03:56,828 [INFO] Progress: [505/6923] | Done: 485 | Skipped: 20 | Failed: 0 | RPM: 7.2 | Avg Lat: 8.29s | 429 Hits: 0 | ETA: 887m 7s
2026-08-12 14:04:07,168 [INFO] HTTP Request: POST http://localhost:11434/v1/chat/completions "HTTP/1.1 200 OK"
2026-08-12 14:04:07,173 [INFO] Progress: [506/6923] | Done: 486 | Skipped: 20 | Failed: 0 | RPM: 7.2 | Avg Lat: 8.29s | 429 Hits: 0 | ETA: 887m 26s
2026-08-12 14:04:14,974 [INFO] HTTP Request: POST http://localhost:11434/v1/chat/completions "HTTP/1.1 200 OK"
2026-08-12 14:04:14,983 [INFO] Progress: [507/6923] | Done: 487 | Skipped: 20 | Failed: 0 | RPM: 7.2 | Avg Lat: 8.29s | 429 Hits: 0 | ETA: 887m 11s
2026-08-12 14:04:22,871 [INFO] HTTP Request: POST http://localhost:11434/v1/chat/completions "HTTP/1.1 200 OK"
2026-08-12 14:04:22,875 [INFO] Progress: [508/6923] | Done: 488 | Skipped: 20 | Failed: 0 | RPM: 7.2 | Avg Lat: 8.29s | 429 Hits: 0 | ETA: 886m 57s
2026-08-12 14:04:30,965 [INFO] HTTP Request: POST http://localhost:11434/v1/chat/completions "HTTP/1.1 200 OK"
2026-08-12 14:04:30,967 [INFO] Progress: [509/6923] | Done: 489 | Skipped: 20 | Failed: 0 | RPM: 7.2 | Avg Lat: 8.29s | 429 Hits: 0 | ETA: 886m 46s
2026-08-12 14:04:38,487 [INFO] HTTP Request: POST http://localhost:11434/v1/chat/completions "HTTP/1.1 200 OK"
2026-08-12 14:04:38,490 [INFO] Progress: [510/6923] | Done: 490 | Skipped: 20 | Failed: 0 | RPM: 7.2 | Avg Lat: 8.29s | 429 Hits: 0 | ETA: 886m 28s
2026-08-12 14:04:46,030 [INFO] HTTP Request: POST http://localhost:11434/v1/chat/completions "HTTP/1.1 200 OK"
2026-08-12 14:04:46,035 [INFO] Progress: [511/6923] | Done: 491 | Skipped: 20 | Failed: 0 | RPM: 7.2 | Avg Lat: 8.29s | 429 Hits: 0 | ETA: 886m 10s
2026-08-12 14:04:54,364 [INFO] HTTP Request: POST http://localhost:11434/v1/chat/completions "HTTP/1.1 200 OK"
2026-08-12 14:04:54,367 [INFO] Progress: [512/6923] | Done: 492 | Skipped: 20 | Failed: 0 | RPM: 7.2 | Avg Lat: 8.29s | 429 Hits: 0 | ETA: 886m 2s
2026-08-12 14:05:02,128 [INFO] HTTP Request: POST http://localhost:11434/v1/chat/completions "HTTP/1.1 200 OK"
2026-08-12 14:05:02,132 [INFO] Progress: [513/6923] | Done: 493 | Skipped: 20 | Failed: 0 | RPM: 7.2 | Avg Lat: 8.29s | 429 Hits: 0 | ETA: 885m 47s
2026-08-12 14:05:09,487 [INFO] HTTP Request: POST http://localhost:11434/v1/chat/completions "HTTP/1.1 200 OK"
2026-08-12 14:05:09,491 [INFO] Progress: [514/6923] | Done: 494 | Skipped: 20 | Failed: 0 | RPM: 7.2 | Avg Lat: 8.29s | 429 Hits: 0 | ETA: 885m 27s
2026-08-12 14:05:17,187 [INFO] HTTP Request: POST http://localhost:11434/v1/chat/completions "HTTP/1.1 200 OK"
2026-08-12 14:05:17,191 [INFO] Progress: [515/6923] | Done: 495 | Skipped: 20 | Failed: 0 | RPM: 7.2 | Avg Lat: 8.28s | 429 Hits: 0 | ETA: 885m 11s
2026-08-12 14:05:25,386 [INFO] HTTP Request: POST http://localhost:11434/v1/chat/completions "HTTP/1.1 200 OK"
2026-08-12 14:05:25,389 [INFO] Progress: [516/6923] | Done: 496 | Skipped: 20 | Failed: 0 | RPM: 7.2 | Avg Lat: 8.28s | 429 Hits: 0 | ETA: 885m 1s
2026-08-12 14:05:32,979 [INFO] HTTP Request: POST http://localhost:11434/v1/chat/completions "HTTP/1.1 200 OK"
2026-08-12 14:05:32,982 [INFO] Progress: [517/6923] | Done: 497 | Skipped: 20 | Failed: 0 | RPM: 7.2 | Avg Lat: 8.28s | 429 Hits: 0 | ETA: 884m 44s
2026-08-12 14:05:41,062 [INFO] HTTP Request: POST http://localhost:11434/v1/chat/completions "HTTP/1.1 200 OK"
2026-08-12 14:05:41,066 [INFO] Progress: [518/6923] | Done: 498 | Skipped: 20 | Failed: 0 | RPM: 7.2 | Avg Lat: 8.28s | 429 Hits: 0 | ETA: 884m 33s
2026-08-12 14:05:48,947 [INFO] HTTP Request: POST http://localhost:11434/v1/chat/completions "HTTP/1.1 200 OK"
2026-08-12 14:05:48,955 [INFO] Progress: [519/6923] | Done: 499 | Skipped: 20 | Failed: 0 | RPM: 7.2 | Avg Lat: 8.28s | 429 Hits: 0 | ETA: 884m 20s
2026-08-12 14:05:56,799 [INFO] HTTP Request: POST http://localhost:11434/v1/chat/completions "HTTP/1.1 200 OK"
2026-08-12 14:05:56,803 [INFO] Progress: [520/6923] | Done: 500 | Skipped: 20 | Failed: 0 | RPM: 7.2 | Avg Lat: 8.28s | 429 Hits: 0 | ETA: 884m 6s
2026-08-12 14:06:05,405 [INFO] HTTP Request: POST http://localhost:11434/v1/chat/completions "HTTP/1.1 200 OK"
2026-08-12 14:06:05,408 [INFO] Progress: [521/6923] | Done: 501 | Skipped: 20 | Failed: 0 | RPM: 7.2 | Avg Lat: 8.28s | 429 Hits: 0 | ETA: 884m 2s
2026-08-12 14:06:13,429 [INFO] HTTP Request: POST http://localhost:11434/v1/chat/completions "HTTP/1.1 200 OK"
2026-08-12 14:06:13,433 [INFO] Progress: [522/6923] | Done: 502 | Skipped: 20 | Failed: 0 | RPM: 7.2 | Avg Lat: 8.28s | 429 Hits: 0 | ETA: 883m 50s
2026-08-12 14:06:21,633 [INFO] HTTP Request: POST http://localhost:11434/v1/chat/completions "HTTP/1.1 200 OK"
2026-08-12 14:06:21,637 [INFO] Progress: [523/6923] | Done: 503 | Skipped: 20 | Failed: 0 | RPM: 7.2 | Avg Lat: 8.28s | 429 Hits: 0 | ETA: 883m 41s
2026-08-12 14:06:29,374 [INFO] HTTP Request: POST http://localhost:11434/v1/chat/completions "HTTP/1.1 200 OK"
2026-08-12 14:06:29,378 [INFO] Progress: [524/6923] | Done: 504 | Skipped: 20 | Failed: 0 | RPM: 7.2 | Avg Lat: 8.28s | 429 Hits: 0 | ETA: 883m 25s
2026-08-12 14:06:37,877 [INFO] HTTP Request: POST http://localhost:11434/v1/chat/completions "HTTP/1.1 200 OK"
2026-08-12 14:06:37,881 [INFO] Progress: [525/6923] | Done: 505 | Skipped: 20 | Failed: 0 | RPM: 7.2 | Avg Lat: 8.28s | 429 Hits: 0 | ETA: 883m 20s
2026-08-12 14:06:45,855 [INFO] HTTP Request: POST http://localhost:11434/v1/chat/completions "HTTP/1.1 200 OK"
2026-08-12 14:06:45,859 [INFO] Progress: [526/6923] | Done: 506 | Skipped: 20 | Failed: 0 | RPM: 7.2 | Avg Lat: 8.28s | 429 Hits: 0 | ETA: 883m 8s
2026-08-12 14:06:53,781 [INFO] HTTP Request: POST http://localhost:11434/v1/chat/completions "HTTP/1.1 200 OK"
2026-08-12 14:06:53,785 [INFO] Progress: [527/6923] | Done: 507 | Skipped: 20 | Failed: 0 | RPM: 7.2 | Avg Lat: 8.28s | 429 Hits: 0 | ETA: 882m 55s
2026-08-12 14:07:01,992 [INFO] HTTP Request: POST http://localhost:11434/v1/chat/completions "HTTP/1.1 200 OK"
2026-08-12 14:07:01,996 [INFO] Progress: [528/6923] | Done: 508 | Skipped: 20 | Failed: 0 | RPM: 7.2 | Avg Lat: 8.28s | 429 Hits: 0 | ETA: 882m 46s
2026-08-12 14:07:10,204 [INFO] HTTP Request: POST http://localhost:11434/v1/chat/completions "HTTP/1.1 200 OK"
2026-08-12 14:07:10,208 [INFO] Progress: [529/6923] | Done: 509 | Skipped: 20 | Failed: 0 | RPM: 7.2 | Avg Lat: 8.28s | 429 Hits: 0 | ETA: 882m 37s
2026-08-12 14:07:18,221 [INFO] HTTP Request: POST http://localhost:11434/v1/chat/completions "HTTP/1.1 200 OK"
2026-08-12 14:07:18,224 [INFO] Progress: [530/6923] | Done: 510 | Skipped: 20 | Failed: 0 | RPM: 7.2 | Avg Lat: 8.28s | 429 Hits: 0 | ETA: 882m 25s
2026-08-12 14:07:26,795 [INFO] HTTP Request: POST http://localhost:11434/v1/chat/completions "HTTP/1.1 200 OK"
2026-08-12 14:07:26,799 [INFO] Progress: [531/6923] | Done: 511 | Skipped: 20 | Failed: 0 | RPM: 7.2 | Avg Lat: 8.28s | 429 Hits: 0 | ETA: 882m 20s
2026-08-12 14:07:34,886 [INFO] HTTP Request: POST http://localhost:11434/v1/chat/completions "HTTP/1.1 200 OK"
2026-08-12 14:07:34,890 [INFO] Progress: [532/6923] | Done: 512 | Skipped: 20 | Failed: 0 | RPM: 7.2 | Avg Lat: 8.28s | 429 Hits: 0 | ETA: 882m 10s
2026-08-12 14:07:42,646 [INFO] HTTP Request: POST http://localhost:11434/v1/chat/completions "HTTP/1.1 200 OK"
2026-08-12 14:07:42,650 [INFO] Progress: [533/6923] | Done: 513 | Skipped: 20 | Failed: 0 | RPM: 7.2 | Avg Lat: 8.28s | 429 Hits: 0 | ETA: 881m 55s
2026-08-12 14:07:50,973 [INFO] HTTP Request: POST http://localhost:11434/v1/chat/completions "HTTP/1.1 200 OK"
2026-08-12 14:07:50,976 [INFO] Progress: [534/6923] | Done: 514 | Skipped: 20 | Failed: 0 | RPM: 7.2 | Avg Lat: 8.28s | 429 Hits: 0 | ETA: 881m 47s
2026-08-12 14:07:58,747 [INFO] HTTP Request: POST http://localhost:11434/v1/chat/completions "HTTP/1.1 200 OK"
2026-08-12 14:07:58,750 [INFO] Progress: [535/6923] | Done: 515 | Skipped: 20 | Failed: 0 | RPM: 7.2 | Avg Lat: 8.28s | 429 Hits: 0 | ETA: 881m 33s
2026-08-12 14:08:06,327 [INFO] HTTP Request: POST http://localhost:11434/v1/chat/completions "HTTP/1.1 200 OK"
2026-08-12 14:08:06,331 [INFO] Progress: [536/6923] | Done: 516 | Skipped: 20 | Failed: 0 | RPM: 7.2 | Avg Lat: 8.27s | 429 Hits: 0 | ETA: 881m 16s
2026-08-12 14:08:15,232 [INFO] HTTP Request: POST http://localhost:11434/v1/chat/completions "HTTP/1.1 200 OK"
2026-08-12 14:08:15,240 [INFO] Progress: [537/6923] | Done: 517 | Skipped: 20 | Failed: 0 | RPM: 7.2 | Avg Lat: 8.28s | 429 Hits: 0 | ETA: 881m 15s
2026-08-12 14:08:23,153 [INFO] HTTP Request: POST http://localhost:11434/v1/chat/completions "HTTP/1.1 200 OK"
2026-08-12 14:08:23,157 [INFO] Progress: [538/6923] | Done: 518 | Skipped: 20 | Failed: 0 | RPM: 7.2 | Avg Lat: 8.28s | 429 Hits: 0 | ETA: 881m 3s
2026-08-12 14:08:31,240 [INFO] HTTP Request: POST http://localhost:11434/v1/chat/completions "HTTP/1.1 200 OK"
2026-08-12 14:08:31,244 [INFO] Progress: [539/6923] | Done: 519 | Skipped: 20 | Failed: 0 | RPM: 7.2 | Avg Lat: 8.28s | 429 Hits: 0 | ETA: 880m 52s
2026-08-12 14:08:39,097 [INFO] HTTP Request: POST http://localhost:11434/v1/chat/completions "HTTP/1.1 200 OK"
2026-08-12 14:08:39,105 [INFO] Progress: [540/6923] | Done: 520 | Skipped: 20 | Failed: 0 | RPM: 7.2 | Avg Lat: 8.27s | 429 Hits: 0 | ETA: 880m 38s
2026-08-12 14:08:47,358 [INFO] HTTP Request: POST http://localhost:11434/v1/chat/completions "HTTP/1.1 200 OK"
2026-08-12 14:08:47,362 [INFO] Progress: [541/6923] | Done: 521 | Skipped: 20 | Failed: 0 | RPM: 7.2 | Avg Lat: 8.27s | 429 Hits: 0 | ETA: 880m 30s
2026-08-12 14:08:55,167 [INFO] HTTP Request: POST http://localhost:11434/v1/chat/completions "HTTP/1.1 200 OK"
2026-08-12 14:08:55,171 [INFO] Progress: [542/6923] | Done: 522 | Skipped: 20 | Failed: 0 | RPM: 7.2 | Avg Lat: 8.27s | 429 Hits: 0 | ETA: 880m 16s
2026-08-12 14:09:03,406 [INFO] HTTP Request: POST http://localhost:11434/v1/chat/completions "HTTP/1.1 200 OK"
2026-08-12 14:09:03,409 [INFO] Progress: [543/6923] | Done: 523 | Skipped: 20 | Failed: 0 | RPM: 7.2 | Avg Lat: 8.27s | 429 Hits: 0 | ETA: 880m 7s
2026-08-12 14:09:11,301 [INFO] HTTP Request: POST http://localhost:11434/v1/chat/completions "HTTP/1.1 200 OK"
2026-08-12 14:09:11,304 [INFO] Progress: [544/6923] | Done: 524 | Skipped: 20 | Failed: 0 | RPM: 7.2 | Avg Lat: 8.27s | 429 Hits: 0 | ETA: 879m 54s
2026-08-12 14:09:19,183 [INFO] HTTP Request: POST http://localhost:11434/v1/chat/completions "HTTP/1.1 200 OK"
2026-08-12 14:09:19,187 [INFO] Progress: [545/6923] | Done: 525 | Skipped: 20 | Failed: 0 | RPM: 7.3 | Avg Lat: 8.27s | 429 Hits: 0 | ETA: 879m 41s
2026-08-12 14:09:27,671 [INFO] HTTP Request: POST http://localhost:11434/v1/chat/completions "HTTP/1.1 200 OK"
2026-08-12 14:09:27,679 [INFO] Progress: [546/6923] | Done: 526 | Skipped: 20 | Failed: 0 | RPM: 7.2 | Avg Lat: 8.27s | 429 Hits: 0 | ETA: 879m 36s
2026-08-12 14:09:35,859 [INFO] HTTP Request: POST http://localhost:11434/v1/chat/completions "HTTP/1.1 200 OK"
2026-08-12 14:09:35,862 [INFO] Progress: [547/6923] | Done: 527 | Skipped: 20 | Failed: 0 | RPM: 7.3 | Avg Lat: 8.27s | 429 Hits: 0 | ETA: 879m 26s
2026-08-12 14:09:43,548 [INFO] HTTP Request: POST http://localhost:11434/v1/chat/completions "HTTP/1.1 200 OK"
2026-08-12 14:09:43,551 [INFO] Progress: [548/6923] | Done: 528 | Skipped: 20 | Failed: 0 | RPM: 7.3 | Avg Lat: 8.27s | 429 Hits: 0 | ETA: 879m 11s
2026-08-12 14:09:51,481 [INFO] HTTP Request: POST http://localhost:11434/v1/chat/completions "HTTP/1.1 200 OK"
2026-08-12 14:09:51,485 [INFO] Progress: [549/6923] | Done: 529 | Skipped: 20 | Failed: 0 | RPM: 7.3 | Avg Lat: 8.27s | 429 Hits: 0 | ETA: 878m 58s
2026-08-12 14:10:00,299 [INFO] HTTP Request: POST http://localhost:11434/v1/chat/completions "HTTP/1.1 200 OK"
2026-08-12 14:10:00,303 [INFO] Progress: [550/6923] | Done: 530 | Skipped: 20 | Failed: 0 | RPM: 7.3 | Avg Lat: 8.27s | 429 Hits: 0 | ETA: 878m 57s
2026-08-12 14:10:08,384 [INFO] HTTP Request: POST http://localhost:11434/v1/chat/completions "HTTP/1.1 200 OK"
2026-08-12 14:10:08,388 [INFO] Progress: [551/6923] | Done: 531 | Skipped: 20 | Failed: 0 | RPM: 7.3 | Avg Lat: 8.27s | 429 Hits: 0 | ETA: 878m 46s
2026-08-12 14:10:17,099 [INFO] HTTP Request: POST http://localhost:11434/v1/chat/completions "HTTP/1.1 200 OK"
2026-08-12 14:10:17,102 [INFO] Progress: [552/6923] | Done: 532 | Skipped: 20 | Failed: 0 | RPM: 7.3 | Avg Lat: 8.27s | 429 Hits: 0 | ETA: 878m 43s
2026-08-12 14:10:25,547 [INFO] HTTP Request: POST http://localhost:11434/v1/chat/completions "HTTP/1.1 200 OK"
2026-08-12 14:10:25,551 [INFO] Progress: [553/6923] | Done: 533 | Skipped: 20 | Failed: 0 | RPM: 7.2 | Avg Lat: 8.27s | 429 Hits: 0 | ETA: 878m 37s
2026-08-12 14:10:35,856 [INFO] HTTP Request: POST http://localhost:11434/v1/chat/completions "HTTP/1.1 200 OK"
2026-08-12 14:10:35,860 [INFO] Progress: [554/6923] | Done: 534 | Skipped: 20 | Failed: 0 | RPM: 7.2 | Avg Lat: 8.28s | 429 Hits: 0 | ETA: 878m 53s
2026-08-12 14:10:44,597 [INFO] HTTP Request: POST http://localhost:11434/v1/chat/completions "HTTP/1.1 200 OK"
2026-08-12 14:10:44,606 [INFO] Progress: [555/6923] | Done: 535 | Skipped: 20 | Failed: 0 | RPM: 7.2 | Avg Lat: 8.28s | 429 Hits: 0 | ETA: 878m 50s
2026-08-12 14:10:54,694 [INFO] HTTP Request: POST http://localhost:11434/v1/chat/completions "HTTP/1.1 200 OK"
2026-08-12 14:10:54,699 [INFO] Progress: [556/6923] | Done: 536 | Skipped: 20 | Failed: 0 | RPM: 7.2 | Avg Lat: 8.28s | 429 Hits: 0 | ETA: 879m 3s
2026-08-12 14:11:03,014 [INFO] HTTP Request: POST http://localhost:11434/v1/chat/completions "HTTP/1.1 200 OK"
2026-08-12 14:11:03,019 [INFO] Progress: [557/6923] | Done: 537 | Skipped: 20 | Failed: 0 | RPM: 7.2 | Avg Lat: 8.28s | 429 Hits: 0 | ETA: 878m 56s
2026-08-12 14:11:11,542 [INFO] HTTP Request: POST http://localhost:11434/v1/chat/completions "HTTP/1.1 200 OK"
2026-08-12 14:11:11,551 [INFO] Progress: [558/6923] | Done: 538 | Skipped: 20 | Failed: 0 | RPM: 7.2 | Avg Lat: 8.28s | 429 Hits: 0 | ETA: 878m 50s
2026-08-12 14:11:19,909 [INFO] HTTP Request: POST http://localhost:11434/v1/chat/completions "HTTP/1.1 200 OK"
2026-08-12 14:11:19,912 [INFO] Progress: [559/6923] | Done: 539 | Skipped: 20 | Failed: 0 | RPM: 7.2 | Avg Lat: 8.28s | 429 Hits: 0 | ETA: 878m 43s
2026-08-12 14:11:27,781 [INFO] HTTP Request: POST http://localhost:11434/v1/chat/completions "HTTP/1.1 200 OK"
2026-08-12 14:11:27,783 [INFO] Progress: [560/6923] | Done: 540 | Skipped: 20 | Failed: 0 | RPM: 7.2 | Avg Lat: 8.28s | 429 Hits: 0 | ETA: 878m 30s
2026-08-12 14:11:36,883 [INFO] HTTP Request: POST http://localhost:11434/v1/chat/completions "HTTP/1.1 200 OK"
2026-08-12 14:11:36,888 [INFO] Progress: [561/6923] | Done: 541 | Skipped: 20 | Failed: 0 | RPM: 7.2 | Avg Lat: 8.28s | 429 Hits: 0 | ETA: 878m 31s
2026-08-12 14:11:45,864 [INFO] HTTP Request: POST http://localhost:11434/v1/chat/completions "HTTP/1.1 200 OK"
2026-08-12 14:11:45,869 [INFO] Progress: [562/6923] | Done: 542 | Skipped: 20 | Failed: 0 | RPM: 7.2 | Avg Lat: 8.28s | 429 Hits: 0 | ETA: 878m 31s
2026-08-12 14:11:54,592 [INFO] HTTP Request: POST http://localhost:11434/v1/chat/completions "HTTP/1.1 200 OK"
2026-08-12 14:11:54,596 [INFO] Progress: [563/6923] | Done: 543 | Skipped: 20 | Failed: 0 | RPM: 7.2 | Avg Lat: 8.28s | 429 Hits: 0 | ETA: 878m 28s
2026-08-12 14:12:02,469 [INFO] HTTP Request: POST http://localhost:11434/v1/chat/completions "HTTP/1.1 200 OK"
2026-08-12 14:12:02,473 [INFO] Progress: [564/6923] | Done: 544 | Skipped: 20 | Failed: 0 | RPM: 7.2 | Avg Lat: 8.28s | 429 Hits: 0 | ETA: 878m 15s
2026-08-12 14:12:10,612 [INFO] HTTP Request: POST http://localhost:11434/v1/chat/completions "HTTP/1.1 200 OK"
2026-08-12 14:12:10,617 [INFO] Progress: [565/6923] | Done: 545 | Skipped: 20 | Failed: 0 | RPM: 7.2 | Avg Lat: 8.28s | 429 Hits: 0 | ETA: 878m 5s
2026-08-12 14:12:18,817 [INFO] HTTP Request: POST http://localhost:11434/v1/chat/completions "HTTP/1.1 200 OK"
2026-08-12 14:12:18,821 [INFO] Progress: [566/6923] | Done: 546 | Skipped: 20 | Failed: 0 | RPM: 7.2 | Avg Lat: 8.28s | 429 Hits: 0 | ETA: 877m 55s
2026-08-12 14:12:27,335 [INFO] HTTP Request: POST http://localhost:11434/v1/chat/completions "HTTP/1.1 200 OK"
2026-08-12 14:12:27,344 [INFO] Progress: [567/6923] | Done: 547 | Skipped: 20 | Failed: 0 | RPM: 7.2 | Avg Lat: 8.28s | 429 Hits: 0 | ETA: 877m 50s
2026-08-12 14:12:36,321 [INFO] HTTP Request: POST http://localhost:11434/v1/chat/completions "HTTP/1.1 200 OK"
2026-08-12 14:12:36,325 [INFO] Progress: [568/6923] | Done: 548 | Skipped: 20 | Failed: 0 | RPM: 7.2 | Avg Lat: 8.28s | 429 Hits: 0 | ETA: 877m 50s
2026-08-12 14:12:45,044 [INFO] HTTP Request: POST http://localhost:11434/v1/chat/completions "HTTP/1.1 200 OK"
2026-08-12 14:12:45,048 [INFO] Progress: [569/6923] | Done: 549 | Skipped: 20 | Failed: 0 | RPM: 7.2 | Avg Lat: 8.28s | 429 Hits: 0 | ETA: 877m 46s
2026-08-12 14:12:53,605 [INFO] HTTP Request: POST http://localhost:11434/v1/chat/completions "HTTP/1.1 200 OK"
2026-08-12 14:12:53,610 [INFO] Progress: [570/6923] | Done: 550 | Skipped: 20 | Failed: 0 | RPM: 7.2 | Avg Lat: 8.29s | 429 Hits: 0 | ETA: 877m 41s
2026-08-12 14:13:01,751 [INFO] HTTP Request: POST http://localhost:11434/v1/chat/completions "HTTP/1.1 200 OK"
2026-08-12 14:13:01,756 [INFO] Progress: [571/6923] | Done: 551 | Skipped: 20 | Failed: 0 | RPM: 7.2 | Avg Lat: 8.29s | 429 Hits: 0 | ETA: 877m 31s
2026-08-12 14:13:11,315 [INFO] HTTP Request: POST http://localhost:11434/v1/chat/completions "HTTP/1.1 200 OK"
2026-08-12 14:13:11,318 [INFO] Progress: [572/6923] | Done: 552 | Skipped: 20 | Failed: 0 | RPM: 7.2 | Avg Lat: 8.29s | 429 Hits: 0 | ETA: 877m 38s
2026-08-12 14:13:19,701 [INFO] HTTP Request: POST http://localhost:11434/v1/chat/completions "HTTP/1.1 200 OK"
2026-08-12 14:13:19,705 [INFO] Progress: [573/6923] | Done: 553 | Skipped: 20 | Failed: 0 | RPM: 7.2 | Avg Lat: 8.29s | 429 Hits: 0 | ETA: 877m 31s
2026-08-12 14:13:28,136 [INFO] HTTP Request: POST http://localhost:11434/v1/chat/completions "HTTP/1.1 200 OK"
2026-08-12 14:13:28,139 [INFO] Progress: [574/6923] | Done: 554 | Skipped: 20 | Failed: 0 | RPM: 7.2 | Avg Lat: 8.29s | 429 Hits: 0 | ETA: 877m 24s
2026-08-12 14:13:36,119 [INFO] HTTP Request: POST http://localhost:11434/v1/chat/completions "HTTP/1.1 200 OK"
2026-08-12 14:13:36,122 [INFO] Progress: [575/6923] | Done: 555 | Skipped: 20 | Failed: 0 | RPM: 7.2 | Avg Lat: 8.29s | 429 Hits: 0 | ETA: 877m 12s
2026-08-12 14:13:44,292 [INFO] HTTP Request: POST http://localhost:11434/v1/chat/completions "HTTP/1.1 200 OK"
2026-08-12 14:13:44,297 [INFO] Progress: [576/6923] | Done: 556 | Skipped: 20 | Failed: 0 | RPM: 7.2 | Avg Lat: 8.29s | 429 Hits: 0 | ETA: 877m 2s
2026-08-12 14:13:52,508 [INFO] HTTP Request: POST http://localhost:11434/v1/chat/completions "HTTP/1.1 200 OK"
2026-08-12 14:13:52,518 [INFO] Progress: [577/6923] | Done: 557 | Skipped: 20 | Failed: 0 | RPM: 7.2 | Avg Lat: 8.29s | 429 Hits: 0 | ETA: 876m 53s
2026-08-12 14:14:01,971 [INFO] HTTP Request: POST http://localhost:11434/v1/chat/completions "HTTP/1.1 200 OK"
2026-08-12 14:14:01,976 [INFO] Progress: [578/6923] | Done: 558 | Skipped: 20 | Failed: 0 | RPM: 7.2 | Avg Lat: 8.29s | 429 Hits: 0 | ETA: 876m 58s
2026-08-12 14:14:10,259 [INFO] HTTP Request: POST http://localhost:11434/v1/chat/completions "HTTP/1.1 200 OK"
2026-08-12 14:14:10,262 [INFO] Progress: [579/6923] | Done: 559 | Skipped: 20 | Failed: 0 | RPM: 7.2 | Avg Lat: 8.29s | 429 Hits: 0 | ETA: 876m 50s
2026-08-12 14:14:18,442 [INFO] HTTP Request: POST http://localhost:11434/v1/chat/completions "HTTP/1.1 200 OK"
2026-08-12 14:14:18,445 [INFO] Progress: [580/6923] | Done: 560 | Skipped: 20 | Failed: 0 | RPM: 7.2 | Avg Lat: 8.29s | 429 Hits: 0 | ETA: 876m 40s
2026-08-12 14:14:27,084 [INFO] HTTP Request: POST http://localhost:11434/v1/chat/completions "HTTP/1.1 200 OK"
2026-08-12 14:14:27,090 [INFO] Progress: [581/6923] | Done: 561 | Skipped: 20 | Failed: 0 | RPM: 7.2 | Avg Lat: 8.29s | 429 Hits: 0 | ETA: 876m 36s
2026-08-12 14:14:35,760 [INFO] HTTP Request: POST http://localhost:11434/v1/chat/completions "HTTP/1.1 200 OK"
2026-08-12 14:14:35,765 [INFO] Progress: [582/6923] | Done: 562 | Skipped: 20 | Failed: 0 | RPM: 7.2 | Avg Lat: 8.29s | 429 Hits: 0 | ETA: 876m 32s
2026-08-12 14:14:44,442 [INFO] HTTP Request: POST http://localhost:11434/v1/chat/completions "HTTP/1.1 200 OK"
2026-08-12 14:14:44,446 [INFO] Progress: [583/6923] | Done: 563 | Skipped: 20 | Failed: 0 | RPM: 7.2 | Avg Lat: 8.29s | 429 Hits: 0 | ETA: 876m 28s
2026-08-12 14:14:52,673 [INFO] HTTP Request: POST http://localhost:11434/v1/chat/completions "HTTP/1.1 200 OK"
2026-08-12 14:14:52,677 [INFO] Progress: [584/6923] | Done: 564 | Skipped: 20 | Failed: 0 | RPM: 7.2 | Avg Lat: 8.29s | 429 Hits: 0 | ETA: 876m 19s
2026-08-12 14:15:01,510 [INFO] HTTP Request: POST http://localhost:11434/v1/chat/completions "HTTP/1.1 200 OK"
2026-08-12 14:15:01,514 [INFO] Progress: [585/6923] | Done: 565 | Skipped: 20 | Failed: 0 | RPM: 7.2 | Avg Lat: 8.29s | 429 Hits: 0 | ETA: 876m 17s
2026-08-12 14:15:10,116 [INFO] HTTP Request: POST http://localhost:11434/v1/chat/completions "HTTP/1.1 200 OK"
2026-08-12 14:15:10,125 [INFO] Progress: [586/6923] | Done: 566 | Skipped: 20 | Failed: 0 | RPM: 7.2 | Avg Lat: 8.29s | 429 Hits: 0 | ETA: 876m 12s
2026-08-12 14:15:18,401 [INFO] HTTP Request: POST http://localhost:11434/v1/chat/completions "HTTP/1.1 200 OK"
2026-08-12 14:15:18,406 [INFO] Progress: [587/6923] | Done: 567 | Skipped: 20 | Failed: 0 | RPM: 7.2 | Avg Lat: 8.29s | 429 Hits: 0 | ETA: 876m 4s
2026-08-12 14:15:26,648 [INFO] HTTP Request: POST http://localhost:11434/v1/chat/completions "HTTP/1.1 200 OK"
2026-08-12 14:15:26,651 [INFO] Progress: [588/6923] | Done: 568 | Skipped: 20 | Failed: 0 | RPM: 7.2 | Avg Lat: 8.29s | 429 Hits: 0 | ETA: 875m 55s
2026-08-12 14:15:34,741 [INFO] HTTP Request: POST http://localhost:11434/v1/chat/completions "HTTP/1.1 200 OK"
2026-08-12 14:15:34,746 [INFO] Progress: [589/6923] | Done: 569 | Skipped: 20 | Failed: 0 | RPM: 7.2 | Avg Lat: 8.29s | 429 Hits: 0 | ETA: 875m 44s
2026-08-12 14:15:43,720 [INFO] HTTP Request: POST http://localhost:11434/v1/chat/completions "HTTP/1.1 200 OK"
2026-08-12 14:15:43,725 [INFO] Progress: [590/6923] | Done: 570 | Skipped: 20 | Failed: 0 | RPM: 7.2 | Avg Lat: 8.29s | 429 Hits: 0 | ETA: 875m 44s
2026-08-12 14:15:53,639 [INFO] HTTP Request: POST http://localhost:11434/v1/chat/completions "HTTP/1.1 200 OK"
2026-08-12 14:15:53,644 [INFO] Progress: [591/6923] | Done: 571 | Skipped: 20 | Failed: 0 | RPM: 7.2 | Avg Lat: 8.30s | 429 Hits: 0 | ETA: 875m 53s
2026-08-12 14:15:56,575 [INFO] HTTP Request: POST http://localhost:11434/v1/chat/completions "HTTP/1.1 200 OK"
2026-08-12 14:15:56,590 [INFO] Progress: [592/6923] | Done: 571 | Skipped: 20 | Failed: 1 | RPM: 7.2 | Avg Lat: 8.29s | 429 Hits: 0 | ETA: 874m 46s
2026-08-12 14:15:59,268 [INFO] HTTP Request: POST http://localhost:11434/v1/chat/completions "HTTP/1.1 200 OK"
2026-08-12 14:15:59,270 [INFO] Progress: [593/6923] | Done: 571 | Skipped: 20 | Failed: 2 | RPM: 7.2 | Avg Lat: 8.28s | 429 Hits: 0 | ETA: 873m 36s
2026-08-12 14:16:02,023 [INFO] HTTP Request: POST http://localhost:11434/v1/chat/completions "HTTP/1.1 200 OK"
2026-08-12 14:16:02,031 [INFO] Progress: [594/6923] | Done: 571 | Skipped: 20 | Failed: 3 | RPM: 7.3 | Avg Lat: 8.27s | 429 Hits: 0 | ETA: 872m 26s
2026-08-12 14:16:04,700 [INFO] HTTP Request: POST http://localhost:11434/v1/chat/completions "HTTP/1.1 200 OK"
2026-08-12 14:16:04,702 [INFO] Progress: [595/6923] | Done: 571 | Skipped: 20 | Failed: 4 | RPM: 7.3 | Avg Lat: 8.26s | 429 Hits: 0 | ETA: 871m 16s
2026-08-12 14:16:07,497 [INFO] HTTP Request: POST http://localhost:11434/v1/chat/completions "HTTP/1.1 200 OK"
2026-08-12 14:16:07,499 [INFO] Progress: [596/6923] | Done: 571 | Skipped: 20 | Failed: 5 | RPM: 7.3 | Avg Lat: 8.25s | 429 Hits: 0 | ETA: 870m 8s
2026-08-12 14:16:10,301 [INFO] HTTP Request: POST http://localhost:11434/v1/chat/completions "HTTP/1.1 200 OK"
2026-08-12 14:16:10,303 [INFO] Progress: [597/6923] | Done: 571 | Skipped: 20 | Failed: 6 | RPM: 7.3 | Avg Lat: 8.24s | 429 Hits: 0 | ETA: 869m 0s
2026-08-12 14:16:13,044 [INFO] HTTP Request: POST http://localhost:11434/v1/chat/completions "HTTP/1.1 200 OK"
2026-08-12 14:16:13,052 [INFO] Progress: [598/6923] | Done: 571 | Skipped: 20 | Failed: 7 | RPM: 7.3 | Avg Lat: 8.23s | 429 Hits: 0 | ETA: 867m 52s
2026-08-12 14:16:15,936 [INFO] HTTP Request: POST http://localhost:11434/v1/chat/completions "HTTP/1.1 200 OK"
2026-08-12 14:16:15,939 [INFO] Progress: [599/6923] | Done: 571 | Skipped: 20 | Failed: 8 | RPM: 7.3 | Avg Lat: 8.22s | 429 Hits: 0 | ETA: 866m 45s
2026-08-12 14:16:18,588 [INFO] HTTP Request: POST http://localhost:11434/v1/chat/completions "HTTP/1.1 200 OK"
2026-08-12 14:16:18,591 [INFO] Progress: [600/6923] | Done: 571 | Skipped: 20 | Failed: 9 | RPM: 7.3 | Avg Lat: 8.21s | 429 Hits: 0 | ETA: 865m 36s
2026-08-12 14:16:21,341 [INFO] HTTP Request: POST http://localhost:11434/v1/chat/completions "HTTP/1.1 200 OK"
2026-08-12 14:16:21,344 [INFO] Progress: [601/6923] | Done: 571 | Skipped: 20 | Failed: 10 | RPM: 7.3 | Avg Lat: 8.20s | 429 Hits: 0 | ETA: 864m 29s
2026-08-12 14:16:24,075 [INFO] HTTP Request: POST http://localhost:11434/v1/chat/completions "HTTP/1.1 200 OK"
2026-08-12 14:16:24,077 [INFO] Progress: [602/6923] | Done: 571 | Skipped: 20 | Failed: 11 | RPM: 7.3 | Avg Lat: 8.19s | 429 Hits: 0 | ETA: 863m 21s
2026-08-12 14:16:26,748 [INFO] HTTP Request: POST http://localhost:11434/v1/chat/completions "HTTP/1.1 200 OK"
2026-08-12 14:16:26,750 [INFO] Progress: [603/6923] | Done: 571 | Skipped: 20 | Failed: 12 | RPM: 7.3 | Avg Lat: 8.18s | 429 Hits: 0 | ETA: 862m 13s
2026-08-12 14:16:29,556 [INFO] HTTP Request: POST http://localhost:11434/v1/chat/completions "HTTP/1.1 200 OK"
2026-08-12 14:16:29,557 [INFO] Progress: [604/6923] | Done: 571 | Skipped: 20 | Failed: 13 | RPM: 7.3 | Avg Lat: 8.17s | 429 Hits: 0 | ETA: 861m 7s
2026-08-12 14:16:32,334 [INFO] HTTP Request: POST http://localhost:11434/v1/chat/completions "HTTP/1.1 200 OK"
2026-08-12 14:16:32,337 [INFO] Progress: [605/6923] | Done: 571 | Skipped: 20 | Failed: 14 | RPM: 7.3 | Avg Lat: 8.16s | 429 Hits: 0 | ETA: 860m 0s
2026-08-12 14:16:35,081 [INFO] HTTP Request: POST http://localhost:11434/v1/chat/completions "HTTP/1.1 200 OK"
2026-08-12 14:16:35,083 [INFO] Progress: [606/6923] | Done: 571 | Skipped: 20 | Failed: 15 | RPM: 7.4 | Avg Lat: 8.15s | 429 Hits: 0 | ETA: 858m 53s
2026-08-12 14:16:37,826 [INFO] HTTP Request: POST http://localhost:11434/v1/chat/completions "HTTP/1.1 200 OK"
2026-08-12 14:16:37,828 [INFO] Progress: [607/6923] | Done: 571 | Skipped: 20 | Failed: 16 | RPM: 7.4 | Avg Lat: 8.14s | 429 Hits: 0 | ETA: 857m 47s
2026-08-12 14:16:40,708 [INFO] HTTP Request: POST http://localhost:11434/v1/chat/completions "HTTP/1.1 200 OK"
2026-08-12 14:16:40,710 [INFO] Progress: [608/6923] | Done: 571 | Skipped: 20 | Failed: 17 | RPM: 7.4 | Avg Lat: 8.14s | 429 Hits: 0 | ETA: 856m 42s
2026-08-12 14:16:43,394 [INFO] HTTP Request: POST http://localhost:11434/v1/chat/completions "HTTP/1.1 200 OK"
2026-08-12 14:16:43,396 [INFO] Progress: [609/6923] | Done: 571 | Skipped: 20 | Failed: 18 | RPM: 7.4 | Avg Lat: 8.13s | 429 Hits: 0 | ETA: 855m 36s
2026-08-12 14:16:46,234 [INFO] HTTP Request: POST http://localhost:11434/v1/chat/completions "HTTP/1.1 200 OK"
2026-08-12 14:16:46,236 [INFO] Progress: [610/6923] | Done: 571 | Skipped: 20 | Failed: 19 | RPM: 7.4 | Avg Lat: 8.12s | 429 Hits: 0 | ETA: 854m 31s
2026-08-12 14:16:49,055 [INFO] HTTP Request: POST http://localhost:11434/v1/chat/completions "HTTP/1.1 200 OK"
2026-08-12 14:16:49,058 [INFO] Progress: [611/6923] | Done: 571 | Skipped: 20 | Failed: 20 | RPM: 7.4 | Avg Lat: 8.11s | 429 Hits: 0 | ETA: 853m 26s
2026-08-12 14:16:51,781 [INFO] HTTP Request: POST http://localhost:11434/v1/chat/completions "HTTP/1.1 200 OK"
2026-08-12 14:16:51,783 [INFO] Progress: [612/6923] | Done: 571 | Skipped: 20 | Failed: 21 | RPM: 7.4 | Avg Lat: 8.10s | 429 Hits: 0 | ETA: 852m 21s
2026-08-12 14:16:54,526 [INFO] HTTP Request: POST http://localhost:11434/v1/chat/completions "HTTP/1.1 200 OK"
2026-08-12 14:16:54,528 [INFO] Progress: [613/6923] | Done: 571 | Skipped: 20 | Failed: 22 | RPM: 7.4 | Avg Lat: 8.09s | 429 Hits: 0 | ETA: 851m 16s
2026-08-12 14:16:57,271 [INFO] HTTP Request: POST http://localhost:11434/v1/chat/completions "HTTP/1.1 200 OK"
2026-08-12 14:16:57,273 [INFO] Progress: [614/6923] | Done: 571 | Skipped: 20 | Failed: 23 | RPM: 7.4 | Avg Lat: 8.08s | 429 Hits: 0 | ETA: 850m 11s
2026-08-12 14:16:59,973 [INFO] HTTP Request: POST http://localhost:11434/v1/chat/completions "HTTP/1.1 200 OK"
2026-08-12 14:16:59,980 [INFO] Progress: [615/6923] | Done: 571 | Skipped: 20 | Failed: 24 | RPM: 7.4 | Avg Lat: 8.07s | 429 Hits: 0 | ETA: 849m 6s
2026-08-12 14:17:02,637 [INFO] HTTP Request: POST http://localhost:11434/v1/chat/completions "HTTP/1.1 200 OK"
2026-08-12 14:17:02,640 [INFO] Progress: [616/6923] | Done: 571 | Skipped: 20 | Failed: 25 | RPM: 7.4 | Avg Lat: 8.06s | 429 Hits: 0 | ETA: 848m 0s
2026-08-12 14:17:05,351 [INFO] HTTP Request: POST http://localhost:11434/v1/chat/completions "HTTP/1.1 200 OK"
2026-08-12 14:17:05,353 [INFO] Progress: [617/6923] | Done: 571 | Skipped: 20 | Failed: 26 | RPM: 7.4 | Avg Lat: 8.05s | 429 Hits: 0 | ETA: 846m 56s
2026-08-12 14:17:08,110 [INFO] HTTP Request: POST http://localhost:11434/v1/chat/completions "HTTP/1.1 200 OK"
2026-08-12 14:17:08,113 [INFO] Progress: [618/6923] | Done: 571 | Skipped: 20 | Failed: 27 | RPM: 7.5 | Avg Lat: 8.05s | 429 Hits: 0 | ETA: 845m 52s
2026-08-12 14:17:10,834 [INFO] HTTP Request: POST http://localhost:11434/v1/chat/completions "HTTP/1.1 200 OK"
2026-08-12 14:17:10,836 [INFO] Progress: [619/6923] | Done: 571 | Skipped: 20 | Failed: 28 | RPM: 7.5 | Avg Lat: 8.04s | 429 Hits: 0 | ETA: 844m 48s
2026-08-12 14:17:13,581 [INFO] HTTP Request: POST http://localhost:11434/v1/chat/completions "HTTP/1.1 200 OK"
2026-08-12 14:17:13,584 [INFO] Progress: [620/6923] | Done: 571 | Skipped: 20 | Failed: 29 | RPM: 7.5 | Avg Lat: 8.03s | 429 Hits: 0 | ETA: 843m 44s
2026-08-12 14:17:16,398 [INFO] HTTP Request: POST http://localhost:11434/v1/chat/completions "HTTP/1.1 200 OK"
2026-08-12 14:17:16,400 [INFO] Progress: [621/6923] | Done: 571 | Skipped: 20 | Failed: 30 | RPM: 7.5 | Avg Lat: 8.02s | 429 Hits: 0 | ETA: 842m 41s
2026-08-12 14:17:19,205 [INFO] HTTP Request: POST http://localhost:11434/v1/chat/completions "HTTP/1.1 200 OK"
2026-08-12 14:17:19,207 [INFO] Progress: [622/6923] | Done: 571 | Skipped: 20 | Failed: 31 | RPM: 7.5 | Avg Lat: 8.01s | 429 Hits: 0 | ETA: 841m 39s
2026-08-12 14:17:21,865 [INFO] HTTP Request: POST http://localhost:11434/v1/chat/completions "HTTP/1.1 200 OK"
2026-08-12 14:17:21,867 [INFO] Progress: [623/6923] | Done: 571 | Skipped: 20 | Failed: 32 | RPM: 7.5 | Avg Lat: 8.00s | 429 Hits: 0 | ETA: 840m 35s
2026-08-12 14:17:24,628 [INFO] HTTP Request: POST http://localhost:11434/v1/chat/completions "HTTP/1.1 200 OK"
2026-08-12 14:17:24,631 [INFO] Progress: [624/6923] | Done: 571 | Skipped: 20 | Failed: 33 | RPM: 7.5 | Avg Lat: 7.99s | 429 Hits: 0 | ETA: 839m 32s
2026-08-12 14:17:27,381 [INFO] HTTP Request: POST http://localhost:11434/v1/chat/completions "HTTP/1.1 200 OK"
2026-08-12 14:17:27,384 [INFO] Progress: [625/6923] | Done: 571 | Skipped: 20 | Failed: 34 | RPM: 7.5 | Avg Lat: 7.98s | 429 Hits: 0 | ETA: 838m 29s
2026-08-12 14:17:30,104 [INFO] HTTP Request: POST http://localhost:11434/v1/chat/completions "HTTP/1.1 200 OK"
2026-08-12 14:17:30,106 [INFO] Progress: [626/6923] | Done: 571 | Skipped: 20 | Failed: 35 | RPM: 7.5 | Avg Lat: 7.98s | 429 Hits: 0 | ETA: 837m 27s
2026-08-12 14:17:33,001 [INFO] HTTP Request: POST http://localhost:11434/v1/chat/completions "HTTP/1.1 200 OK"
2026-08-12 14:17:33,003 [INFO] Progress: [627/6923] | Done: 571 | Skipped: 20 | Failed: 36 | RPM: 7.5 | Avg Lat: 7.97s | 429 Hits: 0 | ETA: 836m 26s
2026-08-12 14:17:35,700 [INFO] HTTP Request: POST http://localhost:11434/v1/chat/completions "HTTP/1.1 200 OK"
2026-08-12 14:17:35,702 [INFO] Progress: [628/6923] | Done: 571 | Skipped: 20 | Failed: 37 | RPM: 7.5 | Avg Lat: 7.96s | 429 Hits: 0 | ETA: 835m 23s
2026-08-12 14:17:38,471 [INFO] HTTP Request: POST http://localhost:11434/v1/chat/completions "HTTP/1.1 200 OK"
2026-08-12 14:17:38,474 [INFO] Progress: [629/6923] | Done: 571 | Skipped: 20 | Failed: 38 | RPM: 7.5 | Avg Lat: 7.95s | 429 Hits: 0 | ETA: 834m 22s
2026-08-12 14:17:41,164 [INFO] HTTP Request: POST http://localhost:11434/v1/chat/completions "HTTP/1.1 200 OK"
2026-08-12 14:17:41,165 [INFO] Progress: [630/6923] | Done: 571 | Skipped: 20 | Failed: 39 | RPM: 7.6 | Avg Lat: 7.94s | 429 Hits: 0 | ETA: 833m 20s
2026-08-12 14:17:43,818 [INFO] HTTP Request: POST http://localhost:11434/v1/chat/completions "HTTP/1.1 200 OK"
2026-08-12 14:17:43,820 [INFO] Progress: [631/6923] | Done: 571 | Skipped: 20 | Failed: 40 | RPM: 7.6 | Avg Lat: 7.93s | 429 Hits: 0 | ETA: 832m 17s
2026-08-12 14:17:46,555 [INFO] HTTP Request: POST http://localhost:11434/v1/chat/completions "HTTP/1.1 200 OK"
2026-08-12 14:17:46,557 [INFO] Progress: [632/6923] | Done: 571 | Skipped: 20 | Failed: 41 | RPM: 7.6 | Avg Lat: 7.92s | 429 Hits: 0 | ETA: 831m 16s
2026-08-12 14:17:49,259 [INFO] HTTP Request: POST http://localhost:11434/v1/chat/completions "HTTP/1.1 200 OK"
2026-08-12 14:17:49,262 [INFO] Progress: [633/6923] | Done: 571 | Skipped: 20 | Failed: 42 | RPM: 7.6 | Avg Lat: 7.92s | 429 Hits: 0 | ETA: 830m 14s
2026-08-12 14:17:51,956 [INFO] HTTP Request: POST http://localhost:11434/v1/chat/completions "HTTP/1.1 200 OK"
2026-08-12 14:17:51,958 [INFO] Progress: [634/6923] | Done: 571 | Skipped: 20 | Failed: 43 | RPM: 7.6 | Avg Lat: 7.91s | 429 Hits: 0 | ETA: 829m 13s
2026-08-12 14:17:54,712 [INFO] HTTP Request: POST http://localhost:11434/v1/chat/completions "HTTP/1.1 200 OK"
2026-08-12 14:17:54,714 [INFO] Progress: [635/6923] | Done: 571 | Skipped: 20 | Failed: 44 | RPM: 7.6 | Avg Lat: 7.90s | 429 Hits: 0 | ETA: 828m 12s
2026-08-12 14:17:57,413 [INFO] HTTP Request: POST http://localhost:11434/v1/chat/completions "HTTP/1.1 200 OK"
2026-08-12 14:17:57,415 [INFO] Progress: [636/6923] | Done: 571 | Skipped: 20 | Failed: 45 | RPM: 7.6 | Avg Lat: 7.89s | 429 Hits: 0 | ETA: 827m 11s
2026-08-12 14:18:00,151 [INFO] HTTP Request: POST http://localhost:11434/v1/chat/completions "HTTP/1.1 200 OK"
2026-08-12 14:18:00,153 [INFO] Progress: [637/6923] | Done: 571 | Skipped: 20 | Failed: 46 | RPM: 7.6 | Avg Lat: 7.88s | 429 Hits: 0 | ETA: 826m 11s
2026-08-12 14:18:02,914 [INFO] HTTP Request: POST http://localhost:11434/v1/chat/completions "HTTP/1.1 200 OK"
2026-08-12 14:18:02,916 [INFO] Progress: [638/6923] | Done: 571 | Skipped: 20 | Failed: 47 | RPM: 7.6 | Avg Lat: 7.87s | 429 Hits: 0 | ETA: 825m 11s
2026-08-12 14:18:05,679 [INFO] HTTP Request: POST http://localhost:11434/v1/chat/completions "HTTP/1.1 200 OK"
2026-08-12 14:18:05,681 [INFO] Progress: [639/6923] | Done: 571 | Skipped: 20 | Failed: 48 | RPM: 7.6 | Avg Lat: 7.87s | 429 Hits: 0 | ETA: 824m 11s
2026-08-12 14:18:08,456 [INFO] HTTP Request: POST http://localhost:11434/v1/chat/completions "HTTP/1.1 200 OK"
2026-08-12 14:18:08,458 [INFO] Progress: [640/6923] | Done: 571 | Skipped: 20 | Failed: 49 | RPM: 7.6 | Avg Lat: 7.86s | 429 Hits: 0 | ETA: 823m 12s
2026-08-12 14:18:11,131 [INFO] HTTP Request: POST http://localhost:11434/v1/chat/completions "HTTP/1.1 200 OK"
2026-08-12 14:18:11,134 [INFO] Progress: [641/6923] | Done: 571 | Skipped: 20 | Failed: 50 | RPM: 7.6 | Avg Lat: 7.85s | 429 Hits: 0 | ETA: 822m 11s
2026-08-12 14:18:13,771 [INFO] HTTP Request: POST http://localhost:11434/v1/chat/completions "HTTP/1.1 200 OK"
2026-08-12 14:18:13,778 [INFO] Progress: [642/6923] | Done: 571 | Skipped: 20 | Failed: 51 | RPM: 7.6 | Avg Lat: 7.84s | 429 Hits: 0 | ETA: 821m 11s
2026-08-12 14:18:16,406 [INFO] HTTP Request: POST http://localhost:11434/v1/chat/completions "HTTP/1.1 200 OK"
2026-08-12 14:18:16,408 [INFO] Progress: [643/6923] | Done: 571 | Skipped: 20 | Failed: 52 | RPM: 7.7 | Avg Lat: 7.83s | 429 Hits: 0 | ETA: 820m 10s
2026-08-12 14:18:19,057 [INFO] HTTP Request: POST http://localhost:11434/v1/chat/completions "HTTP/1.1 200 OK"
2026-08-12 14:18:19,060 [INFO] Progress: [644/6923] | Done: 571 | Skipped: 20 | Failed: 53 | RPM: 7.7 | Avg Lat: 7.82s | 429 Hits: 0 | ETA: 819m 10s
2026-08-12 14:18:21,806 [INFO] HTTP Request: POST http://localhost:11434/v1/chat/completions "HTTP/1.1 200 OK"
2026-08-12 14:18:21,808 [INFO] Progress: [645/6923] | Done: 571 | Skipped: 20 | Failed: 54 | RPM: 7.7 | Avg Lat: 7.82s | 429 Hits: 0 | ETA: 818m 11s
2026-08-12 14:18:24,471 [INFO] HTTP Request: POST http://localhost:11434/v1/chat/completions "HTTP/1.1 200 OK"
2026-08-12 14:18:24,473 [INFO] Progress: [646/6923] | Done: 571 | Skipped: 20 | Failed: 55 | RPM: 7.7 | Avg Lat: 7.81s | 429 Hits: 0 | ETA: 817m 12s
2026-08-12 14:18:27,199 [INFO] HTTP Request: POST http://localhost:11434/v1/chat/completions "HTTP/1.1 200 OK"
2026-08-12 14:18:27,201 [INFO] Progress: [647/6923] | Done: 571 | Skipped: 20 | Failed: 56 | RPM: 7.7 | Avg Lat: 7.80s | 429 Hits: 0 | ETA: 816m 13s
2026-08-12 14:18:29,896 [INFO] HTTP Request: POST http://localhost:11434/v1/chat/completions "HTTP/1.1 200 OK"
2026-08-12 14:18:29,899 [INFO] Progress: [648/6923] | Done: 571 | Skipped: 20 | Failed: 57 | RPM: 7.7 | Avg Lat: 7.79s | 429 Hits: 0 | ETA: 815m 14s
2026-08-12 14:18:32,648 [INFO] HTTP Request: POST http://localhost:11434/v1/chat/completions "HTTP/1.1 200 OK"
2026-08-12 14:18:32,650 [INFO] Progress: [649/6923] | Done: 571 | Skipped: 20 | Failed: 58 | RPM: 7.7 | Avg Lat: 7.78s | 429 Hits: 0 | ETA: 814m 16s
2026-08-12 14:18:35,369 [INFO] HTTP Request: POST http://localhost:11434/v1/chat/completions "HTTP/1.1 200 OK"
2026-08-12 14:18:35,371 [INFO] Progress: [650/6923] | Done: 571 | Skipped: 20 | Failed: 59 | RPM: 7.7 | Avg Lat: 7.78s | 429 Hits: 0 | ETA: 813m 18s
2026-08-12 14:18:38,046 [INFO] HTTP Request: POST http://localhost:11434/v1/chat/completions "HTTP/1.1 200 OK"
2026-08-12 14:18:38,049 [INFO] Progress: [651/6923] | Done: 571 | Skipped: 20 | Failed: 60 | RPM: 7.7 | Avg Lat: 7.77s | 429 Hits: 0 | ETA: 812m 20s
2026-08-12 14:18:40,746 [INFO] HTTP Request: POST http://localhost:11434/v1/chat/completions "HTTP/1.1 200 OK"
2026-08-12 14:18:40,748 [INFO] Progress: [652/6923] | Done: 571 | Skipped: 20 | Failed: 61 | RPM: 7.7 | Avg Lat: 7.76s | 429 Hits: 0 | ETA: 811m 22s
2026-08-12 14:18:43,594 [INFO] HTTP Request: POST http://localhost:11434/v1/chat/completions "HTTP/1.1 200 OK"
2026-08-12 14:18:43,602 [INFO] Progress: [653/6923] | Done: 571 | Skipped: 20 | Failed: 62 | RPM: 7.7 | Avg Lat: 7.75s | 429 Hits: 0 | ETA: 810m 25s
2026-08-12 14:18:46,333 [INFO] HTTP Request: POST http://localhost:11434/v1/chat/completions "HTTP/1.1 200 OK"
2026-08-12 14:18:46,336 [INFO] Progress: [654/6923] | Done: 571 | Skipped: 20 | Failed: 63 | RPM: 7.7 | Avg Lat: 7.74s | 429 Hits: 0 | ETA: 809m 28s
2026-08-12 14:18:48,952 [INFO] HTTP Request: POST http://localhost:11434/v1/chat/completions "HTTP/1.1 200 OK"
2026-08-12 14:18:48,954 [INFO] Progress: [655/6923] | Done: 571 | Skipped: 20 | Failed: 64 | RPM: 7.8 | Avg Lat: 7.74s | 429 Hits: 0 | ETA: 808m 29s
2026-08-12 14:18:51,645 [INFO] HTTP Request: POST http://localhost:11434/v1/chat/completions "HTTP/1.1 200 OK"
2026-08-12 14:18:51,646 [INFO] Progress: [656/6923] | Done: 571 | Skipped: 20 | Failed: 65 | RPM: 7.8 | Avg Lat: 7.73s | 429 Hits: 0 | ETA: 807m 32s
2026-08-12 14:18:54,404 [INFO] HTTP Request: POST http://localhost:11434/v1/chat/completions "HTTP/1.1 200 OK"
2026-08-12 14:18:54,406 [INFO] Progress: [657/6923] | Done: 571 | Skipped: 20 | Failed: 66 | RPM: 7.8 | Avg Lat: 7.72s | 429 Hits: 0 | ETA: 806m 35s
2026-08-12 14:18:57,133 [INFO] HTTP Request: POST http://localhost:11434/v1/chat/completions "HTTP/1.1 200 OK"
2026-08-12 14:18:57,135 [INFO] Progress: [658/6923] | Done: 571 | Skipped: 20 | Failed: 67 | RPM: 7.8 | Avg Lat: 7.71s | 429 Hits: 0 | ETA: 805m 39s
2026-08-12 14:18:59,944 [INFO] HTTP Request: POST http://localhost:11434/v1/chat/completions "HTTP/1.1 200 OK"
2026-08-12 14:18:59,947 [INFO] Progress: [659/6923] | Done: 571 | Skipped: 20 | Failed: 68 | RPM: 7.8 | Avg Lat: 7.70s | 429 Hits: 0 | ETA: 804m 43s
2026-08-12 14:19:02,691 [INFO] HTTP Request: POST http://localhost:11434/v1/chat/completions "HTTP/1.1 200 OK"
2026-08-12 14:19:02,693 [INFO] Progress: [660/6923] | Done: 571 | Skipped: 20 | Failed: 69 | RPM: 7.8 | Avg Lat: 7.70s | 429 Hits: 0 | ETA: 803m 46s
2026-08-12 14:19:05,555 [INFO] HTTP Request: POST http://localhost:11434/v1/chat/completions "HTTP/1.1 200 OK"
2026-08-12 14:19:05,558 [INFO] Progress: [661/6923] | Done: 571 | Skipped: 20 | Failed: 70 | RPM: 7.8 | Avg Lat: 7.69s | 429 Hits: 0 | ETA: 802m 52s
2026-08-12 14:19:08,269 [INFO] HTTP Request: POST http://localhost:11434/v1/chat/completions "HTTP/1.1 200 OK"
2026-08-12 14:19:08,271 [INFO] Progress: [662/6923] | Done: 571 | Skipped: 20 | Failed: 71 | RPM: 7.8 | Avg Lat: 7.68s | 429 Hits: 0 | ETA: 801m 55s
2026-08-12 14:19:11,007 [INFO] HTTP Request: POST http://localhost:11434/v1/chat/completions "HTTP/1.1 200 OK"
2026-08-12 14:19:11,010 [INFO] Progress: [663/6923] | Done: 571 | Skipped: 20 | Failed: 72 | RPM: 7.8 | Avg Lat: 7.67s | 429 Hits: 0 | ETA: 800m 59s
2026-08-12 14:19:13,736 [INFO] HTTP Request: POST http://localhost:11434/v1/chat/completions "HTTP/1.1 200 OK"
2026-08-12 14:19:13,738 [INFO] Progress: [664/6923] | Done: 571 | Skipped: 20 | Failed: 73 | RPM: 7.8 | Avg Lat: 7.67s | 429 Hits: 0 | ETA: 800m 4s
2026-08-12 14:19:16,346 [INFO] HTTP Request: POST http://localhost:11434/v1/chat/completions "HTTP/1.1 200 OK"
2026-08-12 14:19:16,349 [INFO] Progress: [665/6923] | Done: 571 | Skipped: 20 | Failed: 74 | RPM: 7.8 | Avg Lat: 7.66s | 429 Hits: 0 | ETA: 799m 7s
2026-08-12 14:19:18,972 [INFO] HTTP Request: POST http://localhost:11434/v1/chat/completions "HTTP/1.1 200 OK"
2026-08-12 14:19:18,974 [INFO] Progress: [666/6923] | Done: 571 | Skipped: 20 | Failed: 75 | RPM: 7.8 | Avg Lat: 7.65s | 429 Hits: 0 | ETA: 798m 10s
2026-08-12 14:19:21,669 [INFO] HTTP Request: POST http://localhost:11434/v1/chat/completions "HTTP/1.1 200 OK"
2026-08-12 14:19:21,674 [INFO] Progress: [667/6923] | Done: 571 | Skipped: 20 | Failed: 76 | RPM: 7.8 | Avg Lat: 7.64s | 429 Hits: 0 | ETA: 797m 15s
2026-08-12 14:19:24,381 [INFO] HTTP Request: POST http://localhost:11434/v1/chat/completions "HTTP/1.1 200 OK"
2026-08-12 14:19:24,383 [INFO] Progress: [668/6923] | Done: 571 | Skipped: 20 | Failed: 77 | RPM: 7.9 | Avg Lat: 7.64s | 429 Hits: 0 | ETA: 796m 20s
2026-08-12 14:19:27,156 [INFO] HTTP Request: POST http://localhost:11434/v1/chat/completions "HTTP/1.1 200 OK"
2026-08-12 14:19:27,159 [INFO] Progress: [669/6923] | Done: 571 | Skipped: 20 | Failed: 78 | RPM: 7.9 | Avg Lat: 7.63s | 429 Hits: 0 | ETA: 795m 25s
2026-08-12 14:19:29,910 [INFO] HTTP Request: POST http://localhost:11434/v1/chat/completions "HTTP/1.1 200 OK"
2026-08-12 14:19:29,913 [INFO] Progress: [670/6923] | Done: 571 | Skipped: 20 | Failed: 79 | RPM: 7.9 | Avg Lat: 7.62s | 429 Hits: 0 | ETA: 794m 31s
2026-08-12 14:19:32,616 [INFO] HTTP Request: POST http://localhost:11434/v1/chat/completions "HTTP/1.1 200 OK"
2026-08-12 14:19:32,618 [INFO] Progress: [671/6923] | Done: 571 | Skipped: 20 | Failed: 80 | RPM: 7.9 | Avg Lat: 7.61s | 429 Hits: 0 | ETA: 793m 36s
2026-08-12 14:19:35,301 [INFO] HTTP Request: POST http://localhost:11434/v1/chat/completions "HTTP/1.1 200 OK"
2026-08-12 14:19:35,303 [INFO] Progress: [672/6923] | Done: 571 | Skipped: 20 | Failed: 81 | RPM: 7.9 | Avg Lat: 7.60s | 429 Hits: 0 | ETA: 792m 41s
2026-08-12 14:19:38,042 [INFO] HTTP Request: POST http://localhost:11434/v1/chat/completions "HTTP/1.1 200 OK"
2026-08-12 14:19:38,044 [INFO] Progress: [673/6923] | Done: 571 | Skipped: 20 | Failed: 82 | RPM: 7.9 | Avg Lat: 7.60s | 429 Hits: 0 | ETA: 791m 47s
2026-08-12 14:19:40,850 [INFO] HTTP Request: POST http://localhost:11434/v1/chat/completions "HTTP/1.1 200 OK"
2026-08-12 14:19:40,853 [INFO] Progress: [674/6923] | Done: 571 | Skipped: 20 | Failed: 83 | RPM: 7.9 | Avg Lat: 7.59s | 429 Hits: 0 | ETA: 790m 53s
2026-08-12 14:19:43,596 [INFO] HTTP Request: POST http://localhost:11434/v1/chat/completions "HTTP/1.1 200 OK"
2026-08-12 14:19:43,598 [INFO] Progress: [675/6923] | Done: 571 | Skipped: 20 | Failed: 84 | RPM: 7.9 | Avg Lat: 7.58s | 429 Hits: 0 | ETA: 789m 59s
2026-08-12 14:19:46,233 [INFO] HTTP Request: POST http://localhost:11434/v1/chat/completions "HTTP/1.1 200 OK"
2026-08-12 14:19:46,235 [INFO] Progress: [676/6923] | Done: 571 | Skipped: 20 | Failed: 85 | RPM: 7.9 | Avg Lat: 7.58s | 429 Hits: 0 | ETA: 789m 5s
2026-08-12 14:19:49,033 [INFO] HTTP Request: POST http://localhost:11434/v1/chat/completions "HTTP/1.1 200 OK"
2026-08-12 14:19:49,035 [INFO] Progress: [677/6923] | Done: 571 | Skipped: 20 | Failed: 86 | RPM: 7.9 | Avg Lat: 7.57s | 429 Hits: 0 | ETA: 788m 12s
2026-08-12 14:19:51,675 [INFO] HTTP Request: POST http://localhost:11434/v1/chat/completions "HTTP/1.1 200 OK"
2026-08-12 14:19:51,678 [INFO] Progress: [678/6923] | Done: 571 | Skipped: 20 | Failed: 87 | RPM: 7.9 | Avg Lat: 7.56s | 429 Hits: 0 | ETA: 787m 17s
2026-08-12 14:19:54,304 [INFO] HTTP Request: POST http://localhost:11434/v1/chat/completions "HTTP/1.1 200 OK"
2026-08-12 14:19:54,306 [INFO] Progress: [679/6923] | Done: 571 | Skipped: 20 | Failed: 88 | RPM: 7.9 | Avg Lat: 7.55s | 429 Hits: 0 | ETA: 786m 23s
2026-08-12 14:19:57,009 [INFO] HTTP Request: POST http://localhost:11434/v1/chat/completions "HTTP/1.1 200 OK"
2026-08-12 14:19:57,012 [INFO] Progress: [680/6923] | Done: 571 | Skipped: 20 | Failed: 89 | RPM: 7.9 | Avg Lat: 7.55s | 429 Hits: 0 | ETA: 785m 29s
2026-08-12 14:19:59,764 [INFO] HTTP Request: POST http://localhost:11434/v1/chat/completions "HTTP/1.1 200 OK"
2026-08-12 14:19:59,767 [INFO] Progress: [681/6923] | Done: 571 | Skipped: 20 | Failed: 90 | RPM: 8.0 | Avg Lat: 7.54s | 429 Hits: 0 | ETA: 784m 37s
2026-08-12 14:20:02,475 [INFO] HTTP Request: POST http://localhost:11434/v1/chat/completions "HTTP/1.1 200 OK"
2026-08-12 14:20:02,477 [INFO] Progress: [682/6923] | Done: 571 | Skipped: 20 | Failed: 91 | RPM: 8.0 | Avg Lat: 7.53s | 429 Hits: 0 | ETA: 783m 44s
2026-08-12 14:20:05,119 [INFO] HTTP Request: POST http://localhost:11434/v1/chat/completions "HTTP/1.1 200 OK"
2026-08-12 14:20:05,122 [INFO] Progress: [683/6923] | Done: 571 | Skipped: 20 | Failed: 92 | RPM: 8.0 | Avg Lat: 7.52s | 429 Hits: 0 | ETA: 782m 50s
2026-08-12 14:20:07,887 [INFO] HTTP Request: POST http://localhost:11434/v1/chat/completions "HTTP/1.1 200 OK"
2026-08-12 14:20:07,890 [INFO] Progress: [684/6923] | Done: 571 | Skipped: 20 | Failed: 93 | RPM: 8.0 | Avg Lat: 7.52s | 429 Hits: 0 | ETA: 781m 58s
2026-08-12 14:20:10,603 [INFO] HTTP Request: POST http://localhost:11434/v1/chat/completions "HTTP/1.1 200 OK"
2026-08-12 14:20:10,606 [INFO] Progress: [685/6923] | Done: 571 | Skipped: 20 | Failed: 94 | RPM: 8.0 | Avg Lat: 7.51s | 429 Hits: 0 | ETA: 781m 5s
2026-08-12 14:20:13,327 [INFO] HTTP Request: POST http://localhost:11434/v1/chat/completions "HTTP/1.1 200 OK"
2026-08-12 14:20:13,330 [INFO] Progress: [686/6923] | Done: 571 | Skipped: 20 | Failed: 95 | RPM: 8.0 | Avg Lat: 7.50s | 429 Hits: 0 | ETA: 780m 13s
2026-08-12 14:20:16,001 [INFO] HTTP Request: POST http://localhost:11434/v1/chat/completions "HTTP/1.1 200 OK"
2026-08-12 14:20:16,004 [INFO] Progress: [687/6923] | Done: 571 | Skipped: 20 | Failed: 96 | RPM: 8.0 | Avg Lat: 7.49s | 429 Hits: 0 | ETA: 779m 20s
2026-08-12 14:20:18,737 [INFO] HTTP Request: POST http://localhost:11434/v1/chat/completions "HTTP/1.1 200 OK"
2026-08-12 14:20:18,739 [INFO] Progress: [688/6923] | Done: 571 | Skipped: 20 | Failed: 97 | RPM: 8.0 | Avg Lat: 7.49s | 429 Hits: 0 | ETA: 778m 28s
2026-08-12 14:20:21,561 [INFO] HTTP Request: POST http://localhost:11434/v1/chat/completions "HTTP/1.1 200 OK"
2026-08-12 14:20:21,563 [INFO] Progress: [689/6923] | Done: 571 | Skipped: 20 | Failed: 98 | RPM: 8.0 | Avg Lat: 7.48s | 429 Hits: 0 | ETA: 777m 37s
2026-08-12 14:20:24,288 [INFO] HTTP Request: POST http://localhost:11434/v1/chat/completions "HTTP/1.1 200 OK"
2026-08-12 14:20:24,290 [INFO] Progress: [690/6923] | Done: 571 | Skipped: 20 | Failed: 99 | RPM: 8.0 | Avg Lat: 7.47s | 429 Hits: 0 | ETA: 776m 45s
2026-08-12 14:20:27,129 [INFO] HTTP Request: POST http://localhost:11434/v1/chat/completions "HTTP/1.1 200 OK"
2026-08-12 14:20:27,131 [INFO] Progress: [691/6923] | Done: 571 | Skipped: 20 | Failed: 100 | RPM: 8.0 | Avg Lat: 7.47s | 429 Hits: 0 | ETA: 775m 55s
2026-08-12 14:20:29,905 [INFO] HTTP Request: POST http://localhost:11434/v1/chat/completions "HTTP/1.1 200 OK"
2026-08-12 14:20:29,907 [INFO] Progress: [692/6923] | Done: 571 | Skipped: 20 | Failed: 101 | RPM: 8.0 | Avg Lat: 7.46s | 429 Hits: 0 | ETA: 775m 4s
2026-08-12 14:20:32,582 [INFO] HTTP Request: POST http://localhost:11434/v1/chat/completions "HTTP/1.1 200 OK"
2026-08-12 14:20:32,585 [INFO] Progress: [693/6923] | Done: 571 | Skipped: 20 | Failed: 102 | RPM: 8.0 | Avg Lat: 7.45s | 429 Hits: 0 | ETA: 774m 12s
2026-08-12 14:20:35,394 [INFO] HTTP Request: POST http://localhost:11434/v1/chat/completions "HTTP/1.1 200 OK"
2026-08-12 14:20:35,397 [INFO] Progress: [694/6923] | Done: 571 | Skipped: 20 | Failed: 103 | RPM: 8.1 | Avg Lat: 7.45s | 429 Hits: 0 | ETA: 773m 22s
2026-08-12 14:20:38,243 [INFO] HTTP Request: POST http://localhost:11434/v1/chat/completions "HTTP/1.1 200 OK"
2026-08-12 14:20:38,245 [INFO] Progress: [695/6923] | Done: 571 | Skipped: 20 | Failed: 104 | RPM: 8.1 | Avg Lat: 7.44s | 429 Hits: 0 | ETA: 772m 32s
2026-08-12 14:20:40,956 [INFO] HTTP Request: POST http://localhost:11434/v1/chat/completions "HTTP/1.1 200 OK"
2026-08-12 14:20:40,958 [INFO] Progress: [696/6923] | Done: 571 | Skipped: 20 | Failed: 105 | RPM: 8.1 | Avg Lat: 7.43s | 429 Hits: 0 | ETA: 771m 41s
2026-08-12 14:20:43,527 [INFO] HTTP Request: POST http://localhost:11434/v1/chat/completions "HTTP/1.1 200 OK"
2026-08-12 14:20:43,529 [INFO] Progress: [697/6923] | Done: 571 | Skipped: 20 | Failed: 106 | RPM: 8.1 | Avg Lat: 7.42s | 429 Hits: 0 | ETA: 770m 49s
2026-08-12 14:20:46,370 [INFO] HTTP Request: POST http://localhost:11434/v1/chat/completions "HTTP/1.1 200 OK"
2026-08-12 14:20:46,373 [INFO] Progress: [698/6923] | Done: 571 | Skipped: 20 | Failed: 107 | RPM: 8.1 | Avg Lat: 7.42s | 429 Hits: 0 | ETA: 769m 59s
2026-08-12 14:20:49,035 [INFO] HTTP Request: POST http://localhost:11434/v1/chat/completions "HTTP/1.1 200 OK"
2026-08-12 14:20:49,037 [INFO] Progress: [699/6923] | Done: 571 | Skipped: 20 | Failed: 108 | RPM: 8.1 | Avg Lat: 7.41s | 429 Hits: 0 | ETA: 769m 8s
2026-08-12 14:20:51,726 [INFO] HTTP Request: POST http://localhost:11434/v1/chat/completions "HTTP/1.1 200 OK"
2026-08-12 14:20:51,728 [INFO] Progress: [700/6923] | Done: 571 | Skipped: 20 | Failed: 109 | RPM: 8.1 | Avg Lat: 7.40s | 429 Hits: 0 | ETA: 768m 18s
2026-08-12 14:20:54,522 [INFO] HTTP Request: POST http://localhost:11434/v1/chat/completions "HTTP/1.1 200 OK"
2026-08-12 14:20:54,524 [INFO] Progress: [701/6923] | Done: 571 | Skipped: 20 | Failed: 110 | RPM: 8.1 | Avg Lat: 7.40s | 429 Hits: 0 | ETA: 767m 28s
2026-08-12 14:20:57,210 [INFO] HTTP Request: POST http://localhost:11434/v1/chat/completions "HTTP/1.1 200 OK"
2026-08-12 14:20:57,212 [INFO] Progress: [702/6923] | Done: 571 | Skipped: 20 | Failed: 111 | RPM: 8.1 | Avg Lat: 7.39s | 429 Hits: 0 | ETA: 766m 38s
2026-08-12 14:20:59,903 [INFO] HTTP Request: POST http://localhost:11434/v1/chat/completions "HTTP/1.1 200 OK"
2026-08-12 14:20:59,911 [INFO] Progress: [703/6923] | Done: 571 | Skipped: 20 | Failed: 112 | RPM: 8.1 | Avg Lat: 7.38s | 429 Hits: 0 | ETA: 765m 47s
2026-08-12 14:21:02,684 [INFO] HTTP Request: POST http://localhost:11434/v1/chat/completions "HTTP/1.1 200 OK"
2026-08-12 14:21:02,686 [INFO] Progress: [704/6923] | Done: 571 | Skipped: 20 | Failed: 113 | RPM: 8.1 | Avg Lat: 7.38s | 429 Hits: 0 | ETA: 764m 58s
2026-08-12 14:21:05,406 [INFO] HTTP Request: POST http://localhost:11434/v1/chat/completions "HTTP/1.1 200 OK"
2026-08-12 14:21:05,408 [INFO] Progress: [705/6923] | Done: 571 | Skipped: 20 | Failed: 114 | RPM: 8.1 | Avg Lat: 7.37s | 429 Hits: 0 | ETA: 764m 8s
2026-08-12 14:21:08,133 [INFO] HTTP Request: POST http://localhost:11434/v1/chat/completions "HTTP/1.1 200 OK"
2026-08-12 14:21:08,135 [INFO] Progress: [706/6923] | Done: 571 | Skipped: 20 | Failed: 115 | RPM: 8.1 | Avg Lat: 7.36s | 429 Hits: 0 | ETA: 763m 19s
2026-08-12 14:21:10,898 [INFO] HTTP Request: POST http://localhost:11434/v1/chat/completions "HTTP/1.1 200 OK"
2026-08-12 14:21:10,901 [INFO] Progress: [707/6923] | Done: 571 | Skipped: 20 | Failed: 116 | RPM: 8.2 | Avg Lat: 7.36s | 429 Hits: 0 | ETA: 762m 30s
2026-08-12 14:21:13,636 [INFO] HTTP Request: POST http://localhost:11434/v1/chat/completions "HTTP/1.1 200 OK"
2026-08-12 14:21:13,638 [INFO] Progress: [708/6923] | Done: 571 | Skipped: 20 | Failed: 117 | RPM: 8.2 | Avg Lat: 7.35s | 429 Hits: 0 | ETA: 761m 41s
2026-08-12 14:21:16,316 [INFO] HTTP Request: POST http://localhost:11434/v1/chat/completions "HTTP/1.1 200 OK"
2026-08-12 14:21:16,318 [INFO] Progress: [709/6923] | Done: 571 | Skipped: 20 | Failed: 118 | RPM: 8.2 | Avg Lat: 7.34s | 429 Hits: 0 | ETA: 760m 51s
2026-08-12 14:21:19,033 [INFO] HTTP Request: POST http://localhost:11434/v1/chat/completions "HTTP/1.1 200 OK"
2026-08-12 14:21:19,036 [INFO] Progress: [710/6923] | Done: 571 | Skipped: 20 | Failed: 119 | RPM: 8.2 | Avg Lat: 7.34s | 429 Hits: 0 | ETA: 760m 2s
2026-08-12 14:21:21,751 [INFO] HTTP Request: POST http://localhost:11434/v1/chat/completions "HTTP/1.1 200 OK"
2026-08-12 14:21:21,753 [INFO] Progress: [711/6923] | Done: 571 | Skipped: 20 | Failed: 120 | RPM: 8.2 | Avg Lat: 7.33s | 429 Hits: 0 | ETA: 759m 13s
2026-08-12 14:21:24,380 [INFO] HTTP Request: POST http://localhost:11434/v1/chat/completions "HTTP/1.1 200 OK"
2026-08-12 14:21:24,382 [INFO] Progress: [712/6923] | Done: 571 | Skipped: 20 | Failed: 121 | RPM: 8.2 | Avg Lat: 7.32s | 429 Hits: 0 | ETA: 758m 24s
2026-08-12 14:21:27,176 [INFO] HTTP Request: POST http://localhost:11434/v1/chat/completions "HTTP/1.1 200 OK"
2026-08-12 14:21:27,178 [INFO] Progress: [713/6923] | Done: 571 | Skipped: 20 | Failed: 122 | RPM: 8.2 | Avg Lat: 7.32s | 429 Hits: 0 | ETA: 757m 36s
2026-08-12 14:21:29,900 [INFO] HTTP Request: POST http://localhost:11434/v1/chat/completions "HTTP/1.1 200 OK"
2026-08-12 14:21:29,902 [INFO] Progress: [714/6923] | Done: 571 | Skipped: 20 | Failed: 123 | RPM: 8.2 | Avg Lat: 7.31s | 429 Hits: 0 | ETA: 756m 47s
2026-08-12 14:21:32,632 [INFO] HTTP Request: POST http://localhost:11434/v1/chat/completions "HTTP/1.1 200 OK"
2026-08-12 14:21:32,635 [INFO] Progress: [715/6923] | Done: 571 | Skipped: 20 | Failed: 124 | RPM: 8.2 | Avg Lat: 7.30s | 429 Hits: 0 | ETA: 755m 59s
2026-08-12 14:21:35,405 [INFO] HTTP Request: POST http://localhost:11434/v1/chat/completions "HTTP/1.1 200 OK"
2026-08-12 14:21:35,408 [INFO] Progress: [716/6923] | Done: 571 | Skipped: 20 | Failed: 125 | RPM: 8.2 | Avg Lat: 7.30s | 429 Hits: 0 | ETA: 755m 12s
2026-08-12 14:21:38,110 [INFO] HTTP Request: POST http://localhost:11434/v1/chat/completions "HTTP/1.1 200 OK"
2026-08-12 14:21:38,112 [INFO] Progress: [717/6923] | Done: 571 | Skipped: 20 | Failed: 126 | RPM: 8.2 | Avg Lat: 7.29s | 429 Hits: 0 | ETA: 754m 23s
2026-08-12 14:21:40,849 [INFO] HTTP Request: POST http://localhost:11434/v1/chat/completions "HTTP/1.1 200 OK"
2026-08-12 14:21:40,851 [INFO] Progress: [718/6923] | Done: 571 | Skipped: 20 | Failed: 127 | RPM: 8.2 | Avg Lat: 7.28s | 429 Hits: 0 | ETA: 753m 36s
2026-08-12 14:21:43,639 [INFO] HTTP Request: POST http://localhost:11434/v1/chat/completions "HTTP/1.1 200 OK"
2026-08-12 14:21:43,641 [INFO] Progress: [719/6923] | Done: 571 | Skipped: 20 | Failed: 128 | RPM: 8.2 | Avg Lat: 7.28s | 429 Hits: 0 | ETA: 752m 48s
2026-08-12 14:21:46,378 [INFO] HTTP Request: POST http://localhost:11434/v1/chat/completions "HTTP/1.1 200 OK"
2026-08-12 14:21:46,385 [INFO] Progress: [720/6923] | Done: 571 | Skipped: 20 | Failed: 129 | RPM: 8.2 | Avg Lat: 7.27s | 429 Hits: 0 | ETA: 752m 1s
2026-08-12 14:21:49,059 [INFO] HTTP Request: POST http://localhost:11434/v1/chat/completions "HTTP/1.1 200 OK"
2026-08-12 14:21:49,061 [INFO] Progress: [721/6923] | Done: 571 | Skipped: 20 | Failed: 130 | RPM: 8.3 | Avg Lat: 7.26s | 429 Hits: 0 | ETA: 751m 13s
2026-08-12 14:21:51,857 [INFO] HTTP Request: POST http://localhost:11434/v1/chat/completions "HTTP/1.1 200 OK"
2026-08-12 14:21:51,859 [INFO] Progress: [722/6923] | Done: 571 | Skipped: 20 | Failed: 131 | RPM: 8.3 | Avg Lat: 7.26s | 429 Hits: 0 | ETA: 750m 26s
2026-08-12 14:21:54,681 [INFO] HTTP Request: POST http://localhost:11434/v1/chat/completions "HTTP/1.1 200 OK"
2026-08-12 14:21:54,683 [INFO] Progress: [723/6923] | Done: 571 | Skipped: 20 | Failed: 132 | RPM: 8.3 | Avg Lat: 7.25s | 429 Hits: 0 | ETA: 749m 40s
2026-08-12 14:21:57,476 [INFO] HTTP Request: POST http://localhost:11434/v1/chat/completions "HTTP/1.1 200 OK"
2026-08-12 14:21:57,478 [INFO] Progress: [724/6923] | Done: 571 | Skipped: 20 | Failed: 133 | RPM: 8.3 | Avg Lat: 7.25s | 429 Hits: 0 | ETA: 748m 53s
2026-08-12 14:22:00,241 [INFO] HTTP Request: POST http://localhost:11434/v1/chat/completions "HTTP/1.1 200 OK"
2026-08-12 14:22:00,244 [INFO] Progress: [725/6923] | Done: 571 | Skipped: 20 | Failed: 134 | RPM: 8.3 | Avg Lat: 7.24s | 429 Hits: 0 | ETA: 748m 7s
2026-08-12 14:22:03,027 [INFO] HTTP Request: POST http://localhost:11434/v1/chat/completions "HTTP/1.1 200 OK"
2026-08-12 14:22:03,030 [INFO] Progress: [726/6923] | Done: 571 | Skipped: 20 | Failed: 135 | RPM: 8.3 | Avg Lat: 7.23s | 429 Hits: 0 | ETA: 747m 20s
2026-08-12 14:22:05,788 [INFO] HTTP Request: POST http://localhost:11434/v1/chat/completions "HTTP/1.1 200 OK"
2026-08-12 14:22:05,790 [INFO] Progress: [727/6923] | Done: 571 | Skipped: 20 | Failed: 136 | RPM: 8.3 | Avg Lat: 7.23s | 429 Hits: 0 | ETA: 746m 34s
2026-08-12 14:22:08,448 [INFO] HTTP Request: POST http://localhost:11434/v1/chat/completions "HTTP/1.1 200 OK"
2026-08-12 14:22:08,450 [INFO] Progress: [728/6923] | Done: 571 | Skipped: 20 | Failed: 137 | RPM: 8.3 | Avg Lat: 7.22s | 429 Hits: 0 | ETA: 745m 47s
2026-08-12 14:22:11,109 [INFO] HTTP Request: POST http://localhost:11434/v1/chat/completions "HTTP/1.1 200 OK"
2026-08-12 14:22:11,111 [INFO] Progress: [729/6923] | Done: 571 | Skipped: 20 | Failed: 138 | RPM: 8.3 | Avg Lat: 7.21s | 429 Hits: 0 | ETA: 744m 59s
2026-08-12 14:22:13,780 [INFO] HTTP Request: POST http://localhost:11434/v1/chat/completions "HTTP/1.1 200 OK"
2026-08-12 14:22:13,783 [INFO] Progress: [730/6923] | Done: 571 | Skipped: 20 | Failed: 139 | RPM: 8.3 | Avg Lat: 7.21s | 429 Hits: 0 | ETA: 744m 13s
2026-08-12 14:22:16,448 [INFO] HTTP Request: POST http://localhost:11434/v1/chat/completions "HTTP/1.1 200 OK"
2026-08-12 14:22:16,451 [INFO] Progress: [731/6923] | Done: 571 | Skipped: 20 | Failed: 140 | RPM: 8.3 | Avg Lat: 7.20s | 429 Hits: 0 | ETA: 743m 26s
2026-08-12 14:22:19,129 [INFO] HTTP Request: POST http://localhost:11434/v1/chat/completions "HTTP/1.1 200 OK"
2026-08-12 14:22:19,132 [INFO] Progress: [732/6923] | Done: 571 | Skipped: 20 | Failed: 141 | RPM: 8.3 | Avg Lat: 7.19s | 429 Hits: 0 | ETA: 742m 39s
2026-08-12 14:22:21,779 [INFO] HTTP Request: POST http://localhost:11434/v1/chat/completions "HTTP/1.1 200 OK"
2026-08-12 14:22:21,781 [INFO] Progress: [733/6923] | Done: 571 | Skipped: 20 | Failed: 142 | RPM: 8.3 | Avg Lat: 7.19s | 429 Hits: 0 | ETA: 741m 53s
2026-08-12 14:22:24,561 [INFO] HTTP Request: POST http://localhost:11434/v1/chat/completions "HTTP/1.1 200 OK"
2026-08-12 14:22:24,564 [INFO] Progress: [734/6923] | Done: 571 | Skipped: 20 | Failed: 143 | RPM: 8.4 | Avg Lat: 7.18s | 429 Hits: 0 | ETA: 741m 7s
2026-08-12 14:22:27,227 [INFO] HTTP Request: POST http://localhost:11434/v1/chat/completions "HTTP/1.1 200 OK"
2026-08-12 14:22:27,229 [INFO] Progress: [735/6923] | Done: 571 | Skipped: 20 | Failed: 144 | RPM: 8.4 | Avg Lat: 7.18s | 429 Hits: 0 | ETA: 740m 21s
2026-08-12 14:22:29,928 [INFO] HTTP Request: POST http://localhost:11434/v1/chat/completions "HTTP/1.1 200 OK"
2026-08-12 14:22:29,931 [INFO] Progress: [736/6923] | Done: 571 | Skipped: 20 | Failed: 145 | RPM: 8.4 | Avg Lat: 7.17s | 429 Hits: 0 | ETA: 739m 35s
2026-08-12 14:22:32,600 [INFO] HTTP Request: POST http://localhost:11434/v1/chat/completions "HTTP/1.1 200 OK"
2026-08-12 14:22:32,603 [INFO] Progress: [737/6923] | Done: 571 | Skipped: 20 | Failed: 146 | RPM: 8.4 | Avg Lat: 7.16s | 429 Hits: 0 | ETA: 738m 49s
2026-08-12 14:22:35,269 [INFO] HTTP Request: POST http://localhost:11434/v1/chat/completions "HTTP/1.1 200 OK"
2026-08-12 14:22:35,271 [INFO] Progress: [738/6923] | Done: 571 | Skipped: 20 | Failed: 147 | RPM: 8.4 | Avg Lat: 7.16s | 429 Hits: 0 | ETA: 738m 3s
2026-08-12 14:22:37,911 [INFO] HTTP Request: POST http://localhost:11434/v1/chat/completions "HTTP/1.1 200 OK"
2026-08-12 14:22:37,913 [INFO] Progress: [739/6923] | Done: 571 | Skipped: 20 | Failed: 148 | RPM: 8.4 | Avg Lat: 7.15s | 429 Hits: 0 | ETA: 737m 17s
2026-08-12 14:22:40,558 [INFO] HTTP Request: POST http://localhost:11434/v1/chat/completions "HTTP/1.1 200 OK"
2026-08-12 14:22:40,560 [INFO] Progress: [740/6923] | Done: 571 | Skipped: 20 | Failed: 149 | RPM: 8.4 | Avg Lat: 7.14s | 429 Hits: 0 | ETA: 736m 31s
2026-08-12 14:22:43,381 [INFO] HTTP Request: POST http://localhost:11434/v1/chat/completions "HTTP/1.1 200 OK"
2026-08-12 14:22:43,383 [INFO] Progress: [741/6923] | Done: 571 | Skipped: 20 | Failed: 150 | RPM: 8.4 | Avg Lat: 7.14s | 429 Hits: 0 | ETA: 735m 47s
2026-08-12 14:22:46,172 [INFO] HTTP Request: POST http://localhost:11434/v1/chat/completions "HTTP/1.1 200 OK"
2026-08-12 14:22:46,175 [INFO] Progress: [742/6923] | Done: 571 | Skipped: 20 | Failed: 151 | RPM: 8.4 | Avg Lat: 7.13s | 429 Hits: 0 | ETA: 735m 3s
2026-08-12 14:22:48,848 [INFO] HTTP Request: POST http://localhost:11434/v1/chat/completions "HTTP/1.1 200 OK"
2026-08-12 14:22:48,850 [INFO] Progress: [743/6923] | Done: 571 | Skipped: 20 | Failed: 152 | RPM: 8.4 | Avg Lat: 7.13s | 429 Hits: 0 | ETA: 734m 17s
2026-08-12 14:22:51,537 [INFO] HTTP Request: POST http://localhost:11434/v1/chat/completions "HTTP/1.1 200 OK"
2026-08-12 14:22:51,539 [INFO] Progress: [744/6923] | Done: 571 | Skipped: 20 | Failed: 153 | RPM: 8.4 | Avg Lat: 7.12s | 429 Hits: 0 | ETA: 733m 32s
2026-08-12 14:22:54,255 [INFO] HTTP Request: POST http://localhost:11434/v1/chat/completions "HTTP/1.1 200 OK"
2026-08-12 14:22:54,258 [INFO] Progress: [745/6923] | Done: 571 | Skipped: 20 | Failed: 154 | RPM: 8.4 | Avg Lat: 7.11s | 429 Hits: 0 | ETA: 732m 48s
2026-08-12 14:22:56,970 [INFO] HTTP Request: POST http://localhost:11434/v1/chat/completions "HTTP/1.1 200 OK"
2026-08-12 14:22:56,972 [INFO] Progress: [746/6923] | Done: 571 | Skipped: 20 | Failed: 155 | RPM: 8.4 | Avg Lat: 7.11s | 429 Hits: 0 | ETA: 732m 3s
2026-08-12 14:22:59,714 [INFO] HTTP Request: POST http://localhost:11434/v1/chat/completions "HTTP/1.1 200 OK"
2026-08-12 14:22:59,716 [INFO] Progress: [747/6923] | Done: 571 | Skipped: 20 | Failed: 156 | RPM: 8.4 | Avg Lat: 7.10s | 429 Hits: 0 | ETA: 731m 19s
2026-08-12 14:23:02,397 [INFO] HTTP Request: POST http://localhost:11434/v1/chat/completions "HTTP/1.1 200 OK"
2026-08-12 14:23:02,399 [INFO] Progress: [748/6923] | Done: 571 | Skipped: 20 | Failed: 157 | RPM: 8.5 | Avg Lat: 7.10s | 429 Hits: 0 | ETA: 730m 34s
2026-08-12 14:23:05,069 [INFO] HTTP Request: POST http://localhost:11434/v1/chat/completions "HTTP/1.1 200 OK"
2026-08-12 14:23:05,071 [INFO] Progress: [749/6923] | Done: 571 | Skipped: 20 | Failed: 158 | RPM: 8.5 | Avg Lat: 7.09s | 429 Hits: 0 | ETA: 729m 50s
2026-08-12 14:23:07,743 [INFO] HTTP Request: POST http://localhost:11434/v1/chat/completions "HTTP/1.1 200 OK"
2026-08-12 14:23:07,745 [INFO] Progress: [750/6923] | Done: 571 | Skipped: 20 | Failed: 159 | RPM: 8.5 | Avg Lat: 7.08s | 429 Hits: 0 | ETA: 729m 5s
2026-08-12 14:23:10,440 [INFO] HTTP Request: POST http://localhost:11434/v1/chat/completions "HTTP/1.1 200 OK"
2026-08-12 14:23:10,443 [INFO] Progress: [751/6923] | Done: 571 | Skipped: 20 | Failed: 160 | RPM: 8.5 | Avg Lat: 7.08s | 429 Hits: 0 | ETA: 728m 21s
2026-08-12 14:23:13,137 [INFO] HTTP Request: POST http://localhost:11434/v1/chat/completions "HTTP/1.1 200 OK"
2026-08-12 14:23:13,139 [INFO] Progress: [752/6923] | Done: 571 | Skipped: 20 | Failed: 161 | RPM: 8.5 | Avg Lat: 7.07s | 429 Hits: 0 | ETA: 727m 37s
2026-08-12 14:23:15,965 [INFO] HTTP Request: POST http://localhost:11434/v1/chat/completions "HTTP/1.1 200 OK"
2026-08-12 14:23:15,967 [INFO] Progress: [753/6923] | Done: 571 | Skipped: 20 | Failed: 162 | RPM: 8.5 | Avg Lat: 7.07s | 429 Hits: 0 | ETA: 726m 54s
2026-08-12 14:23:18,658 [INFO] HTTP Request: POST http://localhost:11434/v1/chat/completions "HTTP/1.1 200 OK"
2026-08-12 14:23:18,660 [INFO] Progress: [754/6923] | Done: 571 | Skipped: 20 | Failed: 163 | RPM: 8.5 | Avg Lat: 7.06s | 429 Hits: 0 | ETA: 726m 10s
2026-08-12 14:23:21,325 [INFO] HTTP Request: POST http://localhost:11434/v1/chat/completions "HTTP/1.1 200 OK"
2026-08-12 14:23:21,328 [INFO] Progress: [755/6923] | Done: 571 | Skipped: 20 | Failed: 164 | RPM: 8.5 | Avg Lat: 7.05s | 429 Hits: 0 | ETA: 725m 26s
2026-08-12 14:23:23,932 [INFO] HTTP Request: POST http://localhost:11434/v1/chat/completions "HTTP/1.1 200 OK"
2026-08-12 14:23:23,934 [INFO] Progress: [756/6923] | Done: 571 | Skipped: 20 | Failed: 165 | RPM: 8.5 | Avg Lat: 7.05s | 429 Hits: 0 | ETA: 724m 42s
2026-08-12 14:23:26,627 [INFO] HTTP Request: POST http://localhost:11434/v1/chat/completions "HTTP/1.1 200 OK"
2026-08-12 14:23:26,630 [INFO] Progress: [757/6923] | Done: 571 | Skipped: 20 | Failed: 166 | RPM: 8.5 | Avg Lat: 7.04s | 429 Hits: 0 | ETA: 723m 59s
2026-08-12 14:23:29,355 [INFO] HTTP Request: POST http://localhost:11434/v1/chat/completions "HTTP/1.1 200 OK"
2026-08-12 14:23:29,357 [INFO] Progress: [758/6923] | Done: 571 | Skipped: 20 | Failed: 167 | RPM: 8.5 | Avg Lat: 7.04s | 429 Hits: 0 | ETA: 723m 16s
2026-08-12 14:23:32,011 [INFO] HTTP Request: POST http://localhost:11434/v1/chat/completions "HTTP/1.1 200 OK"
2026-08-12 14:23:32,013 [INFO] Progress: [759/6923] | Done: 571 | Skipped: 20 | Failed: 168 | RPM: 8.5 | Avg Lat: 7.03s | 429 Hits: 0 | ETA: 722m 32s
2026-08-12 14:23:34,740 [INFO] HTTP Request: POST http://localhost:11434/v1/chat/completions "HTTP/1.1 200 OK"
2026-08-12 14:23:34,742 [INFO] Progress: [760/6923] | Done: 571 | Skipped: 20 | Failed: 169 | RPM: 8.5 | Avg Lat: 7.02s | 429 Hits: 0 | ETA: 721m 49s
2026-08-12 14:23:37,484 [INFO] HTTP Request: POST http://localhost:11434/v1/chat/completions "HTTP/1.1 200 OK"
2026-08-12 14:23:37,487 [INFO] Progress: [761/6923] | Done: 571 | Skipped: 20 | Failed: 170 | RPM: 8.5 | Avg Lat: 7.02s | 429 Hits: 0 | ETA: 721m 6s
2026-08-12 14:23:40,196 [INFO] HTTP Request: POST http://localhost:11434/v1/chat/completions "HTTP/1.1 200 OK"
2026-08-12 14:23:40,198 [INFO] Progress: [762/6923] | Done: 571 | Skipped: 20 | Failed: 171 | RPM: 8.6 | Avg Lat: 7.01s | 429 Hits: 0 | ETA: 720m 24s
2026-08-12 14:23:42,811 [INFO] HTTP Request: POST http://localhost:11434/v1/chat/completions "HTTP/1.1 200 OK"
2026-08-12 14:23:42,813 [INFO] Progress: [763/6923] | Done: 571 | Skipped: 20 | Failed: 172 | RPM: 8.6 | Avg Lat: 7.01s | 429 Hits: 0 | ETA: 719m 40s
2026-08-12 14:23:45,462 [INFO] HTTP Request: POST http://localhost:11434/v1/chat/completions "HTTP/1.1 200 OK"
2026-08-12 14:23:45,464 [INFO] Progress: [764/6923] | Done: 571 | Skipped: 20 | Failed: 173 | RPM: 8.6 | Avg Lat: 7.00s | 429 Hits: 0 | ETA: 718m 57s
2026-08-12 14:23:48,071 [INFO] HTTP Request: POST http://localhost:11434/v1/chat/completions "HTTP/1.1 200 OK"
2026-08-12 14:23:48,074 [INFO] Progress: [765/6923] | Done: 571 | Skipped: 20 | Failed: 174 | RPM: 8.6 | Avg Lat: 6.99s | 429 Hits: 0 | ETA: 718m 14s
2026-08-12 14:23:50,687 [INFO] HTTP Request: POST http://localhost:11434/v1/chat/completions "HTTP/1.1 200 OK"
2026-08-12 14:23:50,690 [INFO] Progress: [766/6923] | Done: 571 | Skipped: 20 | Failed: 175 | RPM: 8.6 | Avg Lat: 6.99s | 429 Hits: 0 | ETA: 717m 31s
2026-08-12 14:23:53,476 [INFO] HTTP Request: POST http://localhost:11434/v1/chat/completions "HTTP/1.1 200 OK"
2026-08-12 14:23:53,483 [INFO] Progress: [767/6923] | Done: 571 | Skipped: 20 | Failed: 176 | RPM: 8.6 | Avg Lat: 6.98s | 429 Hits: 0 | ETA: 716m 49s
2026-08-12 14:23:56,186 [INFO] HTTP Request: POST http://localhost:11434/v1/chat/completions "HTTP/1.1 200 OK"
2026-08-12 14:23:56,188 [INFO] Progress: [768/6923] | Done: 571 | Skipped: 20 | Failed: 177 | RPM: 8.6 | Avg Lat: 6.98s | 429 Hits: 0 | ETA: 716m 7s
2026-08-12 14:23:58,837 [INFO] HTTP Request: POST http://localhost:11434/v1/chat/completions "HTTP/1.1 200 OK"
2026-08-12 14:23:58,838 [INFO] Progress: [769/6923] | Done: 571 | Skipped: 20 | Failed: 178 | RPM: 8.6 | Avg Lat: 6.97s | 429 Hits: 0 | ETA: 715m 24s
2026-08-12 14:24:01,451 [INFO] HTTP Request: POST http://localhost:11434/v1/chat/completions "HTTP/1.1 200 OK"
2026-08-12 14:24:01,453 [INFO] Progress: [770/6923] | Done: 571 | Skipped: 20 | Failed: 179 | RPM: 8.6 | Avg Lat: 6.97s | 429 Hits: 0 | ETA: 714m 41s
2026-08-12 14:24:04,073 [INFO] HTTP Request: POST http://localhost:11434/v1/chat/completions "HTTP/1.1 200 OK"
2026-08-12 14:24:04,075 [INFO] Progress: [771/6923] | Done: 571 | Skipped: 20 | Failed: 180 | RPM: 8.6 | Avg Lat: 6.96s | 429 Hits: 0 | ETA: 713m 59s
2026-08-12 14:24:06,902 [INFO] HTTP Request: POST http://localhost:11434/v1/chat/completions "HTTP/1.1 200 OK"
2026-08-12 14:24:06,905 [INFO] Progress: [772/6923] | Done: 571 | Skipped: 20 | Failed: 181 | RPM: 8.6 | Avg Lat: 6.95s | 429 Hits: 0 | ETA: 713m 18s
2026-08-12 14:24:09,589 [INFO] HTTP Request: POST http://localhost:11434/v1/chat/completions "HTTP/1.1 200 OK"
2026-08-12 14:24:09,591 [INFO] Progress: [773/6923] | Done: 571 | Skipped: 20 | Failed: 182 | RPM: 8.6 | Avg Lat: 6.95s | 429 Hits: 0 | ETA: 712m 36s
2026-08-12 14:24:12,342 [INFO] HTTP Request: POST http://localhost:11434/v1/chat/completions "HTTP/1.1 200 OK"
2026-08-12 14:24:12,344 [INFO] Progress: [774/6923] | Done: 571 | Skipped: 20 | Failed: 183 | RPM: 8.6 | Avg Lat: 6.94s | 429 Hits: 0 | ETA: 711m 55s
2026-08-12 14:24:15,059 [INFO] HTTP Request: POST http://localhost:11434/v1/chat/completions "HTTP/1.1 200 OK"
2026-08-12 14:24:15,061 [INFO] Progress: [775/6923] | Done: 571 | Skipped: 20 | Failed: 184 | RPM: 8.6 | Avg Lat: 6.94s | 429 Hits: 0 | ETA: 711m 14s
2026-08-12 14:24:17,866 [INFO] HTTP Request: POST http://localhost:11434/v1/chat/completions "HTTP/1.1 200 OK"
2026-08-12 14:24:17,869 [INFO] Progress: [776/6923] | Done: 571 | Skipped: 20 | Failed: 185 | RPM: 8.7 | Avg Lat: 6.93s | 429 Hits: 0 | ETA: 710m 33s
2026-08-12 14:24:20,550 [INFO] HTTP Request: POST http://localhost:11434/v1/chat/completions "HTTP/1.1 200 OK"
2026-08-12 14:24:20,553 [INFO] Progress: [777/6923] | Done: 571 | Skipped: 20 | Failed: 186 | RPM: 8.7 | Avg Lat: 6.93s | 429 Hits: 0 | ETA: 709m 52s
2026-08-12 14:24:23,610 [INFO] HTTP Request: POST http://localhost:11434/v1/chat/completions "HTTP/1.1 200 OK"
2026-08-12 14:24:23,612 [INFO] Progress: [778/6923] | Done: 571 | Skipped: 20 | Failed: 187 | RPM: 8.7 | Avg Lat: 6.92s | 429 Hits: 0 | ETA: 709m 13s
2026-08-12 14:24:26,316 [INFO] HTTP Request: POST http://localhost:11434/v1/chat/completions "HTTP/1.1 200 OK"
2026-08-12 14:24:26,318 [INFO] Progress: [779/6923] | Done: 571 | Skipped: 20 | Failed: 188 | RPM: 8.7 | Avg Lat: 6.92s | 429 Hits: 0 | ETA: 708m 32s
2026-08-12 14:24:29,038 [INFO] HTTP Request: POST http://localhost:11434/v1/chat/completions "HTTP/1.1 200 OK"
2026-08-12 14:24:29,040 [INFO] Progress: [780/6923] | Done: 571 | Skipped: 20 | Failed: 189 | RPM: 8.7 | Avg Lat: 6.91s | 429 Hits: 0 | ETA: 707m 51s
2026-08-12 14:24:31,707 [INFO] HTTP Request: POST http://localhost:11434/v1/chat/completions "HTTP/1.1 200 OK"
2026-08-12 14:24:31,709 [INFO] Progress: [781/6923] | Done: 571 | Skipped: 20 | Failed: 190 | RPM: 8.7 | Avg Lat: 6.90s | 429 Hits: 0 | ETA: 707m 10s
2026-08-12 14:24:34,437 [INFO] HTTP Request: POST http://localhost:11434/v1/chat/completions "HTTP/1.1 200 OK"
2026-08-12 14:24:34,440 [INFO] Progress: [782/6923] | Done: 571 | Skipped: 20 | Failed: 191 | RPM: 8.7 | Avg Lat: 6.90s | 429 Hits: 0 | ETA: 706m 30s
2026-08-12 14:24:37,026 [INFO] HTTP Request: POST http://localhost:11434/v1/chat/completions "HTTP/1.1 200 OK"
2026-08-12 14:24:37,028 [INFO] Progress: [783/6923] | Done: 571 | Skipped: 20 | Failed: 192 | RPM: 8.7 | Avg Lat: 6.89s | 429 Hits: 0 | ETA: 705m 48s
2026-08-12 14:24:39,698 [INFO] HTTP Request: POST http://localhost:11434/v1/chat/completions "HTTP/1.1 200 OK"
2026-08-12 14:24:39,700 [INFO] Progress: [784/6923] | Done: 571 | Skipped: 20 | Failed: 193 | RPM: 8.7 | Avg Lat: 6.89s | 429 Hits: 0 | ETA: 705m 7s
2026-08-12 14:24:42,295 [INFO] HTTP Request: POST http://localhost:11434/v1/chat/completions "HTTP/1.1 200 OK"
2026-08-12 14:24:42,297 [INFO] Progress: [785/6923] | Done: 571 | Skipped: 20 | Failed: 194 | RPM: 8.7 | Avg Lat: 6.88s | 429 Hits: 0 | ETA: 704m 26s
2026-08-12 14:24:44,934 [INFO] HTTP Request: POST http://localhost:11434/v1/chat/completions "HTTP/1.1 200 OK"
2026-08-12 14:24:44,936 [INFO] Progress: [786/6923] | Done: 571 | Skipped: 20 | Failed: 195 | RPM: 8.7 | Avg Lat: 6.88s | 429 Hits: 0 | ETA: 703m 45s
2026-08-12 14:24:47,690 [INFO] HTTP Request: POST http://localhost:11434/v1/chat/completions "HTTP/1.1 200 OK"
2026-08-12 14:24:47,692 [INFO] Progress: [787/6923] | Done: 571 | Skipped: 20 | Failed: 196 | RPM: 8.7 | Avg Lat: 6.87s | 429 Hits: 0 | ETA: 703m 5s
2026-08-12 14:24:50,318 [INFO] HTTP Request: POST http://localhost:11434/v1/chat/completions "HTTP/1.1 200 OK"
2026-08-12 14:24:50,320 [INFO] Progress: [788/6923] | Done: 571 | Skipped: 20 | Failed: 197 | RPM: 8.7 | Avg Lat: 6.87s | 429 Hits: 0 | ETA: 702m 24s
2026-08-12 14:24:53,088 [INFO] HTTP Request: POST http://localhost:11434/v1/chat/completions "HTTP/1.1 200 OK"
2026-08-12 14:24:53,090 [INFO] Progress: [789/6923] | Done: 571 | Skipped: 20 | Failed: 198 | RPM: 8.7 | Avg Lat: 6.86s | 429 Hits: 0 | ETA: 701m 45s
2026-08-12 14:24:55,726 [INFO] HTTP Request: POST http://localhost:11434/v1/chat/completions "HTTP/1.1 200 OK"
2026-08-12 14:24:55,728 [INFO] Progress: [790/6923] | Done: 571 | Skipped: 20 | Failed: 199 | RPM: 8.7 | Avg Lat: 6.86s | 429 Hits: 0 | ETA: 701m 4s
2026-08-12 14:24:58,436 [INFO] HTTP Request: POST http://localhost:11434/v1/chat/completions "HTTP/1.1 200 OK"
2026-08-12 14:24:58,438 [INFO] Progress: [791/6923] | Done: 571 | Skipped: 20 | Failed: 200 | RPM: 8.8 | Avg Lat: 6.85s | 429 Hits: 0 | ETA: 700m 24s
2026-08-12 14:25:01,016 [INFO] HTTP Request: POST http://localhost:11434/v1/chat/completions "HTTP/1.1 200 OK"
2026-08-12 14:25:01,018 [INFO] Progress: [792/6923] | Done: 571 | Skipped: 20 | Failed: 201 | RPM: 8.8 | Avg Lat: 6.84s | 429 Hits: 0 | ETA: 699m 43s
2026-08-12 14:25:03,659 [INFO] HTTP Request: POST http://localhost:11434/v1/chat/completions "HTTP/1.1 200 OK"
2026-08-12 14:25:03,661 [INFO] Progress: [793/6923] | Done: 571 | Skipped: 20 | Failed: 202 | RPM: 8.8 | Avg Lat: 6.84s | 429 Hits: 0 | ETA: 699m 3s
2026-08-12 14:25:06,223 [INFO] HTTP Request: POST http://localhost:11434/v1/chat/completions "HTTP/1.1 200 OK"
2026-08-12 14:25:06,225 [INFO] Progress: [794/6923] | Done: 571 | Skipped: 20 | Failed: 203 | RPM: 8.8 | Avg Lat: 6.83s | 429 Hits: 0 | ETA: 698m 23s
2026-08-12 14:25:09,115 [INFO] HTTP Request: POST http://localhost:11434/v1/chat/completions "HTTP/1.1 200 OK"
2026-08-12 14:25:09,117 [INFO] Progress: [795/6923] | Done: 571 | Skipped: 20 | Failed: 204 | RPM: 8.8 | Avg Lat: 6.83s | 429 Hits: 0 | ETA: 697m 45s
2026-08-12 14:25:11,830 [INFO] HTTP Request: POST http://localhost:11434/v1/chat/completions "HTTP/1.1 200 OK"
2026-08-12 14:25:11,833 [INFO] Progress: [796/6923] | Done: 571 | Skipped: 20 | Failed: 205 | RPM: 8.8 | Avg Lat: 6.82s | 429 Hits: 0 | ETA: 697m 5s
2026-08-12 14:25:14,583 [INFO] HTTP Request: POST http://localhost:11434/v1/chat/completions "HTTP/1.1 200 OK"
2026-08-12 14:25:14,585 [INFO] Progress: [797/6923] | Done: 571 | Skipped: 20 | Failed: 206 | RPM: 8.8 | Avg Lat: 6.82s | 429 Hits: 0 | ETA: 696m 26s
2026-08-12 14:25:17,289 [INFO] HTTP Request: POST http://localhost:11434/v1/chat/completions "HTTP/1.1 200 OK"
2026-08-12 14:25:17,292 [INFO] Progress: [798/6923] | Done: 571 | Skipped: 20 | Failed: 207 | RPM: 8.8 | Avg Lat: 6.81s | 429 Hits: 0 | ETA: 695m 47s
2026-08-12 14:25:20,014 [INFO] HTTP Request: POST http://localhost:11434/v1/chat/completions "HTTP/1.1 200 OK"
2026-08-12 14:25:20,016 [INFO] Progress: [799/6923] | Done: 571 | Skipped: 20 | Failed: 208 | RPM: 8.8 | Avg Lat: 6.81s | 429 Hits: 0 | ETA: 695m 8s
2026-08-12 14:25:22,756 [INFO] HTTP Request: POST http://localhost:11434/v1/chat/completions "HTTP/1.1 200 OK"
2026-08-12 14:25:22,759 [INFO] Progress: [800/6923] | Done: 571 | Skipped: 20 | Failed: 209 | RPM: 8.8 | Avg Lat: 6.80s | 429 Hits: 0 | ETA: 694m 29s
2026-08-12 14:25:25,655 [INFO] HTTP Request: POST http://localhost:11434/v1/chat/completions "HTTP/1.1 200 OK"
2026-08-12 14:25:25,657 [INFO] Progress: [801/6923] | Done: 571 | Skipped: 20 | Failed: 210 | RPM: 8.8 | Avg Lat: 6.80s | 429 Hits: 0 | ETA: 693m 52s
2026-08-12 14:25:28,362 [INFO] HTTP Request: POST http://localhost:11434/v1/chat/completions "HTTP/1.1 200 OK"
2026-08-12 14:25:28,365 [INFO] Progress: [802/6923] | Done: 571 | Skipped: 20 | Failed: 211 | RPM: 8.8 | Avg Lat: 6.79s | 429 Hits: 0 | ETA: 693m 13s
2026-08-12 14:25:31,073 [INFO] HTTP Request: POST http://localhost:11434/v1/chat/completions "HTTP/1.1 200 OK"
2026-08-12 14:25:31,075 [INFO] Progress: [803/6923] | Done: 571 | Skipped: 20 | Failed: 212 | RPM: 8.8 | Avg Lat: 6.79s | 429 Hits: 0 | ETA: 692m 34s
2026-08-12 14:25:33,846 [INFO] HTTP Request: POST http://localhost:11434/v1/chat/completions "HTTP/1.1 200 OK"
2026-08-12 14:25:33,850 [INFO] Progress: [804/6923] | Done: 571 | Skipped: 20 | Failed: 213 | RPM: 8.8 | Avg Lat: 6.78s | 429 Hits: 0 | ETA: 691m 56s
2026-08-12 14:25:36,529 [INFO] HTTP Request: POST http://localhost:11434/v1/chat/completions "HTTP/1.1 200 OK"
2026-08-12 14:25:36,532 [INFO] Progress: [805/6923] | Done: 571 | Skipped: 20 | Failed: 214 | RPM: 8.9 | Avg Lat: 6.78s | 429 Hits: 0 | ETA: 691m 17s
2026-08-12 14:25:39,277 [INFO] HTTP Request: POST http://localhost:11434/v1/chat/completions "HTTP/1.1 200 OK"
2026-08-12 14:25:39,279 [INFO] Progress: [806/6923] | Done: 571 | Skipped: 20 | Failed: 215 | RPM: 8.9 | Avg Lat: 6.77s | 429 Hits: 0 | ETA: 690m 39s
2026-08-12 14:25:42,004 [INFO] HTTP Request: POST http://localhost:11434/v1/chat/completions "HTTP/1.1 200 OK"
2026-08-12 14:25:42,006 [INFO] Progress: [807/6923] | Done: 571 | Skipped: 20 | Failed: 216 | RPM: 8.9 | Avg Lat: 6.77s | 429 Hits: 0 | ETA: 690m 1s
2026-08-12 14:25:44,697 [INFO] HTTP Request: POST http://localhost:11434/v1/chat/completions "HTTP/1.1 200 OK"
2026-08-12 14:25:44,700 [INFO] Progress: [808/6923] | Done: 571 | Skipped: 20 | Failed: 217 | RPM: 8.9 | Avg Lat: 6.76s | 429 Hits: 0 | ETA: 689m 23s
2026-08-12 14:25:47,411 [INFO] HTTP Request: POST http://localhost:11434/v1/chat/completions "HTTP/1.1 200 OK"
2026-08-12 14:25:47,418 [INFO] Progress: [809/6923] | Done: 571 | Skipped: 20 | Failed: 218 | RPM: 8.9 | Avg Lat: 6.76s | 429 Hits: 0 | ETA: 688m 45s
2026-08-12 14:25:50,110 [INFO] HTTP Request: POST http://localhost:11434/v1/chat/completions "HTTP/1.1 200 OK"
2026-08-12 14:25:50,113 [INFO] Progress: [810/6923] | Done: 571 | Skipped: 20 | Failed: 219 | RPM: 8.9 | Avg Lat: 6.75s | 429 Hits: 0 | ETA: 688m 6s
2026-08-12 14:25:52,834 [INFO] HTTP Request: POST http://localhost:11434/v1/chat/completions "HTTP/1.1 200 OK"
2026-08-12 14:25:52,836 [INFO] Progress: [811/6923] | Done: 571 | Skipped: 20 | Failed: 220 | RPM: 8.9 | Avg Lat: 6.75s | 429 Hits: 0 | ETA: 687m 28s
2026-08-12 14:25:55,539 [INFO] HTTP Request: POST http://localhost:11434/v1/chat/completions "HTTP/1.1 200 OK"
2026-08-12 14:25:55,541 [INFO] Progress: [812/6923] | Done: 571 | Skipped: 20 | Failed: 221 | RPM: 8.9 | Avg Lat: 6.74s | 429 Hits: 0 | ETA: 686m 50s
2026-08-12 14:25:58,266 [INFO] HTTP Request: POST http://localhost:11434/v1/chat/completions "HTTP/1.1 200 OK"
2026-08-12 14:25:58,268 [INFO] Progress: [813/6923] | Done: 571 | Skipped: 20 | Failed: 222 | RPM: 8.9 | Avg Lat: 6.74s | 429 Hits: 0 | ETA: 686m 13s
2026-08-12 14:26:01,003 [INFO] HTTP Request: POST http://localhost:11434/v1/chat/completions "HTTP/1.1 200 OK"
2026-08-12 14:26:01,005 [INFO] Progress: [814/6923] | Done: 571 | Skipped: 20 | Failed: 223 | RPM: 8.9 | Avg Lat: 6.73s | 429 Hits: 0 | ETA: 685m 35s
2026-08-12 14:26:03,853 [INFO] HTTP Request: POST http://localhost:11434/v1/chat/completions "HTTP/1.1 200 OK"
2026-08-12 14:26:03,856 [INFO] Progress: [815/6923] | Done: 571 | Skipped: 20 | Failed: 224 | RPM: 8.9 | Avg Lat: 6.73s | 429 Hits: 0 | ETA: 684m 59s
2026-08-12 14:26:06,644 [INFO] HTTP Request: POST http://localhost:11434/v1/chat/completions "HTTP/1.1 200 OK"
2026-08-12 14:26:06,646 [INFO] Progress: [816/6923] | Done: 571 | Skipped: 20 | Failed: 225 | RPM: 8.9 | Avg Lat: 6.72s | 429 Hits: 0 | ETA: 684m 22s
2026-08-12 14:26:09,446 [INFO] HTTP Request: POST http://localhost:11434/v1/chat/completions "HTTP/1.1 200 OK"
2026-08-12 14:26:09,448 [INFO] Progress: [817/6923] | Done: 571 | Skipped: 20 | Failed: 226 | RPM: 8.9 | Avg Lat: 6.72s | 429 Hits: 0 | ETA: 683m 45s
2026-08-12 14:26:12,200 [INFO] HTTP Request: POST http://localhost:11434/v1/chat/completions "HTTP/1.1 200 OK"
2026-08-12 14:26:12,203 [INFO] Progress: [818/6923] | Done: 571 | Skipped: 20 | Failed: 227 | RPM: 8.9 | Avg Lat: 6.71s | 429 Hits: 0 | ETA: 683m 8s
2026-08-12 14:26:14,942 [INFO] HTTP Request: POST http://localhost:11434/v1/chat/completions "HTTP/1.1 200 OK"
2026-08-12 14:26:14,944 [INFO] Progress: [819/6923] | Done: 571 | Skipped: 20 | Failed: 228 | RPM: 8.9 | Avg Lat: 6.71s | 429 Hits: 0 | ETA: 682m 31s
2026-08-12 14:26:17,795 [INFO] HTTP Request: POST http://localhost:11434/v1/chat/completions "HTTP/1.1 200 OK"
2026-08-12 14:26:17,797 [INFO] Progress: [820/6923] | Done: 571 | Skipped: 20 | Failed: 229 | RPM: 8.9 | Avg Lat: 6.70s | 429 Hits: 0 | ETA: 681m 55s
2026-08-12 14:26:20,521 [INFO] HTTP Request: POST http://localhost:11434/v1/chat/completions "HTTP/1.1 200 OK"
2026-08-12 14:26:20,523 [INFO] Progress: [821/6923] | Done: 571 | Skipped: 20 | Failed: 230 | RPM: 9.0 | Avg Lat: 6.70s | 429 Hits: 0 | ETA: 681m 18s
2026-08-12 14:26:23,299 [INFO] HTTP Request: POST http://localhost:11434/v1/chat/completions "HTTP/1.1 200 OK"
2026-08-12 14:26:23,302 [INFO] Progress: [822/6923] | Done: 571 | Skipped: 20 | Failed: 231 | RPM: 9.0 | Avg Lat: 6.69s | 429 Hits: 0 | ETA: 680m 41s
2026-08-12 14:26:26,171 [INFO] HTTP Request: POST http://localhost:11434/v1/chat/completions "HTTP/1.1 200 OK"
2026-08-12 14:26:26,173 [INFO] Progress: [823/6923] | Done: 571 | Skipped: 20 | Failed: 232 | RPM: 9.0 | Avg Lat: 6.69s | 429 Hits: 0 | ETA: 680m 5s
2026-08-12 14:26:28,894 [INFO] HTTP Request: POST http://localhost:11434/v1/chat/completions "HTTP/1.1 200 OK"
2026-08-12 14:26:28,901 [INFO] Progress: [824/6923] | Done: 571 | Skipped: 20 | Failed: 233 | RPM: 9.0 | Avg Lat: 6.68s | 429 Hits: 0 | ETA: 679m 29s
2026-08-12 14:26:31,652 [INFO] HTTP Request: POST http://localhost:11434/v1/chat/completions "HTTP/1.1 200 OK"
2026-08-12 14:26:31,654 [INFO] Progress: [825/6923] | Done: 571 | Skipped: 20 | Failed: 234 | RPM: 9.0 | Avg Lat: 6.68s | 429 Hits: 0 | ETA: 678m 52s
2026-08-12 14:26:34,377 [INFO] HTTP Request: POST http://localhost:11434/v1/chat/completions "HTTP/1.1 200 OK"
2026-08-12 14:26:34,379 [INFO] Progress: [826/6923] | Done: 571 | Skipped: 20 | Failed: 235 | RPM: 9.0 | Avg Lat: 6.67s | 429 Hits: 0 | ETA: 678m 16s
2026-08-12 14:26:37,118 [INFO] HTTP Request: POST http://localhost:11434/v1/chat/completions "HTTP/1.1 200 OK"
2026-08-12 14:26:37,120 [INFO] Progress: [827/6923] | Done: 571 | Skipped: 20 | Failed: 236 | RPM: 9.0 | Avg Lat: 6.67s | 429 Hits: 0 | ETA: 677m 39s
2026-08-12 14:26:39,902 [INFO] HTTP Request: POST http://localhost:11434/v1/chat/completions "HTTP/1.1 200 OK"
2026-08-12 14:26:39,909 [INFO] Progress: [828/6923] | Done: 571 | Skipped: 20 | Failed: 237 | RPM: 9.0 | Avg Lat: 6.66s | 429 Hits: 0 | ETA: 677m 3s
2026-08-12 14:26:42,636 [INFO] HTTP Request: POST http://localhost:11434/v1/chat/completions "HTTP/1.1 200 OK"
2026-08-12 14:26:42,639 [INFO] Progress: [829/6923] | Done: 571 | Skipped: 20 | Failed: 238 | RPM: 9.0 | Avg Lat: 6.66s | 429 Hits: 0 | ETA: 676m 27s
2026-08-12 14:26:45,294 [INFO] HTTP Request: POST http://localhost:11434/v1/chat/completions "HTTP/1.1 200 OK"
2026-08-12 14:26:45,301 [INFO] Progress: [830/6923] | Done: 571 | Skipped: 20 | Failed: 239 | RPM: 9.0 | Avg Lat: 6.65s | 429 Hits: 0 | ETA: 675m 50s
2026-08-12 14:26:48,001 [INFO] HTTP Request: POST http://localhost:11434/v1/chat/completions "HTTP/1.1 200 OK"
2026-08-12 14:26:48,003 [INFO] Progress: [831/6923] | Done: 571 | Skipped: 20 | Failed: 240 | RPM: 9.0 | Avg Lat: 6.65s | 429 Hits: 0 | ETA: 675m 14s
2026-08-12 14:26:50,776 [INFO] HTTP Request: POST http://localhost:11434/v1/chat/completions "HTTP/1.1 200 OK"
2026-08-12 14:26:50,778 [INFO] Progress: [832/6923] | Done: 571 | Skipped: 20 | Failed: 241 | RPM: 9.0 | Avg Lat: 6.64s | 429 Hits: 0 | ETA: 674m 38s
2026-08-12 14:26:53,482 [INFO] HTTP Request: POST http://localhost:11434/v1/chat/completions "HTTP/1.1 200 OK"
2026-08-12 14:26:53,485 [INFO] Progress: [833/6923] | Done: 571 | Skipped: 20 | Failed: 242 | RPM: 9.0 | Avg Lat: 6.64s | 429 Hits: 0 | ETA: 674m 2s
2026-08-12 14:26:56,153 [INFO] HTTP Request: POST http://localhost:11434/v1/chat/completions "HTTP/1.1 200 OK"
2026-08-12 14:26:56,156 [INFO] Progress: [834/6923] | Done: 571 | Skipped: 20 | Failed: 243 | RPM: 9.0 | Avg Lat: 6.63s | 429 Hits: 0 | ETA: 673m 26s
2026-08-12 14:26:58,890 [INFO] HTTP Request: POST http://localhost:11434/v1/chat/completions "HTTP/1.1 200 OK"
2026-08-12 14:26:58,893 [INFO] Progress: [835/6923] | Done: 571 | Skipped: 20 | Failed: 244 | RPM: 9.0 | Avg Lat: 6.63s | 429 Hits: 0 | ETA: 672m 50s
2026-08-12 14:27:01,701 [INFO] HTTP Request: POST http://localhost:11434/v1/chat/completions "HTTP/1.1 200 OK"
2026-08-12 14:27:01,704 [INFO] Progress: [836/6923] | Done: 571 | Skipped: 20 | Failed: 245 | RPM: 9.1 | Avg Lat: 6.62s | 429 Hits: 0 | ETA: 672m 15s
2026-08-12 14:27:04,382 [INFO] HTTP Request: POST http://localhost:11434/v1/chat/completions "HTTP/1.1 200 OK"
2026-08-12 14:27:04,385 [INFO] Progress: [837/6923] | Done: 571 | Skipped: 20 | Failed: 246 | RPM: 9.1 | Avg Lat: 6.62s | 429 Hits: 0 | ETA: 671m 39s
2026-08-12 14:27:07,138 [INFO] HTTP Request: POST http://localhost:11434/v1/chat/completions "HTTP/1.1 200 OK"
2026-08-12 14:27:07,140 [INFO] Progress: [838/6923] | Done: 571 | Skipped: 20 | Failed: 247 | RPM: 9.1 | Avg Lat: 6.61s | 429 Hits: 0 | ETA: 671m 3s
2026-08-12 14:27:09,843 [INFO] HTTP Request: POST http://localhost:11434/v1/chat/completions "HTTP/1.1 200 OK"
2026-08-12 14:27:09,845 [INFO] Progress: [839/6923] | Done: 571 | Skipped: 20 | Failed: 248 | RPM: 9.1 | Avg Lat: 6.61s | 429 Hits: 0 | ETA: 670m 28s
2026-08-12 14:27:12,661 [INFO] HTTP Request: POST http://localhost:11434/v1/chat/completions "HTTP/1.1 200 OK"
2026-08-12 14:27:12,664 [INFO] Progress: [840/6923] | Done: 571 | Skipped: 20 | Failed: 249 | RPM: 9.1 | Avg Lat: 6.60s | 429 Hits: 0 | ETA: 669m 53s
2026-08-12 14:27:15,437 [INFO] HTTP Request: POST http://localhost:11434/v1/chat/completions "HTTP/1.1 200 OK"
2026-08-12 14:27:15,440 [INFO] Progress: [841/6923] | Done: 571 | Skipped: 20 | Failed: 250 | RPM: 9.1 | Avg Lat: 6.60s | 429 Hits: 0 | ETA: 669m 18s
2026-08-12 14:27:18,124 [INFO] HTTP Request: POST http://localhost:11434/v1/chat/completions "HTTP/1.1 200 OK"
2026-08-12 14:27:18,127 [INFO] Progress: [842/6923] | Done: 571 | Skipped: 20 | Failed: 251 | RPM: 9.1 | Avg Lat: 6.59s | 429 Hits: 0 | ETA: 668m 42s
2026-08-12 14:27:20,862 [INFO] HTTP Request: POST http://localhost:11434/v1/chat/completions "HTTP/1.1 200 OK"
2026-08-12 14:27:20,870 [INFO] Progress: [843/6923] | Done: 571 | Skipped: 20 | Failed: 252 | RPM: 9.1 | Avg Lat: 6.59s | 429 Hits: 0 | ETA: 668m 7s
2026-08-12 14:27:23,665 [INFO] HTTP Request: POST http://localhost:11434/v1/chat/completions "HTTP/1.1 200 OK"
2026-08-12 14:27:23,668 [INFO] Progress: [844/6923] | Done: 571 | Skipped: 20 | Failed: 253 | RPM: 9.1 | Avg Lat: 6.59s | 429 Hits: 0 | ETA: 667m 33s
2026-08-12 14:27:26,400 [INFO] HTTP Request: POST http://localhost:11434/v1/chat/completions "HTTP/1.1 200 OK"
2026-08-12 14:27:26,403 [INFO] Progress: [845/6923] | Done: 571 | Skipped: 20 | Failed: 254 | RPM: 9.1 | Avg Lat: 6.58s | 429 Hits: 0 | ETA: 666m 58s
2026-08-12 14:27:29,136 [INFO] HTTP Request: POST http://localhost:11434/v1/chat/completions "HTTP/1.1 200 OK"
2026-08-12 14:27:29,139 [INFO] Progress: [846/6923] | Done: 571 | Skipped: 20 | Failed: 255 | RPM: 9.1 | Avg Lat: 6.58s | 429 Hits: 0 | ETA: 666m 23s
2026-08-12 14:27:31,880 [INFO] HTTP Request: POST http://localhost:11434/v1/chat/completions "HTTP/1.1 200 OK"
2026-08-12 14:27:31,882 [INFO] Progress: [847/6923] | Done: 571 | Skipped: 20 | Failed: 256 | RPM: 9.1 | Avg Lat: 6.57s | 429 Hits: 0 | ETA: 665m 48s
2026-08-12 14:27:34,530 [INFO] HTTP Request: POST http://localhost:11434/v1/chat/completions "HTTP/1.1 200 OK"
2026-08-12 14:27:34,532 [INFO] Progress: [848/6923] | Done: 571 | Skipped: 20 | Failed: 257 | RPM: 9.1 | Avg Lat: 6.57s | 429 Hits: 0 | ETA: 665m 13s
2026-08-12 14:27:37,328 [INFO] HTTP Request: POST http://localhost:11434/v1/chat/completions "HTTP/1.1 200 OK"
2026-08-12 14:27:37,330 [INFO] Progress: [849/6923] | Done: 571 | Skipped: 20 | Failed: 258 | RPM: 9.1 | Avg Lat: 6.56s | 429 Hits: 0 | ETA: 664m 39s
2026-08-12 14:27:40,104 [INFO] HTTP Request: POST http://localhost:11434/v1/chat/completions "HTTP/1.1 200 OK"
2026-08-12 14:27:40,106 [INFO] Progress: [850/6923] | Done: 571 | Skipped: 20 | Failed: 259 | RPM: 9.1 | Avg Lat: 6.56s | 429 Hits: 0 | ETA: 664m 4s
2026-08-12 14:27:42,857 [INFO] HTTP Request: POST http://localhost:11434/v1/chat/completions "HTTP/1.1 200 OK"
2026-08-12 14:27:42,859 [INFO] Progress: [851/6923] | Done: 571 | Skipped: 20 | Failed: 260 | RPM: 9.2 | Avg Lat: 6.55s | 429 Hits: 0 | ETA: 663m 30s
2026-08-12 14:27:45,529 [INFO] HTTP Request: POST http://localhost:11434/v1/chat/completions "HTTP/1.1 200 OK"
2026-08-12 14:27:45,531 [INFO] Progress: [852/6923] | Done: 571 | Skipped: 20 | Failed: 261 | RPM: 9.2 | Avg Lat: 6.55s | 429 Hits: 0 | ETA: 662m 55s
2026-08-12 14:27:48,239 [INFO] HTTP Request: POST http://localhost:11434/v1/chat/completions "HTTP/1.1 200 OK"
2026-08-12 14:27:48,241 [INFO] Progress: [853/6923] | Done: 571 | Skipped: 20 | Failed: 262 | RPM: 9.2 | Avg Lat: 6.54s | 429 Hits: 0 | ETA: 662m 20s
2026-08-12 14:27:50,979 [INFO] HTTP Request: POST http://localhost:11434/v1/chat/completions "HTTP/1.1 200 OK"
2026-08-12 14:27:50,982 [INFO] Progress: [854/6923] | Done: 571 | Skipped: 20 | Failed: 263 | RPM: 9.2 | Avg Lat: 6.54s | 429 Hits: 0 | ETA: 661m 46s
2026-08-12 14:27:53,736 [INFO] HTTP Request: POST http://localhost:11434/v1/chat/completions "HTTP/1.1 200 OK"
2026-08-12 14:27:53,740 [INFO] Progress: [855/6923] | Done: 571 | Skipped: 20 | Failed: 264 | RPM: 9.2 | Avg Lat: 6.53s | 429 Hits: 0 | ETA: 661m 12s
2026-08-12 14:27:56,448 [INFO] HTTP Request: POST http://localhost:11434/v1/chat/completions "HTTP/1.1 200 OK"
2026-08-12 14:27:56,450 [INFO] Progress: [856/6923] | Done: 571 | Skipped: 20 | Failed: 265 | RPM: 9.2 | Avg Lat: 6.53s | 429 Hits: 0 | ETA: 660m 38s
2026-08-12 14:27:59,255 [INFO] HTTP Request: POST http://localhost:11434/v1/chat/completions "HTTP/1.1 200 OK"
2026-08-12 14:27:59,257 [INFO] Progress: [857/6923] | Done: 571 | Skipped: 20 | Failed: 266 | RPM: 9.2 | Avg Lat: 6.53s | 429 Hits: 0 | ETA: 660m 4s
2026-08-12 14:28:02,085 [INFO] HTTP Request: POST http://localhost:11434/v1/chat/completions "HTTP/1.1 200 OK"
2026-08-12 14:28:02,088 [INFO] Progress: [858/6923] | Done: 571 | Skipped: 20 | Failed: 267 | RPM: 9.2 | Avg Lat: 6.52s | 429 Hits: 0 | ETA: 659m 31s
2026-08-12 14:28:04,781 [INFO] HTTP Request: POST http://localhost:11434/v1/chat/completions "HTTP/1.1 200 OK"
2026-08-12 14:28:04,783 [INFO] Progress: [859/6923] | Done: 571 | Skipped: 20 | Failed: 268 | RPM: 9.2 | Avg Lat: 6.52s | 429 Hits: 0 | ETA: 658m 57s
2026-08-12 14:28:07,563 [INFO] HTTP Request: POST http://localhost:11434/v1/chat/completions "HTTP/1.1 200 OK"
2026-08-12 14:28:07,565 [INFO] Progress: [860/6923] | Done: 571 | Skipped: 20 | Failed: 269 | RPM: 9.2 | Avg Lat: 6.51s | 429 Hits: 0 | ETA: 658m 23s
2026-08-12 14:28:10,309 [INFO] HTTP Request: POST http://localhost:11434/v1/chat/completions "HTTP/1.1 200 OK"
2026-08-12 14:28:10,317 [INFO] Progress: [861/6923] | Done: 571 | Skipped: 20 | Failed: 270 | RPM: 9.2 | Avg Lat: 6.51s | 429 Hits: 0 | ETA: 657m 50s
2026-08-12 14:28:13,039 [INFO] HTTP Request: POST http://localhost:11434/v1/chat/completions "HTTP/1.1 200 OK"
2026-08-12 14:28:13,041 [INFO] Progress: [862/6923] | Done: 571 | Skipped: 20 | Failed: 271 | RPM: 9.2 | Avg Lat: 6.50s | 429 Hits: 0 | ETA: 657m 16s
2026-08-12 14:28:15,816 [INFO] HTTP Request: POST http://localhost:11434/v1/chat/completions "HTTP/1.1 200 OK"
2026-08-12 14:28:15,818 [INFO] Progress: [863/6923] | Done: 571 | Skipped: 20 | Failed: 272 | RPM: 9.2 | Avg Lat: 6.50s | 429 Hits: 0 | ETA: 656m 43s
2026-08-12 14:28:18,532 [INFO] HTTP Request: POST http://localhost:11434/v1/chat/completions "HTTP/1.1 200 OK"
2026-08-12 14:28:18,534 [INFO] Progress: [864/6923] | Done: 571 | Skipped: 20 | Failed: 273 | RPM: 9.2 | Avg Lat: 6.49s | 429 Hits: 0 | ETA: 656m 9s
2026-08-12 14:28:21,244 [INFO] HTTP Request: POST http://localhost:11434/v1/chat/completions "HTTP/1.1 200 OK"
2026-08-12 14:28:21,247 [INFO] Progress: [865/6923] | Done: 571 | Skipped: 20 | Failed: 274 | RPM: 9.2 | Avg Lat: 6.49s | 429 Hits: 0 | ETA: 655m 35s
2026-08-12 14:28:24,065 [INFO] HTTP Request: POST http://localhost:11434/v1/chat/completions "HTTP/1.1 200 OK"
2026-08-12 14:28:24,069 [INFO] Progress: [866/6923] | Done: 571 | Skipped: 20 | Failed: 275 | RPM: 9.2 | Avg Lat: 6.49s | 429 Hits: 0 | ETA: 655m 2s
2026-08-12 14:28:26,857 [INFO] HTTP Request: POST http://localhost:11434/v1/chat/completions "HTTP/1.1 200 OK"
2026-08-12 14:28:26,859 [INFO] Progress: [867/6923] | Done: 571 | Skipped: 20 | Failed: 276 | RPM: 9.3 | Avg Lat: 6.48s | 429 Hits: 0 | ETA: 654m 30s
2026-08-12 14:28:29,616 [INFO] HTTP Request: POST http://localhost:11434/v1/chat/completions "HTTP/1.1 200 OK"
2026-08-12 14:28:29,619 [INFO] Progress: [868/6923] | Done: 571 | Skipped: 20 | Failed: 277 | RPM: 9.3 | Avg Lat: 6.48s | 429 Hits: 0 | ETA: 653m 56s
2026-08-12 14:28:32,293 [INFO] HTTP Request: POST http://localhost:11434/v1/chat/completions "HTTP/1.1 200 OK"
2026-08-12 14:28:32,295 [INFO] Progress: [869/6923] | Done: 571 | Skipped: 20 | Failed: 278 | RPM: 9.3 | Avg Lat: 6.47s | 429 Hits: 0 | ETA: 653m 23s
2026-08-12 14:28:34,991 [INFO] HTTP Request: POST http://localhost:11434/v1/chat/completions "HTTP/1.1 200 OK"
2026-08-12 14:28:34,994 [INFO] Progress: [870/6923] | Done: 571 | Skipped: 20 | Failed: 279 | RPM: 9.3 | Avg Lat: 6.47s | 429 Hits: 0 | ETA: 652m 49s
2026-08-12 14:28:37,806 [INFO] HTTP Request: POST http://localhost:11434/v1/chat/completions "HTTP/1.1 200 OK"
2026-08-12 14:28:37,809 [INFO] Progress: [871/6923] | Done: 571 | Skipped: 20 | Failed: 280 | RPM: 9.3 | Avg Lat: 6.46s | 429 Hits: 0 | ETA: 652m 17s
2026-08-12 14:28:40,530 [INFO] HTTP Request: POST http://localhost:11434/v1/chat/completions "HTTP/1.1 200 OK"
2026-08-12 14:28:40,532 [INFO] Progress: [872/6923] | Done: 571 | Skipped: 20 | Failed: 281 | RPM: 9.3 | Avg Lat: 6.46s | 429 Hits: 0 | ETA: 651m 44s
2026-08-12 14:28:43,381 [INFO] HTTP Request: POST http://localhost:11434/v1/chat/completions "HTTP/1.1 200 OK"
2026-08-12 14:28:43,383 [INFO] Progress: [873/6923] | Done: 571 | Skipped: 20 | Failed: 282 | RPM: 9.3 | Avg Lat: 6.46s | 429 Hits: 0 | ETA: 651m 12s
2026-08-12 14:28:46,069 [INFO] HTTP Request: POST http://localhost:11434/v1/chat/completions "HTTP/1.1 200 OK"
2026-08-12 14:28:46,071 [INFO] Progress: [874/6923] | Done: 571 | Skipped: 20 | Failed: 283 | RPM: 9.3 | Avg Lat: 6.45s | 429 Hits: 0 | ETA: 650m 39s
2026-08-12 14:28:48,882 [INFO] HTTP Request: POST http://localhost:11434/v1/chat/completions "HTTP/1.1 200 OK"
2026-08-12 14:28:48,885 [INFO] Progress: [875/6923] | Done: 571 | Skipped: 20 | Failed: 284 | RPM: 9.3 | Avg Lat: 6.45s | 429 Hits: 0 | ETA: 650m 6s
2026-08-12 14:28:51,847 [INFO] HTTP Request: POST http://localhost:11434/v1/chat/completions "HTTP/1.1 200 OK"
2026-08-12 14:28:51,849 [INFO] Progress: [876/6923] | Done: 571 | Skipped: 20 | Failed: 285 | RPM: 9.3 | Avg Lat: 6.44s | 429 Hits: 0 | ETA: 649m 35s
2026-08-12 14:28:54,531 [INFO] HTTP Request: POST http://localhost:11434/v1/chat/completions "HTTP/1.1 200 OK"
2026-08-12 14:28:54,534 [INFO] Progress: [877/6923] | Done: 571 | Skipped: 20 | Failed: 286 | RPM: 9.3 | Avg Lat: 6.44s | 429 Hits: 0 | ETA: 649m 2s
2026-08-12 14:28:57,254 [INFO] HTTP Request: POST http://localhost:11434/v1/chat/completions "HTTP/1.1 200 OK"
2026-08-12 14:28:57,256 [INFO] Progress: [878/6923] | Done: 571 | Skipped: 20 | Failed: 287 | RPM: 9.3 | Avg Lat: 6.43s | 429 Hits: 0 | ETA: 648m 30s
2026-08-12 14:29:00,012 [INFO] HTTP Request: POST http://localhost:11434/v1/chat/completions "HTTP/1.1 200 OK"
2026-08-12 14:29:00,015 [INFO] Progress: [879/6923] | Done: 571 | Skipped: 20 | Failed: 288 | RPM: 9.3 | Avg Lat: 6.43s | 429 Hits: 0 | ETA: 647m 57s
2026-08-12 14:29:02,775 [INFO] HTTP Request: POST http://localhost:11434/v1/chat/completions "HTTP/1.1 200 OK"
2026-08-12 14:29:02,777 [INFO] Progress: [880/6923] | Done: 571 | Skipped: 20 | Failed: 289 | RPM: 9.3 | Avg Lat: 6.43s | 429 Hits: 0 | ETA: 647m 25s
2026-08-12 14:29:05,456 [INFO] HTTP Request: POST http://localhost:11434/v1/chat/completions "HTTP/1.1 200 OK"
2026-08-12 14:29:05,458 [INFO] Progress: [881/6923] | Done: 571 | Skipped: 20 | Failed: 290 | RPM: 9.3 | Avg Lat: 6.42s | 429 Hits: 0 | ETA: 646m 53s
2026-08-12 14:29:08,138 [INFO] HTTP Request: POST http://localhost:11434/v1/chat/completions "HTTP/1.1 200 OK"
2026-08-12 14:29:08,142 [INFO] Progress: [882/6923] | Done: 571 | Skipped: 20 | Failed: 291 | RPM: 9.3 | Avg Lat: 6.42s | 429 Hits: 0 | ETA: 646m 20s
2026-08-12 14:29:10,804 [INFO] HTTP Request: POST http://localhost:11434/v1/chat/completions "HTTP/1.1 200 OK"
2026-08-12 14:29:10,807 [INFO] Progress: [883/6923] | Done: 571 | Skipped: 20 | Failed: 292 | RPM: 9.4 | Avg Lat: 6.41s | 429 Hits: 0 | ETA: 645m 47s
2026-08-12 14:29:13,610 [INFO] HTTP Request: POST http://localhost:11434/v1/chat/completions "HTTP/1.1 200 OK"
2026-08-12 14:29:13,612 [INFO] Progress: [884/6923] | Done: 571 | Skipped: 20 | Failed: 293 | RPM: 9.4 | Avg Lat: 6.41s | 429 Hits: 0 | ETA: 645m 16s
2026-08-12 14:29:16,373 [INFO] HTTP Request: POST http://localhost:11434/v1/chat/completions "HTTP/1.1 200 OK"
2026-08-12 14:29:16,375 [INFO] Progress: [885/6923] | Done: 571 | Skipped: 20 | Failed: 294 | RPM: 9.4 | Avg Lat: 6.40s | 429 Hits: 0 | ETA: 644m 44s
2026-08-12 14:29:19,135 [INFO] HTTP Request: POST http://localhost:11434/v1/chat/completions "HTTP/1.1 200 OK"
2026-08-12 14:29:19,137 [INFO] Progress: [886/6923] | Done: 571 | Skipped: 20 | Failed: 295 | RPM: 9.4 | Avg Lat: 6.40s | 429 Hits: 0 | ETA: 644m 12s
2026-08-12 14:29:21,856 [INFO] HTTP Request: POST http://localhost:11434/v1/chat/completions "HTTP/1.1 200 OK"
2026-08-12 14:29:21,858 [INFO] Progress: [887/6923] | Done: 571 | Skipped: 20 | Failed: 296 | RPM: 9.4 | Avg Lat: 6.40s | 429 Hits: 0 | ETA: 643m 40s
2026-08-12 14:29:24,620 [INFO] HTTP Request: POST http://localhost:11434/v1/chat/completions "HTTP/1.1 200 OK"
2026-08-12 14:29:24,622 [INFO] Progress: [888/6923] | Done: 571 | Skipped: 20 | Failed: 297 | RPM: 9.4 | Avg Lat: 6.39s | 429 Hits: 0 | ETA: 643m 8s
2026-08-12 14:29:27,356 [INFO] HTTP Request: POST http://localhost:11434/v1/chat/completions "HTTP/1.1 200 OK"
2026-08-12 14:29:27,358 [INFO] Progress: [889/6923] | Done: 571 | Skipped: 20 | Failed: 298 | RPM: 9.4 | Avg Lat: 6.39s | 429 Hits: 0 | ETA: 642m 36s
2026-08-12 14:29:30,122 [INFO] HTTP Request: POST http://localhost:11434/v1/chat/completions "HTTP/1.1 200 OK"
2026-08-12 14:29:30,124 [INFO] Progress: [890/6923] | Done: 571 | Skipped: 20 | Failed: 299 | RPM: 9.4 | Avg Lat: 6.38s | 429 Hits: 0 | ETA: 642m 5s
2026-08-12 14:29:32,827 [INFO] HTTP Request: POST http://localhost:11434/v1/chat/completions "HTTP/1.1 200 OK"
2026-08-12 14:29:32,829 [INFO] Progress: [891/6923] | Done: 571 | Skipped: 20 | Failed: 300 | RPM: 9.4 | Avg Lat: 6.38s | 429 Hits: 0 | ETA: 641m 33s
2026-08-12 14:29:35,531 [INFO] HTTP Request: POST http://localhost:11434/v1/chat/completions "HTTP/1.1 200 OK"
2026-08-12 14:29:35,533 [INFO] Progress: [892/6923] | Done: 571 | Skipped: 20 | Failed: 301 | RPM: 9.4 | Avg Lat: 6.37s | 429 Hits: 0 | ETA: 641m 1s
2026-08-12 14:29:38,271 [INFO] HTTP Request: POST http://localhost:11434/v1/chat/completions "HTTP/1.1 200 OK"
2026-08-12 14:29:38,274 [INFO] Progress: [893/6923] | Done: 571 | Skipped: 20 | Failed: 302 | RPM: 9.4 | Avg Lat: 6.37s | 429 Hits: 0 | ETA: 640m 30s
2026-08-12 14:29:41,040 [INFO] HTTP Request: POST http://localhost:11434/v1/chat/completions "HTTP/1.1 200 OK"
2026-08-12 14:29:41,042 [INFO] Progress: [894/6923] | Done: 571 | Skipped: 20 | Failed: 303 | RPM: 9.4 | Avg Lat: 6.37s | 429 Hits: 0 | ETA: 639m 58s
2026-08-12 14:29:43,751 [INFO] HTTP Request: POST http://localhost:11434/v1/chat/completions "HTTP/1.1 200 OK"
2026-08-12 14:29:43,754 [INFO] Progress: [895/6923] | Done: 571 | Skipped: 20 | Failed: 304 | RPM: 9.4 | Avg Lat: 6.36s | 429 Hits: 0 | ETA: 639m 27s
2026-08-12 14:29:46,488 [INFO] HTTP Request: POST http://localhost:11434/v1/chat/completions "HTTP/1.1 200 OK"
2026-08-12 14:29:46,491 [INFO] Progress: [896/6923] | Done: 571 | Skipped: 20 | Failed: 305 | RPM: 9.4 | Avg Lat: 6.36s | 429 Hits: 0 | ETA: 638m 56s
2026-08-12 14:29:49,149 [INFO] HTTP Request: POST http://localhost:11434/v1/chat/completions "HTTP/1.1 200 OK"
2026-08-12 14:29:49,151 [INFO] Progress: [897/6923] | Done: 571 | Skipped: 20 | Failed: 306 | RPM: 9.4 | Avg Lat: 6.35s | 429 Hits: 0 | ETA: 638m 24s
2026-08-12 14:29:51,991 [INFO] HTTP Request: POST http://localhost:11434/v1/chat/completions "HTTP/1.1 200 OK"
2026-08-12 14:29:51,993 [INFO] Progress: [898/6923] | Done: 571 | Skipped: 20 | Failed: 307 | RPM: 9.4 | Avg Lat: 6.35s | 429 Hits: 0 | ETA: 637m 53s
2026-08-12 14:29:54,793 [INFO] HTTP Request: POST http://localhost:11434/v1/chat/completions "HTTP/1.1 200 OK"
2026-08-12 14:29:54,795 [INFO] Progress: [899/6923] | Done: 571 | Skipped: 20 | Failed: 308 | RPM: 9.5 | Avg Lat: 6.35s | 429 Hits: 0 | ETA: 637m 23s
2026-08-12 14:29:57,519 [INFO] HTTP Request: POST http://localhost:11434/v1/chat/completions "HTTP/1.1 200 OK"
2026-08-12 14:29:57,522 [INFO] Progress: [900/6923] | Done: 571 | Skipped: 20 | Failed: 309 | RPM: 9.5 | Avg Lat: 6.34s | 429 Hits: 0 | ETA: 636m 51s
2026-08-12 14:30:00,310 [INFO] HTTP Request: POST http://localhost:11434/v1/chat/completions "HTTP/1.1 200 OK"
2026-08-12 14:30:00,313 [INFO] Progress: [901/6923] | Done: 571 | Skipped: 20 | Failed: 310 | RPM: 9.5 | Avg Lat: 6.34s | 429 Hits: 0 | ETA: 636m 21s
2026-08-12 14:30:02,916 [INFO] HTTP Request: POST http://localhost:11434/v1/chat/completions "HTTP/1.1 200 OK"
2026-08-12 14:30:02,918 [INFO] Progress: [902/6923] | Done: 571 | Skipped: 20 | Failed: 311 | RPM: 9.5 | Avg Lat: 6.33s | 429 Hits: 0 | ETA: 635m 49s
2026-08-12 14:30:05,771 [INFO] HTTP Request: POST http://localhost:11434/v1/chat/completions "HTTP/1.1 200 OK"
2026-08-12 14:30:05,773 [INFO] Progress: [903/6923] | Done: 571 | Skipped: 20 | Failed: 312 | RPM: 9.5 | Avg Lat: 6.33s | 429 Hits: 0 | ETA: 635m 19s
2026-08-12 14:30:08,520 [INFO] HTTP Request: POST http://localhost:11434/v1/chat/completions "HTTP/1.1 200 OK"
2026-08-12 14:30:08,523 [INFO] Progress: [904/6923] | Done: 571 | Skipped: 20 | Failed: 313 | RPM: 9.5 | Avg Lat: 6.32s | 429 Hits: 0 | ETA: 634m 48s
2026-08-12 14:30:11,207 [INFO] HTTP Request: POST http://localhost:11434/v1/chat/completions "HTTP/1.1 200 OK"
2026-08-12 14:30:11,210 [INFO] Progress: [905/6923] | Done: 571 | Skipped: 20 | Failed: 314 | RPM: 9.5 | Avg Lat: 6.32s | 429 Hits: 0 | ETA: 634m 17s
2026-08-12 14:30:13,872 [INFO] HTTP Request: POST http://localhost:11434/v1/chat/completions "HTTP/1.1 200 OK"
2026-08-12 14:30:13,874 [INFO] Progress: [906/6923] | Done: 571 | Skipped: 20 | Failed: 315 | RPM: 9.5 | Avg Lat: 6.32s | 429 Hits: 0 | ETA: 633m 46s
2026-08-12 14:30:16,634 [INFO] HTTP Request: POST http://localhost:11434/v1/chat/completions "HTTP/1.1 200 OK"
2026-08-12 14:30:16,637 [INFO] Progress: [907/6923] | Done: 571 | Skipped: 20 | Failed: 316 | RPM: 9.5 | Avg Lat: 6.31s | 429 Hits: 0 | ETA: 633m 15s
2026-08-12 14:30:19,374 [INFO] HTTP Request: POST http://localhost:11434/v1/chat/completions "HTTP/1.1 200 OK"
2026-08-12 14:30:19,382 [INFO] Progress: [908/6923] | Done: 571 | Skipped: 20 | Failed: 317 | RPM: 9.5 | Avg Lat: 6.31s | 429 Hits: 0 | ETA: 632m 45s
2026-08-12 14:30:22,070 [INFO] HTTP Request: POST http://localhost:11434/v1/chat/completions "HTTP/1.1 200 OK"
2026-08-12 14:30:22,072 [INFO] Progress: [909/6923] | Done: 571 | Skipped: 20 | Failed: 318 | RPM: 9.5 | Avg Lat: 6.30s | 429 Hits: 0 | ETA: 632m 14s
2026-08-12 14:30:24,844 [INFO] HTTP Request: POST http://localhost:11434/v1/chat/completions "HTTP/1.1 200 OK"
2026-08-12 14:30:24,847 [INFO] Progress: [910/6923] | Done: 571 | Skipped: 20 | Failed: 319 | RPM: 9.5 | Avg Lat: 6.30s | 429 Hits: 0 | ETA: 631m 44s
2026-08-12 14:30:27,540 [INFO] HTTP Request: POST http://localhost:11434/v1/chat/completions "HTTP/1.1 200 OK"
2026-08-12 14:30:27,543 [INFO] Progress: [911/6923] | Done: 571 | Skipped: 20 | Failed: 320 | RPM: 9.5 | Avg Lat: 6.30s | 429 Hits: 0 | ETA: 631m 13s
2026-08-12 14:30:30,253 [INFO] HTTP Request: POST http://localhost:11434/v1/chat/completions "HTTP/1.1 200 OK"
2026-08-12 14:30:30,255 [INFO] Progress: [912/6923] | Done: 571 | Skipped: 20 | Failed: 321 | RPM: 9.5 | Avg Lat: 6.29s | 429 Hits: 0 | ETA: 630m 43s
2026-08-12 14:30:33,043 [INFO] HTTP Request: POST http://localhost:11434/v1/chat/completions "HTTP/1.1 200 OK"
2026-08-12 14:30:33,045 [INFO] Progress: [913/6923] | Done: 571 | Skipped: 20 | Failed: 322 | RPM: 9.5 | Avg Lat: 6.29s | 429 Hits: 0 | ETA: 630m 13s
2026-08-12 14:30:35,802 [INFO] HTTP Request: POST http://localhost:11434/v1/chat/completions "HTTP/1.1 200 OK"
2026-08-12 14:30:35,804 [INFO] Progress: [914/6923] | Done: 571 | Skipped: 20 | Failed: 323 | RPM: 9.5 | Avg Lat: 6.28s | 429 Hits: 0 | ETA: 629m 43s
2026-08-12 14:30:38,717 [INFO] HTTP Request: POST http://localhost:11434/v1/chat/completions "HTTP/1.1 200 OK"
2026-08-12 14:30:38,719 [INFO] Progress: [915/6923] | Done: 571 | Skipped: 20 | Failed: 324 | RPM: 9.5 | Avg Lat: 6.28s | 429 Hits: 0 | ETA: 629m 14s
2026-08-12 14:30:41,397 [INFO] HTTP Request: POST http://localhost:11434/v1/chat/completions "HTTP/1.1 200 OK"
2026-08-12 14:30:41,400 [INFO] Progress: [916/6923] | Done: 571 | Skipped: 20 | Failed: 325 | RPM: 9.6 | Avg Lat: 6.28s | 429 Hits: 0 | ETA: 628m 44s
2026-08-12 14:30:44,177 [INFO] HTTP Request: POST http://localhost:11434/v1/chat/completions "HTTP/1.1 200 OK"
2026-08-12 14:30:44,179 [INFO] Progress: [917/6923] | Done: 571 | Skipped: 20 | Failed: 326 | RPM: 9.6 | Avg Lat: 6.27s | 429 Hits: 0 | ETA: 628m 14s
2026-08-12 14:30:46,961 [INFO] HTTP Request: POST http://localhost:11434/v1/chat/completions "HTTP/1.1 200 OK"
2026-08-12 14:30:46,963 [INFO] Progress: [918/6923] | Done: 571 | Skipped: 20 | Failed: 327 | RPM: 9.6 | Avg Lat: 6.27s | 429 Hits: 0 | ETA: 627m 44s
2026-08-12 14:30:49,642 [INFO] HTTP Request: POST http://localhost:11434/v1/chat/completions "HTTP/1.1 200 OK"
2026-08-12 14:30:49,644 [INFO] Progress: [919/6923] | Done: 571 | Skipped: 20 | Failed: 328 | RPM: 9.6 | Avg Lat: 6.27s | 429 Hits: 0 | ETA: 627m 14s
2026-08-12 14:30:52,392 [INFO] HTTP Request: POST http://localhost:11434/v1/chat/completions "HTTP/1.1 200 OK"
2026-08-12 14:30:52,394 [INFO] Progress: [920/6923] | Done: 571 | Skipped: 20 | Failed: 329 | RPM: 9.6 | Avg Lat: 6.26s | 429 Hits: 0 | ETA: 626m 44s
2026-08-12 14:30:55,019 [INFO] HTTP Request: POST http://localhost:11434/v1/chat/completions "HTTP/1.1 200 OK"
2026-08-12 14:30:55,021 [INFO] Progress: [921/6923] | Done: 571 | Skipped: 20 | Failed: 330 | RPM: 9.6 | Avg Lat: 6.26s | 429 Hits: 0 | ETA: 626m 14s
2026-08-12 14:30:57,827 [INFO] HTTP Request: POST http://localhost:11434/v1/chat/completions "HTTP/1.1 200 OK"
2026-08-12 14:30:57,829 [INFO] Progress: [922/6923] | Done: 571 | Skipped: 20 | Failed: 331 | RPM: 9.6 | Avg Lat: 6.25s | 429 Hits: 0 | ETA: 625m 45s
2026-08-12 14:31:00,594 [INFO] HTTP Request: POST http://localhost:11434/v1/chat/completions "HTTP/1.1 200 OK"
2026-08-12 14:31:00,597 [INFO] Progress: [923/6923] | Done: 571 | Skipped: 20 | Failed: 332 | RPM: 9.6 | Avg Lat: 6.25s | 429 Hits: 0 | ETA: 625m 15s
2026-08-12 14:31:03,343 [INFO] HTTP Request: POST http://localhost:11434/v1/chat/completions "HTTP/1.1 200 OK"
2026-08-12 14:31:03,346 [INFO] Progress: [924/6923] | Done: 571 | Skipped: 20 | Failed: 333 | RPM: 9.6 | Avg Lat: 6.25s | 429 Hits: 0 | ETA: 624m 46s
2026-08-12 14:31:06,046 [INFO] HTTP Request: POST http://localhost:11434/v1/chat/completions "HTTP/1.1 200 OK"
2026-08-12 14:31:06,049 [INFO] Progress: [925/6923] | Done: 571 | Skipped: 20 | Failed: 334 | RPM: 9.6 | Avg Lat: 6.24s | 429 Hits: 0 | ETA: 624m 16s
2026-08-12 14:31:08,752 [INFO] HTTP Request: POST http://localhost:11434/v1/chat/completions "HTTP/1.1 200 OK"
2026-08-12 14:31:08,754 [INFO] Progress: [926/6923] | Done: 571 | Skipped: 20 | Failed: 335 | RPM: 9.6 | Avg Lat: 6.24s | 429 Hits: 0 | ETA: 623m 46s
2026-08-12 14:31:11,560 [INFO] HTTP Request: POST http://localhost:11434/v1/chat/completions "HTTP/1.1 200 OK"
2026-08-12 14:31:11,563 [INFO] Progress: [927/6923] | Done: 571 | Skipped: 20 | Failed: 336 | RPM: 9.6 | Avg Lat: 6.23s | 429 Hits: 0 | ETA: 623m 17s
2026-08-12 14:31:14,280 [INFO] HTTP Request: POST http://localhost:11434/v1/chat/completions "HTTP/1.1 200 OK"
2026-08-12 14:31:14,281 [INFO] Progress: [928/6923] | Done: 571 | Skipped: 20 | Failed: 337 | RPM: 9.6 | Avg Lat: 6.23s | 429 Hits: 0 | ETA: 622m 48s
2026-08-12 14:31:17,036 [INFO] HTTP Request: POST http://localhost:11434/v1/chat/completions "HTTP/1.1 200 OK"
2026-08-12 14:31:17,038 [INFO] Progress: [929/6923] | Done: 571 | Skipped: 20 | Failed: 338 | RPM: 9.6 | Avg Lat: 6.23s | 429 Hits: 0 | ETA: 622m 19s
2026-08-12 14:31:19,832 [INFO] HTTP Request: POST http://localhost:11434/v1/chat/completions "HTTP/1.1 200 OK"
2026-08-12 14:31:19,835 [INFO] Progress: [930/6923] | Done: 571 | Skipped: 20 | Failed: 339 | RPM: 9.6 | Avg Lat: 6.22s | 429 Hits: 0 | ETA: 621m 50s
2026-08-12 14:31:22,553 [INFO] HTTP Request: POST http://localhost:11434/v1/chat/completions "HTTP/1.1 200 OK"
2026-08-12 14:31:22,555 [INFO] Progress: [931/6923] | Done: 571 | Skipped: 20 | Failed: 340 | RPM: 9.6 | Avg Lat: 6.22s | 429 Hits: 0 | ETA: 621m 20s
2026-08-12 14:31:25,348 [INFO] HTTP Request: POST http://localhost:11434/v1/chat/completions "HTTP/1.1 200 OK"
2026-08-12 14:31:25,351 [INFO] Progress: [932/6923] | Done: 571 | Skipped: 20 | Failed: 341 | RPM: 9.6 | Avg Lat: 6.21s | 429 Hits: 0 | ETA: 620m 52s
2026-08-12 14:31:28,044 [INFO] HTTP Request: POST http://localhost:11434/v1/chat/completions "HTTP/1.1 200 OK"
2026-08-12 14:31:28,046 [INFO] Progress: [933/6923] | Done: 571 | Skipped: 20 | Failed: 342 | RPM: 9.7 | Avg Lat: 6.21s | 429 Hits: 0 | ETA: 620m 22s
2026-08-12 14:31:30,818 [INFO] HTTP Request: POST http://localhost:11434/v1/chat/completions "HTTP/1.1 200 OK"
2026-08-12 14:31:30,820 [INFO] Progress: [934/6923] | Done: 571 | Skipped: 20 | Failed: 343 | RPM: 9.7 | Avg Lat: 6.21s | 429 Hits: 0 | ETA: 619m 54s
2026-08-12 14:31:33,464 [INFO] HTTP Request: POST http://localhost:11434/v1/chat/completions "HTTP/1.1 200 OK"
2026-08-12 14:31:33,466 [INFO] Progress: [935/6923] | Done: 571 | Skipped: 20 | Failed: 344 | RPM: 9.7 | Avg Lat: 6.20s | 429 Hits: 0 | ETA: 619m 24s
2026-08-12 14:31:36,080 [INFO] HTTP Request: POST http://localhost:11434/v1/chat/completions "HTTP/1.1 200 OK"
2026-08-12 14:31:36,082 [INFO] Progress: [936/6923] | Done: 571 | Skipped: 20 | Failed: 345 | RPM: 9.7 | Avg Lat: 6.20s | 429 Hits: 0 | ETA: 618m 54s
2026-08-12 14:31:38,842 [INFO] HTTP Request: POST http://localhost:11434/v1/chat/completions "HTTP/1.1 200 OK"
2026-08-12 14:31:38,844 [INFO] Progress: [937/6923] | Done: 571 | Skipped: 20 | Failed: 346 | RPM: 9.7 | Avg Lat: 6.20s | 429 Hits: 0 | ETA: 618m 26s
2026-08-12 14:31:41,580 [INFO] HTTP Request: POST http://localhost:11434/v1/chat/completions "HTTP/1.1 200 OK"
2026-08-12 14:31:41,582 [INFO] Progress: [938/6923] | Done: 571 | Skipped: 20 | Failed: 347 | RPM: 9.7 | Avg Lat: 6.19s | 429 Hits: 0 | ETA: 617m 57s
2026-08-12 14:31:44,341 [INFO] HTTP Request: POST http://localhost:11434/v1/chat/completions "HTTP/1.1 200 OK"
2026-08-12 14:31:44,343 [INFO] Progress: [939/6923] | Done: 571 | Skipped: 20 | Failed: 348 | RPM: 9.7 | Avg Lat: 6.19s | 429 Hits: 0 | ETA: 617m 28s
2026-08-12 14:31:47,050 [INFO] HTTP Request: POST http://localhost:11434/v1/chat/completions "HTTP/1.1 200 OK"
2026-08-12 14:31:47,052 [INFO] Progress: [940/6923] | Done: 571 | Skipped: 20 | Failed: 349 | RPM: 9.7 | Avg Lat: 6.18s | 429 Hits: 0 | ETA: 617m 0s
2026-08-12 14:31:49,867 [INFO] HTTP Request: POST http://localhost:11434/v1/chat/completions "HTTP/1.1 200 OK"
2026-08-12 14:31:49,870 [INFO] Progress: [941/6923] | Done: 571 | Skipped: 20 | Failed: 350 | RPM: 9.7 | Avg Lat: 6.18s | 429 Hits: 0 | ETA: 616m 32s
2026-08-12 14:31:52,480 [INFO] HTTP Request: POST http://localhost:11434/v1/chat/completions "HTTP/1.1 200 OK"
2026-08-12 14:31:52,482 [INFO] Progress: [942/6923] | Done: 571 | Skipped: 20 | Failed: 351 | RPM: 9.7 | Avg Lat: 6.18s | 429 Hits: 0 | ETA: 616m 2s
2026-08-12 14:31:55,187 [INFO] HTTP Request: POST http://localhost:11434/v1/chat/completions "HTTP/1.1 200 OK"
2026-08-12 14:31:55,189 [INFO] Progress: [943/6923] | Done: 571 | Skipped: 20 | Failed: 352 | RPM: 9.7 | Avg Lat: 6.17s | 429 Hits: 0 | ETA: 615m 34s
2026-08-12 14:31:57,979 [INFO] HTTP Request: POST http://localhost:11434/v1/chat/completions "HTTP/1.1 200 OK"
2026-08-12 14:31:57,981 [INFO] Progress: [944/6923] | Done: 571 | Skipped: 20 | Failed: 353 | RPM: 9.7 | Avg Lat: 6.17s | 429 Hits: 0 | ETA: 615m 5s
2026-08-12 14:32:00,756 [INFO] HTTP Request: POST http://localhost:11434/v1/chat/completions "HTTP/1.1 200 OK"
2026-08-12 14:32:00,758 [INFO] Progress: [945/6923] | Done: 571 | Skipped: 20 | Failed: 354 | RPM: 9.7 | Avg Lat: 6.17s | 429 Hits: 0 | ETA: 614m 37s
2026-08-12 14:32:03,426 [INFO] HTTP Request: POST http://localhost:11434/v1/chat/completions "HTTP/1.1 200 OK"
2026-08-12 14:32:03,429 [INFO] Progress: [946/6923] | Done: 571 | Skipped: 20 | Failed: 355 | RPM: 9.7 | Avg Lat: 6.16s | 429 Hits: 0 | ETA: 614m 9s
2026-08-12 14:32:06,208 [INFO] HTTP Request: POST http://localhost:11434/v1/chat/completions "HTTP/1.1 200 OK"
2026-08-12 14:32:06,211 [INFO] Progress: [947/6923] | Done: 571 | Skipped: 20 | Failed: 356 | RPM: 9.7 | Avg Lat: 6.16s | 429 Hits: 0 | ETA: 613m 41s
2026-08-12 14:32:08,927 [INFO] HTTP Request: POST http://localhost:11434/v1/chat/completions "HTTP/1.1 200 OK"
2026-08-12 14:32:08,929 [INFO] Progress: [948/6923] | Done: 571 | Skipped: 20 | Failed: 357 | RPM: 9.7 | Avg Lat: 6.15s | 429 Hits: 0 | ETA: 613m 12s
2026-08-12 14:32:11,601 [INFO] HTTP Request: POST http://localhost:11434/v1/chat/completions "HTTP/1.1 200 OK"
2026-08-12 14:32:11,603 [INFO] Progress: [949/6923] | Done: 571 | Skipped: 20 | Failed: 358 | RPM: 9.7 | Avg Lat: 6.15s | 429 Hits: 0 | ETA: 612m 44s
2026-08-12 14:32:14,282 [INFO] HTTP Request: POST http://localhost:11434/v1/chat/completions "HTTP/1.1 200 OK"
2026-08-12 14:32:14,284 [INFO] Progress: [950/6923] | Done: 571 | Skipped: 20 | Failed: 359 | RPM: 9.8 | Avg Lat: 6.15s | 429 Hits: 0 | ETA: 612m 15s
2026-08-12 14:32:17,033 [INFO] HTTP Request: POST http://localhost:11434/v1/chat/completions "HTTP/1.1 200 OK"
2026-08-12 14:32:17,040 [INFO] Progress: [951/6923] | Done: 571 | Skipped: 20 | Failed: 360 | RPM: 9.8 | Avg Lat: 6.14s | 429 Hits: 0 | ETA: 611m 47s
2026-08-12 14:32:19,754 [INFO] HTTP Request: POST http://localhost:11434/v1/chat/completions "HTTP/1.1 200 OK"
2026-08-12 14:32:19,757 [INFO] Progress: [952/6923] | Done: 571 | Skipped: 20 | Failed: 361 | RPM: 9.8 | Avg Lat: 6.14s | 429 Hits: 0 | ETA: 611m 19s
2026-08-12 14:32:22,387 [INFO] HTTP Request: POST http://localhost:11434/v1/chat/completions "HTTP/1.1 200 OK"
2026-08-12 14:32:22,389 [INFO] Progress: [953/6923] | Done: 571 | Skipped: 20 | Failed: 362 | RPM: 9.8 | Avg Lat: 6.14s | 429 Hits: 0 | ETA: 610m 51s
2026-08-12 14:32:25,153 [INFO] HTTP Request: POST http://localhost:11434/v1/chat/completions "HTTP/1.1 200 OK"
2026-08-12 14:32:25,155 [INFO] Progress: [954/6923] | Done: 571 | Skipped: 20 | Failed: 363 | RPM: 9.8 | Avg Lat: 6.13s | 429 Hits: 0 | ETA: 610m 23s
2026-08-12 14:32:27,874 [INFO] HTTP Request: POST http://localhost:11434/v1/chat/completions "HTTP/1.1 200 OK"
2026-08-12 14:32:27,877 [INFO] Progress: [955/6923] | Done: 571 | Skipped: 20 | Failed: 364 | RPM: 9.8 | Avg Lat: 6.13s | 429 Hits: 0 | ETA: 609m 55s
2026-08-12 14:32:30,578 [INFO] HTTP Request: POST http://localhost:11434/v1/chat/completions "HTTP/1.1 200 OK"
2026-08-12 14:32:30,580 [INFO] Progress: [956/6923] | Done: 571 | Skipped: 20 | Failed: 365 | RPM: 9.8 | Avg Lat: 6.13s | 429 Hits: 0 | ETA: 609m 27s
2026-08-12 14:32:33,209 [INFO] HTTP Request: POST http://localhost:11434/v1/chat/completions "HTTP/1.1 200 OK"
2026-08-12 14:32:33,211 [INFO] Progress: [957/6923] | Done: 571 | Skipped: 20 | Failed: 366 | RPM: 9.8 | Avg Lat: 6.12s | 429 Hits: 0 | ETA: 608m 59s
2026-08-12 14:32:35,753 [INFO] HTTP Request: POST http://localhost:11434/v1/chat/completions "HTTP/1.1 200 OK"
2026-08-12 14:32:35,755 [INFO] Progress: [958/6923] | Done: 571 | Skipped: 20 | Failed: 367 | RPM: 9.8 | Avg Lat: 6.12s | 429 Hits: 0 | ETA: 608m 30s
2026-08-12 14:32:38,339 [INFO] HTTP Request: POST http://localhost:11434/v1/chat/completions "HTTP/1.1 200 OK"
2026-08-12 14:32:38,341 [INFO] Progress: [959/6923] | Done: 571 | Skipped: 20 | Failed: 368 | RPM: 9.8 | Avg Lat: 6.11s | 429 Hits: 0 | ETA: 608m 1s
2026-08-12 14:32:40,868 [INFO] HTTP Request: POST http://localhost:11434/v1/chat/completions "HTTP/1.1 200 OK"
2026-08-12 14:32:40,870 [INFO] Progress: [960/6923] | Done: 571 | Skipped: 20 | Failed: 369 | RPM: 9.8 | Avg Lat: 6.11s | 429 Hits: 0 | ETA: 607m 32s
2026-08-12 14:32:43,407 [INFO] HTTP Request: POST http://localhost:11434/v1/chat/completions "HTTP/1.1 200 OK"
2026-08-12 14:32:43,409 [INFO] Progress: [961/6923] | Done: 571 | Skipped: 20 | Failed: 370 | RPM: 9.8 | Avg Lat: 6.11s | 429 Hits: 0 | ETA: 607m 3s
2026-08-12 14:32:45,962 [INFO] HTTP Request: POST http://localhost:11434/v1/chat/completions "HTTP/1.1 200 OK"
2026-08-12 14:32:45,965 [INFO] Progress: [962/6923] | Done: 571 | Skipped: 20 | Failed: 371 | RPM: 9.8 | Avg Lat: 6.10s | 429 Hits: 0 | ETA: 606m 35s
2026-08-12 14:32:48,523 [INFO] HTTP Request: POST http://localhost:11434/v1/chat/completions "HTTP/1.1 200 OK"
2026-08-12 14:32:48,525 [INFO] Progress: [963/6923] | Done: 571 | Skipped: 20 | Failed: 372 | RPM: 9.8 | Avg Lat: 6.10s | 429 Hits: 0 | ETA: 606m 6s
2026-08-12 14:32:51,095 [INFO] HTTP Request: POST http://localhost:11434/v1/chat/completions "HTTP/1.1 200 OK"
2026-08-12 14:32:51,098 [INFO] Progress: [964/6923] | Done: 571 | Skipped: 20 | Failed: 373 | RPM: 9.8 | Avg Lat: 6.10s | 429 Hits: 0 | ETA: 605m 38s
2026-08-12 14:32:53,595 [INFO] HTTP Request: POST http://localhost:11434/v1/chat/completions "HTTP/1.1 200 OK"
2026-08-12 14:32:53,597 [INFO] Progress: [965/6923] | Done: 571 | Skipped: 20 | Failed: 374 | RPM: 9.8 | Avg Lat: 6.09s | 429 Hits: 0 | ETA: 605m 9s
2026-08-12 14:32:56,076 [INFO] HTTP Request: POST http://localhost:11434/v1/chat/completions "HTTP/1.1 200 OK"
2026-08-12 14:32:56,079 [INFO] Progress: [966/6923] | Done: 571 | Skipped: 20 | Failed: 375 | RPM: 9.9 | Avg Lat: 6.09s | 429 Hits: 0 | ETA: 604m 40s
2026-08-12 14:32:58,625 [INFO] HTTP Request: POST http://localhost:11434/v1/chat/completions "HTTP/1.1 200 OK"
2026-08-12 14:32:58,628 [INFO] Progress: [967/6923] | Done: 571 | Skipped: 20 | Failed: 376 | RPM: 9.9 | Avg Lat: 6.08s | 429 Hits: 0 | ETA: 604m 12s
2026-08-12 14:33:01,120 [INFO] HTTP Request: POST http://localhost:11434/v1/chat/completions "HTTP/1.1 200 OK"
2026-08-12 14:33:01,128 [INFO] Progress: [968/6923] | Done: 571 | Skipped: 20 | Failed: 377 | RPM: 9.9 | Avg Lat: 6.08s | 429 Hits: 0 | ETA: 603m 43s
2026-08-12 14:33:03,712 [INFO] HTTP Request: POST http://localhost:11434/v1/chat/completions "HTTP/1.1 200 OK"
2026-08-12 14:33:03,714 [INFO] Progress: [969/6923] | Done: 571 | Skipped: 20 | Failed: 378 | RPM: 9.9 | Avg Lat: 6.08s | 429 Hits: 0 | ETA: 603m 15s
2026-08-12 14:33:06,236 [INFO] HTTP Request: POST http://localhost:11434/v1/chat/completions "HTTP/1.1 200 OK"
2026-08-12 14:33:06,239 [INFO] Progress: [970/6923] | Done: 571 | Skipped: 20 | Failed: 379 | RPM: 9.9 | Avg Lat: 6.07s | 429 Hits: 0 | ETA: 602m 47s
2026-08-12 14:33:08,888 [INFO] HTTP Request: POST http://localhost:11434/v1/chat/completions "HTTP/1.1 200 OK"
2026-08-12 14:33:08,891 [INFO] Progress: [971/6923] | Done: 571 | Skipped: 20 | Failed: 380 | RPM: 9.9 | Avg Lat: 6.07s | 429 Hits: 0 | ETA: 602m 20s
2026-08-12 14:33:11,377 [INFO] HTTP Request: POST http://localhost:11434/v1/chat/completions "HTTP/1.1 200 OK"
2026-08-12 14:33:11,379 [INFO] Progress: [972/6923] | Done: 571 | Skipped: 20 | Failed: 381 | RPM: 9.9 | Avg Lat: 6.07s | 429 Hits: 0 | ETA: 601m 51s
2026-08-12 14:33:14,044 [INFO] HTTP Request: POST http://localhost:11434/v1/chat/completions "HTTP/1.1 200 OK"
2026-08-12 14:33:14,046 [INFO] Progress: [973/6923] | Done: 571 | Skipped: 20 | Failed: 382 | RPM: 9.9 | Avg Lat: 6.06s | 429 Hits: 0 | ETA: 601m 24s
2026-08-12 14:33:16,438 [INFO] HTTP Request: POST http://localhost:11434/v1/chat/completions "HTTP/1.1 200 OK"
2026-08-12 14:33:16,441 [INFO] Progress: [974/6923] | Done: 571 | Skipped: 20 | Failed: 383 | RPM: 9.9 | Avg Lat: 6.06s | 429 Hits: 0 | ETA: 600m 55s
2026-08-12 14:33:18,978 [INFO] HTTP Request: POST http://localhost:11434/v1/chat/completions "HTTP/1.1 200 OK"
2026-08-12 14:33:18,980 [INFO] Progress: [975/6923] | Done: 571 | Skipped: 20 | Failed: 384 | RPM: 9.9 | Avg Lat: 6.05s | 429 Hits: 0 | ETA: 600m 27s
2026-08-12 14:33:21,436 [INFO] HTTP Request: POST http://localhost:11434/v1/chat/completions "HTTP/1.1 200 OK"
2026-08-12 14:33:21,438 [INFO] Progress: [976/6923] | Done: 571 | Skipped: 20 | Failed: 385 | RPM: 9.9 | Avg Lat: 6.05s | 429 Hits: 0 | ETA: 599m 58s
2026-08-12 14:33:24,050 [INFO] HTTP Request: POST http://localhost:11434/v1/chat/completions "HTTP/1.1 200 OK"
2026-08-12 14:33:24,052 [INFO] Progress: [977/6923] | Done: 571 | Skipped: 20 | Failed: 386 | RPM: 9.9 | Avg Lat: 6.05s | 429 Hits: 0 | ETA: 599m 31s
2026-08-12 14:33:26,581 [INFO] HTTP Request: POST http://localhost:11434/v1/chat/completions "HTTP/1.1 200 OK"
2026-08-12 14:33:26,583 [INFO] Progress: [978/6923] | Done: 571 | Skipped: 20 | Failed: 387 | RPM: 9.9 | Avg Lat: 6.04s | 429 Hits: 0 | ETA: 599m 3s
2026-08-12 14:33:29,053 [INFO] HTTP Request: POST http://localhost:11434/v1/chat/completions "HTTP/1.1 200 OK"
2026-08-12 14:33:29,055 [INFO] Progress: [979/6923] | Done: 571 | Skipped: 20 | Failed: 388 | RPM: 9.9 | Avg Lat: 6.04s | 429 Hits: 0 | ETA: 598m 35s
2026-08-12 15:12:02,222 [INFO] Scanning dataset at 'Sugarcane'...
2026-08-12 15:12:02,494 [INFO] Discovered 6923 total images. Processing range [0:6923] (6923 items).
2026-08-12 15:12:10,346 [INFO] HTTP Request: POST http://localhost:11434/v1/chat/completions "HTTP/1.1 200 OK"
2026-08-12 15:12:10,356 [INFO] Progress: [592/6923] | Done: 0 | Skipped: 591 | Failed: 1 | RPM: 7.6 | Avg Lat: 7.86s | 429 Hits: 0 | ETA: 829m 32s
2026-08-12 15:12:12,379 [INFO] HTTP Request: POST http://localhost:11434/v1/chat/completions "HTTP/1.1 200 OK"
2026-08-12 15:12:12,380 [INFO] Progress: [593/6923] | Done: 0 | Skipped: 591 | Failed: 2 | RPM: 12.1 | Avg Lat: 4.94s | 429 Hits: 0 | ETA: 521m 28s
2026-08-12 15:12:14,416 [INFO] HTTP Request: POST http://localhost:11434/v1/chat/completions "HTTP/1.1 200 OK"
2026-08-12 15:12:14,418 [INFO] Progress: [594/6923] | Done: 0 | Skipped: 591 | Failed: 3 | RPM: 15.1 | Avg Lat: 3.97s | 429 Hits: 0 | ETA: 419m 14s
2026-08-12 15:12:16,419 [INFO] HTTP Request: POST http://localhost:11434/v1/chat/completions "HTTP/1.1 200 OK"
2026-08-12 15:12:16,420 [INFO] Progress: [595/6923] | Done: 0 | Skipped: 591 | Failed: 4 | RPM: 17.2 | Avg Lat: 3.48s | 429 Hits: 0 | ETA: 367m 10s
2026-08-12 15:12:18,449 [INFO] HTTP Request: POST http://localhost:11434/v1/chat/completions "HTTP/1.1 200 OK"
2026-08-12 15:12:18,450 [INFO] Progress: [596/6923] | Done: 0 | Skipped: 591 | Failed: 5 | RPM: 18.8 | Avg Lat: 3.19s | 429 Hits: 0 | ETA: 336m 29s
2026-08-12 15:12:20,491 [INFO] HTTP Request: POST http://localhost:11434/v1/chat/completions "HTTP/1.1 200 OK"
2026-08-12 15:12:20,493 [INFO] Progress: [597/6923] | Done: 0 | Skipped: 591 | Failed: 6 | RPM: 20.0 | Avg Lat: 3.00s | 429 Hits: 0 | ETA: 316m 15s
2026-08-12 15:12:22,478 [INFO] HTTP Request: POST http://localhost:11434/v1/chat/completions "HTTP/1.1 200 OK"
2026-08-12 15:12:22,480 [INFO] Progress: [598/6923] | Done: 0 | Skipped: 591 | Failed: 7 | RPM: 21.0 | Avg Lat: 2.85s | 429 Hits: 0 | ETA: 300m 58s
2026-08-12 15:12:24,489 [INFO] HTTP Request: POST http://localhost:11434/v1/chat/completions "HTTP/1.1 200 OK"
2026-08-12 15:12:24,491 [INFO] Progress: [599/6923] | Done: 0 | Skipped: 591 | Failed: 8 | RPM: 21.8 | Avg Lat: 2.75s | 429 Hits: 0 | ETA: 289m 48s
2026-08-12 16:15:21,442 [INFO] Scanning dataset at 'Sugarcane'...
2026-08-12 16:15:21,568 [INFO] Discovered 6923 total images. Processing range [0:6923] (6923 items).
2026-08-12 16:15:29,153 [INFO] HTTP Request: POST http://localhost:11434/v1/chat/completions "HTTP/1.1 200 OK"
2026-08-12 16:15:29,163 [INFO] Progress: [592/6923] | Done: 0 | Skipped: 591 | Failed: 1 | RPM: 7.9 | Avg Lat: 7.59s | 429 Hits: 0 | ETA: 801m 18s
2026-08-12 16:15:31,184 [INFO] HTTP Request: POST http://localhost:11434/v1/chat/completions "HTTP/1.1 200 OK"
2026-08-12 16:15:31,186 [INFO] Progress: [593/6923] | Done: 0 | Skipped: 591 | Failed: 2 | RPM: 12.5 | Avg Lat: 4.81s | 429 Hits: 0 | ETA: 507m 17s
2026-08-12 16:15:33,193 [INFO] HTTP Request: POST http://localhost:11434/v1/chat/completions "HTTP/1.1 200 OK"
2026-08-12 16:15:33,194 [INFO] Progress: [594/6923] | Done: 0 | Skipped: 591 | Failed: 3 | RPM: 15.5 | Avg Lat: 3.87s | 429 Hits: 0 | ETA: 408m 46s
2026-08-12 16:16:35,186 [INFO] Scanning dataset at 'Sugarcane'...
2026-08-12 16:16:35,315 [INFO] Discovered 6923 total images. Processing range [0:6923] (6923 items).
2026-08-12 16:16:37,288 [INFO] HTTP Request: POST http://localhost:11434/v1/chat/completions "HTTP/1.1 200 OK"
2026-08-12 16:16:37,298 [INFO] Progress: [592/6923] | Done: 0 | Skipped: 591 | Failed: 1 | RPM: 30.3 | Avg Lat: 1.98s | 429 Hits: 0 | ETA: 209m 14s
2026-08-12 16:16:38,293 [INFO] HTTP Request: POST http://localhost:11434/v1/chat/completions "HTTP/1.1 200 OK"
2026-08-12 16:16:38,295 [INFO] Progress: [593/6923] | Done: 0 | Skipped: 591 | Failed: 2 | RPM: 40.3 | Avg Lat: 1.49s | 429 Hits: 0 | ETA: 157m 10s
2026-08-12 16:16:39,304 [INFO] HTTP Request: POST http://localhost:11434/v1/chat/completions "HTTP/1.1 200 OK"
2026-08-12 16:16:39,306 [INFO] Progress: [594/6923] | Done: 0 | Skipped: 591 | Failed: 3 | RPM: 45.1 | Avg Lat: 1.33s | 429 Hits: 0 | ETA: 140m 18s
2026-08-12 16:16:40,309 [INFO] HTTP Request: POST http://localhost:11434/v1/chat/completions "HTTP/1.1 200 OK"
2026-08-12 16:16:40,311 [INFO] Progress: [595/6923] | Done: 0 | Skipped: 591 | Failed: 4 | RPM: 48.0 | Avg Lat: 1.25s | 429 Hits: 0 | ETA: 131m 43s
2026-08-12 16:16:42,316 [INFO] HTTP Request: POST http://localhost:11434/v1/chat/completions "HTTP/1.1 200 OK"
2026-08-12 16:16:42,317 [INFO] Progress: [596/6923] | Done: 0 | Skipped: 591 | Failed: 5 | RPM: 42.8 | Avg Lat: 1.40s | 429 Hits: 0 | ETA: 147m 40s
2026-08-12 16:19:06,610 [INFO] Scanning dataset at 'Sugarcane'...
2026-08-12 16:19:06,754 [INFO] Discovered 6923 total images. Processing range [0:5] (5 items).
2026-08-12 16:19:09,777 [INFO] HTTP Request: POST http://localhost:11434/v1/chat/completions "HTTP/1.1 200 OK"
2026-08-12 16:19:09,788 [INFO] Progress: [1/5] | Done: 0 | Skipped: 0 | Failed: 1 | RPM: 19.8 | Avg Lat: 3.03s | 429 Hits: 0 | ETA: 0m 12s
2026-08-12 16:19:11,708 [INFO] HTTP Request: POST http://localhost:11434/v1/chat/completions "HTTP/1.1 200 OK"
2026-08-12 16:19:11,710 [INFO] Progress: [2/5] | Done: 0 | Skipped: 0 | Failed: 2 | RPM: 24.2 | Avg Lat: 2.48s | 429 Hits: 0 | ETA: 0m 7s
2026-08-12 16:19:13,626 [INFO] HTTP Request: POST http://localhost:11434/v1/chat/completions "HTTP/1.1 200 OK"
2026-08-12 16:19:13,633 [INFO] Progress: [3/5] | Done: 0 | Skipped: 0 | Failed: 3 | RPM: 26.2 | Avg Lat: 2.29s | 429 Hits: 0 | ETA: 0m 4s
2026-08-12 16:19:15,463 [INFO] HTTP Request: POST http://localhost:11434/v1/chat/completions "HTTP/1.1 200 OK"
2026-08-12 16:19:15,465 [INFO] Progress: [4/5] | Done: 0 | Skipped: 0 | Failed: 4 | RPM: 27.6 | Avg Lat: 2.17s | 429 Hits: 0 | ETA: 0m 2s
2026-08-12 16:19:17,339 [INFO] HTTP Request: POST http://localhost:11434/v1/chat/completions "HTTP/1.1 200 OK"
2026-08-12 16:19:17,345 [INFO] Progress: [5/5] | Done: 0 | Skipped: 0 | Failed: 5 | RPM: 28.3 | Avg Lat: 2.11s | 429 Hits: 0 | ETA: 0m 0s
2026-08-12 16:19:17,346 [INFO] 
==========================================
2026-08-12 16:19:17,347 [INFO] Annotation Run Complete for 'qwen2.5vl-sugarcane'!
2026-08-12 16:19:17,347 [INFO] Total Completed: 0 | Skipped: 0 | Failed: 5
2026-08-12 16:19:17,347 [INFO] Cumulative Model Counters: {'provider': 'ollama-qwen2.5vl-sugarcane', 'model_id': 'qwen2.5vl-sugarcane', 'total_requests': 5, 'successful_requests': 0, 'failed_requests': 0, 'rate_limit_hits': 0, 'json_parse_failures': 5, 'average_latency_ms': 0.0}
2026-08-12 16:19:17,347 [INFO] ==========================================
2026-08-12 16:20:51,454 [INFO] Scanning dataset at 'Sugarcane'...
2026-08-12 16:20:51,595 [INFO] Discovered 6923 total images. Processing range [0:5] (5 items).
2026-08-12 16:20:53,600 [INFO] HTTP Request: POST http://localhost:11434/v1/chat/completions "HTTP/1.1 200 OK"
2026-08-12 16:20:53,606 [INFO] Progress: [1/5] | Done: 0 | Skipped: 0 | Failed: 1 | RPM: 29.8 | Avg Lat: 2.01s | 429 Hits: 0 | ETA: 0m 8s
2026-08-12 16:20:54,578 [INFO] HTTP Request: POST http://localhost:11434/v1/chat/completions "HTTP/1.1 200 OK"
2026-08-12 16:20:54,580 [INFO] Progress: [2/5] | Done: 0 | Skipped: 0 | Failed: 2 | RPM: 40.2 | Avg Lat: 1.49s | 429 Hits: 0 | ETA: 0m 4s
2026-08-12 16:20:55,598 [INFO] HTTP Request: POST http://localhost:11434/v1/chat/completions "HTTP/1.1 200 OK"
2026-08-12 16:20:55,605 [INFO] Progress: [3/5] | Done: 0 | Skipped: 0 | Failed: 3 | RPM: 44.9 | Avg Lat: 1.33s | 429 Hits: 0 | ETA: 0m 2s
2026-08-12 16:20:56,575 [INFO] HTTP Request: POST http://localhost:11434/v1/chat/completions "HTTP/1.1 200 OK"
2026-08-12 16:20:56,576 [INFO] Progress: [4/5] | Done: 0 | Skipped: 0 | Failed: 4 | RPM: 48.2 | Avg Lat: 1.24s | 429 Hits: 0 | ETA: 0m 1s
2026-08-12 16:20:57,585 [INFO] HTTP Request: POST http://localhost:11434/v1/chat/completions "HTTP/1.1 200 OK"
2026-08-12 16:20:57,587 [INFO] Progress: [5/5] | Done: 0 | Skipped: 0 | Failed: 5 | RPM: 50.1 | Avg Lat: 1.20s | 429 Hits: 0 | ETA: 0m 0s
2026-08-12 16:20:57,588 [INFO] 
==========================================
2026-08-12 16:20:57,588 [INFO] Annotation Run Complete for 'qwen2.5vl-sugarcane'!
2026-08-12 16:20:57,588 [INFO] Total Completed: 0 | Skipped: 0 | Failed: 5
2026-08-12 16:20:57,588 [INFO] Cumulative Model Counters: {'provider': 'ollama-qwen2.5vl-sugarcane', 'model_id': 'qwen2.5vl-sugarcane', 'total_requests': 5, 'successful_requests': 0, 'failed_requests': 0, 'rate_limit_hits': 0, 'json_parse_failures': 5, 'average_latency_ms': 0.0}
2026-08-12 16:20:57,588 [INFO] ==========================================
2026-08-12 16:27:39,972 [INFO] RETRY FAILED MODE: Loading items from failed.jsonl...
2026-08-12 16:28:29,520 [INFO] Scanning dataset at 'Sugarcane'...
2026-08-12 16:28:29,646 [INFO] Discovered 6923 total images. Processing range [0:6923] (6923 items).
2026-08-12 16:28:38,868 [INFO] HTTP Request: POST http://localhost:11434/v1/chat/completions "HTTP/1.1 200 OK"
2026-08-12 16:28:38,877 [INFO] Progress: [1/6923] | Done: 1 | Skipped: 0 | Failed: 0 | RPM: 6.5 | Avg Lat: 9.23s | 429 Hits: 0 | ETA: 1064m 53s
2026-08-12 16:28:42,961 [INFO] HTTP Request: POST http://localhost:11434/v1/chat/completions "HTTP/1.1 200 OK"
2026-08-12 16:28:42,964 [INFO] Progress: [2/6923] | Done: 2 | Skipped: 0 | Failed: 0 | RPM: 9.0 | Avg Lat: 6.66s | 429 Hits: 0 | ETA: 768m 2s
2026-08-12 16:39:19,527 [INFO] Scanning dataset at 'Sugarcane'...
2026-08-12 16:39:19,760 [INFO] Discovered 6923 total images. Processing range [592:956] (364 items).
2026-08-12 16:39:29,392 [INFO] HTTP Request: POST http://localhost:11434/v1/chat/completions "HTTP/1.1 200 OK"
2026-08-12 16:39:29,403 [INFO] Progress: [1/364] | Done: 1 | Skipped: 0 | Failed: 0 | RPM: 6.2 | Avg Lat: 9.64s | 429 Hits: 0 | ETA: 58m 20s
2026-08-12 16:39:33,883 [INFO] HTTP Request: POST http://localhost:11434/v1/chat/completions "HTTP/1.1 200 OK"
2026-08-12 16:39:33,886 [INFO] Progress: [2/364] | Done: 2 | Skipped: 0 | Failed: 0 | RPM: 8.5 | Avg Lat: 7.06s | 429 Hits: 0 | ETA: 42m 36s
2026-08-12 16:39:37,924 [INFO] HTTP Request: POST http://localhost:11434/v1/chat/completions "HTTP/1.1 200 OK"
2026-08-12 16:39:37,926 [INFO] Progress: [3/364] | Done: 3 | Skipped: 0 | Failed: 0 | RPM: 9.9 | Avg Lat: 6.05s | 429 Hits: 0 | ETA: 36m 26s
2026-08-12 16:39:42,136 [INFO] HTTP Request: POST http://localhost:11434/v1/chat/completions "HTTP/1.1 200 OK"
2026-08-12 16:39:42,139 [INFO] Progress: [4/364] | Done: 4 | Skipped: 0 | Failed: 0 | RPM: 10.7 | Avg Lat: 5.59s | 429 Hits: 0 | ETA: 33m 34s
2026-08-12 16:39:46,155 [INFO] HTTP Request: POST http://localhost:11434/v1/chat/completions "HTTP/1.1 200 OK"
2026-08-12 16:39:46,158 [INFO] Progress: [5/364] | Done: 5 | Skipped: 0 | Failed: 0 | RPM: 11.4 | Avg Lat: 5.28s | 429 Hits: 0 | ETA: 31m 35s
2026-08-12 16:39:50,610 [INFO] HTTP Request: POST http://localhost:11434/v1/chat/completions "HTTP/1.1 200 OK"
2026-08-12 16:39:50,613 [INFO] Progress: [6/364] | Done: 6 | Skipped: 0 | Failed: 0 | RPM: 11.7 | Avg Lat: 5.14s | 429 Hits: 0 | ETA: 30m 40s
2026-08-12 16:39:54,747 [INFO] HTTP Request: POST http://localhost:11434/v1/chat/completions "HTTP/1.1 200 OK"
2026-08-12 16:39:54,750 [INFO] Progress: [7/364] | Done: 7 | Skipped: 0 | Failed: 0 | RPM: 12.0 | Avg Lat: 5.00s | 429 Hits: 0 | ETA: 29m 44s
2026-08-12 16:39:59,310 [INFO] HTTP Request: POST http://localhost:11434/v1/chat/completions "HTTP/1.1 200 OK"
2026-08-12 16:39:59,314 [INFO] Progress: [8/364] | Done: 8 | Skipped: 0 | Failed: 0 | RPM: 12.1 | Avg Lat: 4.94s | 429 Hits: 0 | ETA: 29m 20s
2026-08-12 16:40:03,371 [INFO] HTTP Request: POST http://localhost:11434/v1/chat/completions "HTTP/1.1 200 OK"
2026-08-12 16:40:03,374 [INFO] Progress: [9/364] | Done: 9 | Skipped: 0 | Failed: 0 | RPM: 12.4 | Avg Lat: 4.84s | 429 Hits: 0 | ETA: 28m 40s
2026-08-12 16:40:08,118 [INFO] HTTP Request: POST http://localhost:11434/v1/chat/completions "HTTP/1.1 200 OK"
2026-08-12 16:40:08,120 [INFO] Progress: [10/364] | Done: 10 | Skipped: 0 | Failed: 0 | RPM: 12.4 | Avg Lat: 4.83s | 429 Hits: 0 | ETA: 28m 31s
2026-08-12 16:40:12,382 [INFO] HTTP Request: POST http://localhost:11434/v1/chat/completions "HTTP/1.1 200 OK"
2026-08-12 16:40:12,385 [INFO] Progress: [11/364] | Done: 11 | Skipped: 0 | Failed: 0 | RPM: 12.5 | Avg Lat: 4.78s | 429 Hits: 0 | ETA: 28m 8s
2026-08-12 16:40:16,648 [INFO] HTTP Request: POST http://localhost:11434/v1/chat/completions "HTTP/1.1 200 OK"
2026-08-12 16:40:16,651 [INFO] Progress: [12/364] | Done: 12 | Skipped: 0 | Failed: 0 | RPM: 12.7 | Avg Lat: 4.74s | 429 Hits: 0 | ETA: 27m 48s
2026-08-12 16:40:21,160 [INFO] HTTP Request: POST http://localhost:11434/v1/chat/completions "HTTP/1.1 200 OK"
2026-08-12 16:40:21,164 [INFO] Progress: [13/364] | Done: 13 | Skipped: 0 | Failed: 0 | RPM: 12.7 | Avg Lat: 4.72s | 429 Hits: 0 | ETA: 27m 37s
2026-08-12 16:40:25,626 [INFO] HTTP Request: POST http://localhost:11434/v1/chat/completions "HTTP/1.1 200 OK"
2026-08-12 16:40:25,629 [INFO] Progress: [14/364] | Done: 14 | Skipped: 0 | Failed: 0 | RPM: 12.8 | Avg Lat: 4.70s | 429 Hits: 0 | ETA: 27m 26s
2026-08-12 16:40:29,615 [INFO] HTTP Request: POST http://localhost:11434/v1/chat/completions "HTTP/1.1 200 OK"
2026-08-12 16:40:29,618 [INFO] Progress: [15/364] | Done: 15 | Skipped: 0 | Failed: 0 | RPM: 12.9 | Avg Lat: 4.66s | 429 Hits: 0 | ETA: 27m 5s
2026-08-12 16:40:33,751 [INFO] HTTP Request: POST http://localhost:11434/v1/chat/completions "HTTP/1.1 200 OK"
2026-08-12 16:40:33,755 [INFO] Progress: [16/364] | Done: 16 | Skipped: 0 | Failed: 0 | RPM: 13.0 | Avg Lat: 4.62s | 429 Hits: 0 | ETA: 26m 49s
2026-08-12 16:40:37,912 [INFO] HTTP Request: POST http://localhost:11434/v1/chat/completions "HTTP/1.1 200 OK"
2026-08-12 16:40:37,914 [INFO] Progress: [17/364] | Done: 17 | Skipped: 0 | Failed: 0 | RPM: 13.1 | Avg Lat: 4.60s | 429 Hits: 0 | ETA: 26m 35s
2026-08-12 16:40:42,266 [INFO] HTTP Request: POST http://localhost:11434/v1/chat/completions "HTTP/1.1 200 OK"
2026-08-12 16:40:42,269 [INFO] Progress: [18/364] | Done: 18 | Skipped: 0 | Failed: 0 | RPM: 13.1 | Avg Lat: 4.58s | 429 Hits: 0 | ETA: 26m 26s
2026-08-12 16:40:46,376 [INFO] HTTP Request: POST http://localhost:11434/v1/chat/completions "HTTP/1.1 200 OK"
2026-08-12 16:40:46,379 [INFO] Progress: [19/364] | Done: 19 | Skipped: 0 | Failed: 0 | RPM: 13.2 | Avg Lat: 4.56s | 429 Hits: 0 | ETA: 26m 12s
2026-08-12 16:40:50,557 [INFO] HTTP Request: POST http://localhost:11434/v1/chat/completions "HTTP/1.1 200 OK"
2026-08-12 16:40:50,560 [INFO] Progress: [20/364] | Done: 20 | Skipped: 0 | Failed: 0 | RPM: 13.2 | Avg Lat: 4.54s | 429 Hits: 0 | ETA: 26m 1s
2026-08-12 16:40:54,799 [INFO] HTTP Request: POST http://localhost:11434/v1/chat/completions "HTTP/1.1 200 OK"
2026-08-12 16:40:54,802 [INFO] Progress: [21/364] | Done: 21 | Skipped: 0 | Failed: 0 | RPM: 13.3 | Avg Lat: 4.52s | 429 Hits: 0 | ETA: 25m 52s
2026-08-12 16:40:59,079 [INFO] HTTP Request: POST http://localhost:11434/v1/chat/completions "HTTP/1.1 200 OK"
2026-08-12 16:40:59,083 [INFO] Progress: [22/364] | Done: 22 | Skipped: 0 | Failed: 0 | RPM: 13.3 | Avg Lat: 4.51s | 429 Hits: 0 | ETA: 25m 44s
2026-08-12 16:41:03,321 [INFO] HTTP Request: POST http://localhost:11434/v1/chat/completions "HTTP/1.1 200 OK"
2026-08-12 16:41:03,325 [INFO] Progress: [23/364] | Done: 23 | Skipped: 0 | Failed: 0 | RPM: 13.3 | Avg Lat: 4.50s | 429 Hits: 0 | ETA: 25m 35s
2026-08-12 16:41:07,622 [INFO] HTTP Request: POST http://localhost:11434/v1/chat/completions "HTTP/1.1 200 OK"
2026-08-12 16:41:07,625 [INFO] Progress: [24/364] | Done: 24 | Skipped: 0 | Failed: 0 | RPM: 13.4 | Avg Lat: 4.49s | 429 Hits: 0 | ETA: 25m 28s
2026-08-12 16:41:11,984 [INFO] HTTP Request: POST http://localhost:11434/v1/chat/completions "HTTP/1.1 200 OK"
2026-08-12 16:41:11,987 [INFO] Progress: [25/364] | Done: 25 | Skipped: 0 | Failed: 0 | RPM: 13.4 | Avg Lat: 4.49s | 429 Hits: 0 | ETA: 25m 21s
2026-08-12 16:41:16,572 [INFO] HTTP Request: POST http://localhost:11434/v1/chat/completions "HTTP/1.1 200 OK"
2026-08-12 16:41:16,575 [INFO] Progress: [26/364] | Done: 26 | Skipped: 0 | Failed: 0 | RPM: 13.4 | Avg Lat: 4.49s | 429 Hits: 0 | ETA: 25m 18s
2026-08-12 16:41:20,660 [INFO] HTTP Request: POST http://localhost:11434/v1/chat/completions "HTTP/1.1 200 OK"
2026-08-12 16:41:20,663 [INFO] Progress: [27/364] | Done: 27 | Skipped: 0 | Failed: 0 | RPM: 13.4 | Avg Lat: 4.48s | 429 Hits: 0 | ETA: 25m 9s
2026-08-12 16:41:25,041 [INFO] HTTP Request: POST http://localhost:11434/v1/chat/completions "HTTP/1.1 200 OK"
2026-08-12 16:41:25,044 [INFO] Progress: [28/364] | Done: 28 | Skipped: 0 | Failed: 0 | RPM: 13.4 | Avg Lat: 4.47s | 429 Hits: 0 | ETA: 25m 3s
2026-08-12 16:41:29,289 [INFO] HTTP Request: POST http://localhost:11434/v1/chat/completions "HTTP/1.1 200 OK"
2026-08-12 16:41:29,291 [INFO] Progress: [29/364] | Done: 29 | Skipped: 0 | Failed: 0 | RPM: 13.4 | Avg Lat: 4.46s | 429 Hits: 0 | ETA: 24m 56s
2026-08-12 16:41:33,850 [INFO] HTTP Request: POST http://localhost:11434/v1/chat/completions "HTTP/1.1 200 OK"
2026-08-12 16:41:33,854 [INFO] Progress: [30/364] | Done: 30 | Skipped: 0 | Failed: 0 | RPM: 13.4 | Avg Lat: 4.47s | 429 Hits: 0 | ETA: 24m 52s
2026-08-12 16:41:38,021 [INFO] HTTP Request: POST http://localhost:11434/v1/chat/completions "HTTP/1.1 200 OK"
2026-08-12 16:41:38,024 [INFO] Progress: [31/364] | Done: 31 | Skipped: 0 | Failed: 0 | RPM: 13.5 | Avg Lat: 4.46s | 429 Hits: 0 | ETA: 24m 45s
2026-08-12 16:41:42,248 [INFO] HTTP Request: POST http://localhost:11434/v1/chat/completions "HTTP/1.1 200 OK"
2026-08-12 16:41:42,251 [INFO] Progress: [32/364] | Done: 32 | Skipped: 0 | Failed: 0 | RPM: 13.5 | Avg Lat: 4.45s | 429 Hits: 0 | ETA: 24m 38s
2026-08-12 16:41:46,555 [INFO] HTTP Request: POST http://localhost:11434/v1/chat/completions "HTTP/1.1 200 OK"
2026-08-12 16:41:46,557 [INFO] Progress: [33/364] | Done: 33 | Skipped: 0 | Failed: 0 | RPM: 13.5 | Avg Lat: 4.45s | 429 Hits: 0 | ETA: 24m 32s
2026-08-12 16:41:50,373 [INFO] HTTP Request: POST http://localhost:11434/v1/chat/completions "HTTP/1.1 200 OK"
2026-08-12 16:41:50,376 [INFO] Progress: [34/364] | Done: 34 | Skipped: 0 | Failed: 0 | RPM: 13.5 | Avg Lat: 4.43s | 429 Hits: 0 | ETA: 24m 21s
2026-08-12 16:41:54,114 [INFO] HTTP Request: POST http://localhost:11434/v1/chat/completions "HTTP/1.1 200 OK"
2026-08-12 16:41:54,116 [INFO] Progress: [35/364] | Done: 35 | Skipped: 0 | Failed: 0 | RPM: 13.6 | Avg Lat: 4.41s | 429 Hits: 0 | ETA: 24m 10s
2026-08-12 16:41:57,886 [INFO] HTTP Request: POST http://localhost:11434/v1/chat/completions "HTTP/1.1 200 OK"
2026-08-12 16:41:57,889 [INFO] Progress: [36/364] | Done: 36 | Skipped: 0 | Failed: 0 | RPM: 13.7 | Avg Lat: 4.39s | 429 Hits: 0 | ETA: 24m 0s
2026-08-12 16:42:01,769 [INFO] HTTP Request: POST http://localhost:11434/v1/chat/completions "HTTP/1.1 200 OK"
2026-08-12 16:42:01,772 [INFO] Progress: [37/364] | Done: 37 | Skipped: 0 | Failed: 0 | RPM: 13.7 | Avg Lat: 4.38s | 429 Hits: 0 | ETA: 23m 51s
2026-08-12 16:42:05,669 [INFO] HTTP Request: POST http://localhost:11434/v1/chat/completions "HTTP/1.1 200 OK"
2026-08-12 16:42:05,675 [INFO] Progress: [38/364] | Done: 38 | Skipped: 0 | Failed: 0 | RPM: 13.7 | Avg Lat: 4.36s | 429 Hits: 0 | ETA: 23m 43s
2026-08-12 16:42:09,453 [INFO] HTTP Request: POST http://localhost:11434/v1/chat/completions "HTTP/1.1 200 OK"
2026-08-12 16:42:09,455 [INFO] Progress: [39/364] | Done: 39 | Skipped: 0 | Failed: 0 | RPM: 13.8 | Avg Lat: 4.35s | 429 Hits: 0 | ETA: 23m 34s
2026-08-12 16:42:13,541 [INFO] HTTP Request: POST http://localhost:11434/v1/chat/completions "HTTP/1.1 200 OK"
2026-08-12 16:42:13,544 [INFO] Progress: [40/364] | Done: 40 | Skipped: 0 | Failed: 0 | RPM: 13.8 | Avg Lat: 4.34s | 429 Hits: 0 | ETA: 23m 27s
2026-08-12 16:42:17,268 [INFO] HTTP Request: POST http://localhost:11434/v1/chat/completions "HTTP/1.1 200 OK"
2026-08-12 16:42:17,270 [INFO] Progress: [41/364] | Done: 41 | Skipped: 0 | Failed: 0 | RPM: 13.9 | Avg Lat: 4.33s | 429 Hits: 0 | ETA: 23m 18s
2026-08-12 16:42:21,121 [INFO] HTTP Request: POST http://localhost:11434/v1/chat/completions "HTTP/1.1 200 OK"
2026-08-12 16:42:21,123 [INFO] Progress: [42/364] | Done: 42 | Skipped: 0 | Failed: 0 | RPM: 13.9 | Avg Lat: 4.32s | 429 Hits: 0 | ETA: 23m 10s
2026-08-12 16:42:24,870 [INFO] HTTP Request: POST http://localhost:11434/v1/chat/completions "HTTP/1.1 200 OK"
2026-08-12 16:42:24,873 [INFO] Progress: [43/364] | Done: 43 | Skipped: 0 | Failed: 0 | RPM: 13.9 | Avg Lat: 4.30s | 429 Hits: 0 | ETA: 23m 1s
2026-08-12 16:42:28,705 [INFO] HTTP Request: POST http://localhost:11434/v1/chat/completions "HTTP/1.1 200 OK"
2026-08-12 16:42:28,708 [INFO] Progress: [44/364] | Done: 44 | Skipped: 0 | Failed: 0 | RPM: 14.0 | Avg Lat: 4.29s | 429 Hits: 0 | ETA: 22m 54s
2026-08-12 16:42:32,350 [INFO] HTTP Request: POST http://localhost:11434/v1/chat/completions "HTTP/1.1 200 OK"
2026-08-12 16:42:32,352 [INFO] Progress: [45/364] | Done: 45 | Skipped: 0 | Failed: 0 | RPM: 14.0 | Avg Lat: 4.28s | 429 Hits: 0 | ETA: 22m 45s
2026-08-12 16:42:36,079 [INFO] HTTP Request: POST http://localhost:11434/v1/chat/completions "HTTP/1.1 200 OK"
2026-08-12 16:42:36,082 [INFO] Progress: [46/364] | Done: 46 | Skipped: 0 | Failed: 0 | RPM: 14.1 | Avg Lat: 4.27s | 429 Hits: 0 | ETA: 22m 37s
2026-08-12 16:42:39,763 [INFO] HTTP Request: POST http://localhost:11434/v1/chat/completions "HTTP/1.1 200 OK"
2026-08-12 16:42:39,766 [INFO] Progress: [47/364] | Done: 47 | Skipped: 0 | Failed: 0 | RPM: 14.1 | Avg Lat: 4.25s | 429 Hits: 0 | ETA: 22m 28s
2026-08-12 16:42:43,643 [INFO] HTTP Request: POST http://localhost:11434/v1/chat/completions "HTTP/1.1 200 OK"
2026-08-12 16:42:43,646 [INFO] Progress: [48/364] | Done: 48 | Skipped: 0 | Failed: 0 | RPM: 14.1 | Avg Lat: 4.25s | 429 Hits: 0 | ETA: 22m 22s
2026-08-12 16:42:47,439 [INFO] HTTP Request: POST http://localhost:11434/v1/chat/completions "HTTP/1.1 200 OK"
2026-08-12 16:42:47,441 [INFO] Progress: [49/364] | Done: 49 | Skipped: 0 | Failed: 0 | RPM: 14.2 | Avg Lat: 4.24s | 429 Hits: 0 | ETA: 22m 15s
2026-08-12 16:42:51,370 [INFO] HTTP Request: POST http://localhost:11434/v1/chat/completions "HTTP/1.1 200 OK"
2026-08-12 16:42:51,373 [INFO] Progress: [50/364] | Done: 50 | Skipped: 0 | Failed: 0 | RPM: 14.2 | Avg Lat: 4.23s | 429 Hits: 0 | ETA: 22m 8s
2026-08-12 16:42:55,082 [INFO] HTTP Request: POST http://localhost:11434/v1/chat/completions "HTTP/1.1 200 OK"
2026-08-12 16:42:55,085 [INFO] Progress: [51/364] | Done: 51 | Skipped: 0 | Failed: 0 | RPM: 14.2 | Avg Lat: 4.22s | 429 Hits: 0 | ETA: 22m 1s
2026-08-12 16:42:59,113 [INFO] HTTP Request: POST http://localhost:11434/v1/chat/completions "HTTP/1.1 200 OK"
2026-08-12 16:42:59,116 [INFO] Progress: [52/364] | Done: 52 | Skipped: 0 | Failed: 0 | RPM: 14.2 | Avg Lat: 4.22s | 429 Hits: 0 | ETA: 21m 56s
2026-08-12 16:43:03,005 [INFO] HTTP Request: POST http://localhost:11434/v1/chat/completions "HTTP/1.1 200 OK"
2026-08-12 16:43:03,008 [INFO] Progress: [53/364] | Done: 53 | Skipped: 0 | Failed: 0 | RPM: 14.2 | Avg Lat: 4.21s | 429 Hits: 0 | ETA: 21m 50s
2026-08-12 16:43:06,680 [INFO] HTTP Request: POST http://localhost:11434/v1/chat/completions "HTTP/1.1 200 OK"
2026-08-12 16:43:06,683 [INFO] Progress: [54/364] | Done: 54 | Skipped: 0 | Failed: 0 | RPM: 14.3 | Avg Lat: 4.20s | 429 Hits: 0 | ETA: 21m 42s
2026-08-12 16:43:10,353 [INFO] HTTP Request: POST http://localhost:11434/v1/chat/completions "HTTP/1.1 200 OK"
2026-08-12 16:43:10,357 [INFO] Progress: [55/364] | Done: 55 | Skipped: 0 | Failed: 0 | RPM: 14.3 | Avg Lat: 4.19s | 429 Hits: 0 | ETA: 21m 35s
2026-08-12 16:43:14,037 [INFO] HTTP Request: POST http://localhost:11434/v1/chat/completions "HTTP/1.1 200 OK"
2026-08-12 16:43:14,040 [INFO] Progress: [56/364] | Done: 56 | Skipped: 0 | Failed: 0 | RPM: 14.3 | Avg Lat: 4.18s | 429 Hits: 0 | ETA: 21m 28s
2026-08-12 16:43:17,811 [INFO] HTTP Request: POST http://localhost:11434/v1/chat/completions "HTTP/1.1 200 OK"
2026-08-12 16:43:17,814 [INFO] Progress: [57/364] | Done: 57 | Skipped: 0 | Failed: 0 | RPM: 14.4 | Avg Lat: 4.17s | 429 Hits: 0 | ETA: 21m 22s
2026-08-12 16:43:22,065 [INFO] HTTP Request: POST http://localhost:11434/v1/chat/completions "HTTP/1.1 200 OK"
2026-08-12 16:43:22,067 [INFO] Progress: [58/364] | Done: 58 | Skipped: 0 | Failed: 0 | RPM: 14.4 | Avg Lat: 4.18s | 429 Hits: 0 | ETA: 21m 18s
2026-08-12 16:43:25,696 [INFO] HTTP Request: POST http://localhost:11434/v1/chat/completions "HTTP/1.1 200 OK"
2026-08-12 16:43:25,699 [INFO] Progress: [59/364] | Done: 59 | Skipped: 0 | Failed: 0 | RPM: 14.4 | Avg Lat: 4.17s | 429 Hits: 0 | ETA: 21m 11s
2026-08-12 16:43:29,430 [INFO] HTTP Request: POST http://localhost:11434/v1/chat/completions "HTTP/1.1 200 OK"
2026-08-12 16:43:29,433 [INFO] Progress: [60/364] | Done: 60 | Skipped: 0 | Failed: 0 | RPM: 14.4 | Avg Lat: 4.16s | 429 Hits: 0 | ETA: 21m 5s
2026-08-12 16:43:33,385 [INFO] HTTP Request: POST http://localhost:11434/v1/chat/completions "HTTP/1.1 200 OK"
2026-08-12 16:43:33,388 [INFO] Progress: [61/364] | Done: 61 | Skipped: 0 | Failed: 0 | RPM: 14.4 | Avg Lat: 4.16s | 429 Hits: 0 | ETA: 20m 59s
2026-08-12 16:43:37,099 [INFO] HTTP Request: POST http://localhost:11434/v1/chat/completions "HTTP/1.1 200 OK"
2026-08-12 16:43:37,101 [INFO] Progress: [62/364] | Done: 62 | Skipped: 0 | Failed: 0 | RPM: 14.5 | Avg Lat: 4.15s | 429 Hits: 0 | ETA: 20m 53s
2026-08-12 16:43:40,875 [INFO] HTTP Request: POST http://localhost:11434/v1/chat/completions "HTTP/1.1 200 OK"
2026-08-12 16:43:40,877 [INFO] Progress: [63/364] | Done: 63 | Skipped: 0 | Failed: 0 | RPM: 14.5 | Avg Lat: 4.14s | 429 Hits: 0 | ETA: 20m 47s
2026-08-12 16:43:44,485 [INFO] HTTP Request: POST http://localhost:11434/v1/chat/completions "HTTP/1.1 200 OK"
2026-08-12 16:43:44,487 [INFO] Progress: [64/364] | Done: 64 | Skipped: 0 | Failed: 0 | RPM: 14.5 | Avg Lat: 4.13s | 429 Hits: 0 | ETA: 20m 40s
2026-08-12 16:43:48,161 [INFO] HTTP Request: POST http://localhost:11434/v1/chat/completions "HTTP/1.1 200 OK"
2026-08-12 16:43:48,163 [INFO] Progress: [65/364] | Done: 65 | Skipped: 0 | Failed: 0 | RPM: 14.5 | Avg Lat: 4.13s | 429 Hits: 0 | ETA: 20m 34s
2026-08-12 16:43:52,056 [INFO] HTTP Request: POST http://localhost:11434/v1/chat/completions "HTTP/1.1 200 OK"
2026-08-12 16:43:52,059 [INFO] Progress: [66/364] | Done: 66 | Skipped: 0 | Failed: 0 | RPM: 14.5 | Avg Lat: 4.12s | 429 Hits: 0 | ETA: 20m 29s
2026-08-12 16:43:53,778 [INFO] HTTP Request: POST http://localhost:11434/v1/chat/completions "HTTP/1.1 200 OK"
2026-08-12 16:43:53,779 [INFO] Progress: [67/364] | Done: 66 | Skipped: 0 | Failed: 1 | RPM: 14.7 | Avg Lat: 4.09s | 429 Hits: 0 | ETA: 20m 14s
2026-08-12 16:43:55,466 [INFO] HTTP Request: POST http://localhost:11434/v1/chat/completions "HTTP/1.1 200 OK"
2026-08-12 16:43:55,468 [INFO] Progress: [68/364] | Done: 66 | Skipped: 0 | Failed: 2 | RPM: 14.8 | Avg Lat: 4.05s | 429 Hits: 0 | ETA: 20m 0s
2026-08-12 16:43:57,163 [INFO] HTTP Request: POST http://localhost:11434/v1/chat/completions "HTTP/1.1 200 OK"
2026-08-12 16:43:57,169 [INFO] Progress: [69/364] | Done: 66 | Skipped: 0 | Failed: 3 | RPM: 14.9 | Avg Lat: 4.02s | 429 Hits: 0 | ETA: 19m 46s
2026-08-12 16:43:58,862 [INFO] HTTP Request: POST http://localhost:11434/v1/chat/completions "HTTP/1.1 200 OK"
2026-08-12 16:43:58,864 [INFO] Progress: [70/364] | Done: 66 | Skipped: 0 | Failed: 4 | RPM: 15.0 | Avg Lat: 3.99s | 429 Hits: 0 | ETA: 19m 32s
2026-08-12 16:44:00,577 [INFO] HTTP Request: POST http://localhost:11434/v1/chat/completions "HTTP/1.1 200 OK"
2026-08-12 16:44:00,579 [INFO] Progress: [71/364] | Done: 66 | Skipped: 0 | Failed: 5 | RPM: 15.2 | Avg Lat: 3.95s | 429 Hits: 0 | ETA: 19m 18s
2026-08-12 16:44:02,333 [INFO] HTTP Request: POST http://localhost:11434/v1/chat/completions "HTTP/1.1 200 OK"
2026-08-12 16:44:02,334 [INFO] Progress: [72/364] | Done: 66 | Skipped: 0 | Failed: 6 | RPM: 15.3 | Avg Lat: 3.92s | 429 Hits: 0 | ETA: 19m 5s
2026-08-12 16:44:04,019 [INFO] HTTP Request: POST http://localhost:11434/v1/chat/completions "HTTP/1.1 200 OK"
2026-08-12 16:44:04,021 [INFO] Progress: [73/364] | Done: 66 | Skipped: 0 | Failed: 7 | RPM: 15.4 | Avg Lat: 3.89s | 429 Hits: 0 | ETA: 18m 53s
2026-08-12 16:44:05,725 [INFO] HTTP Request: POST http://localhost:11434/v1/chat/completions "HTTP/1.1 200 OK"
2026-08-12 16:44:05,727 [INFO] Progress: [74/364] | Done: 66 | Skipped: 0 | Failed: 8 | RPM: 15.5 | Avg Lat: 3.86s | 429 Hits: 0 | ETA: 18m 40s
2026-08-12 16:44:07,417 [INFO] HTTP Request: POST http://localhost:11434/v1/chat/completions "HTTP/1.1 200 OK"
2026-08-12 16:44:07,418 [INFO] Progress: [75/364] | Done: 66 | Skipped: 0 | Failed: 9 | RPM: 15.6 | Avg Lat: 3.83s | 429 Hits: 0 | ETA: 18m 28s
2026-08-12 16:44:09,123 [INFO] HTTP Request: POST http://localhost:11434/v1/chat/completions "HTTP/1.1 200 OK"
2026-08-12 16:44:09,124 [INFO] Progress: [76/364] | Done: 66 | Skipped: 0 | Failed: 10 | RPM: 15.8 | Avg Lat: 3.81s | 429 Hits: 0 | ETA: 18m 16s
2026-08-12 16:44:10,808 [INFO] HTTP Request: POST http://localhost:11434/v1/chat/completions "HTTP/1.1 200 OK"
2026-08-12 16:44:10,809 [INFO] Progress: [77/364] | Done: 66 | Skipped: 0 | Failed: 11 | RPM: 15.9 | Avg Lat: 3.78s | 429 Hits: 0 | ETA: 18m 4s
2026-08-12 16:44:12,505 [INFO] HTTP Request: POST http://localhost:11434/v1/chat/completions "HTTP/1.1 200 OK"
2026-08-12 16:44:12,506 [INFO] Progress: [78/364] | Done: 66 | Skipped: 0 | Failed: 12 | RPM: 16.0 | Avg Lat: 3.75s | 429 Hits: 0 | ETA: 17m 53s
2026-08-12 16:44:14,187 [INFO] HTTP Request: POST http://localhost:11434/v1/chat/completions "HTTP/1.1 200 OK"
2026-08-12 16:44:14,188 [INFO] Progress: [79/364] | Done: 66 | Skipped: 0 | Failed: 13 | RPM: 16.1 | Avg Lat: 3.72s | 429 Hits: 0 | ETA: 17m 42s
2026-08-12 16:44:15,865 [INFO] HTTP Request: POST http://localhost:11434/v1/chat/completions "HTTP/1.1 200 OK"
2026-08-12 16:44:15,866 [INFO] Progress: [80/364] | Done: 66 | Skipped: 0 | Failed: 14 | RPM: 16.2 | Avg Lat: 3.70s | 429 Hits: 0 | ETA: 17m 31s
2026-08-12 16:44:17,576 [INFO] HTTP Request: POST http://localhost:11434/v1/chat/completions "HTTP/1.1 200 OK"
2026-08-12 16:44:17,577 [INFO] Progress: [81/364] | Done: 66 | Skipped: 0 | Failed: 15 | RPM: 16.3 | Avg Lat: 3.67s | 429 Hits: 0 | ETA: 17m 20s
2026-08-12 16:44:19,307 [INFO] HTTP Request: POST http://localhost:11434/v1/chat/completions "HTTP/1.1 200 OK"
2026-08-12 16:44:19,309 [INFO] Progress: [82/364] | Done: 66 | Skipped: 0 | Failed: 16 | RPM: 16.4 | Avg Lat: 3.65s | 429 Hits: 0 | ETA: 17m 10s
2026-08-12 16:44:21,090 [INFO] HTTP Request: POST http://localhost:11434/v1/chat/completions "HTTP/1.1 200 OK"
2026-08-12 16:44:21,091 [INFO] Progress: [83/364] | Done: 66 | Skipped: 0 | Failed: 17 | RPM: 16.5 | Avg Lat: 3.63s | 429 Hits: 0 | ETA: 17m 0s
2026-08-12 16:44:22,931 [INFO] HTTP Request: POST http://localhost:11434/v1/chat/completions "HTTP/1.1 200 OK"
2026-08-12 16:44:22,932 [INFO] Progress: [84/364] | Done: 66 | Skipped: 0 | Failed: 18 | RPM: 16.6 | Avg Lat: 3.61s | 429 Hits: 0 | ETA: 16m 50s
2026-08-12 16:44:24,855 [INFO] HTTP Request: POST http://localhost:11434/v1/chat/completions "HTTP/1.1 200 OK"
2026-08-12 16:44:24,857 [INFO] Progress: [85/364] | Done: 66 | Skipped: 0 | Failed: 19 | RPM: 16.7 | Avg Lat: 3.59s | 429 Hits: 0 | ETA: 16m 41s
2026-08-12 16:44:26,532 [INFO] HTTP Request: POST http://localhost:11434/v1/chat/completions "HTTP/1.1 200 OK"
2026-08-12 16:44:26,533 [INFO] Progress: [86/364] | Done: 66 | Skipped: 0 | Failed: 20 | RPM: 16.8 | Avg Lat: 3.57s | 429 Hits: 0 | ETA: 16m 31s
2026-08-12 16:44:28,239 [INFO] HTTP Request: POST http://localhost:11434/v1/chat/completions "HTTP/1.1 200 OK"
2026-08-12 16:44:28,240 [INFO] Progress: [87/364] | Done: 66 | Skipped: 0 | Failed: 21 | RPM: 16.9 | Avg Lat: 3.54s | 429 Hits: 0 | ETA: 16m 22s
2026-08-12 16:44:29,949 [INFO] HTTP Request: POST http://localhost:11434/v1/chat/completions "HTTP/1.1 200 OK"
2026-08-12 16:44:29,950 [INFO] Progress: [88/364] | Done: 66 | Skipped: 0 | Failed: 22 | RPM: 17.0 | Avg Lat: 3.52s | 429 Hits: 0 | ETA: 16m 12s
2026-08-12 16:44:31,655 [INFO] HTTP Request: POST http://localhost:11434/v1/chat/completions "HTTP/1.1 200 OK"
2026-08-12 16:44:31,656 [INFO] Progress: [89/364] | Done: 66 | Skipped: 0 | Failed: 23 | RPM: 17.1 | Avg Lat: 3.50s | 429 Hits: 0 | ETA: 16m 3s
2026-08-12 16:44:33,347 [INFO] HTTP Request: POST http://localhost:11434/v1/chat/completions "HTTP/1.1 200 OK"
2026-08-12 16:44:33,348 [INFO] Progress: [90/364] | Done: 66 | Skipped: 0 | Failed: 24 | RPM: 17.2 | Avg Lat: 3.48s | 429 Hits: 0 | ETA: 15m 54s
2026-08-12 16:44:35,037 [INFO] HTTP Request: POST http://localhost:11434/v1/chat/completions "HTTP/1.1 200 OK"
2026-08-12 16:44:35,038 [INFO] Progress: [91/364] | Done: 66 | Skipped: 0 | Failed: 25 | RPM: 17.3 | Avg Lat: 3.46s | 429 Hits: 0 | ETA: 15m 45s
2026-08-12 16:44:36,731 [INFO] HTTP Request: POST http://localhost:11434/v1/chat/completions "HTTP/1.1 200 OK"
2026-08-12 16:44:36,732 [INFO] Progress: [92/364] | Done: 66 | Skipped: 0 | Failed: 26 | RPM: 17.4 | Avg Lat: 3.44s | 429 Hits: 0 | ETA: 15m 37s
2026-08-12 16:44:38,434 [INFO] HTTP Request: POST http://localhost:11434/v1/chat/completions "HTTP/1.1 200 OK"
2026-08-12 16:44:38,436 [INFO] Progress: [93/364] | Done: 66 | Skipped: 0 | Failed: 27 | RPM: 17.5 | Avg Lat: 3.42s | 429 Hits: 0 | ETA: 15m 28s
2026-08-12 16:44:40,130 [INFO] HTTP Request: POST http://localhost:11434/v1/chat/completions "HTTP/1.1 200 OK"
2026-08-12 16:44:40,132 [INFO] Progress: [94/364] | Done: 66 | Skipped: 0 | Failed: 28 | RPM: 17.6 | Avg Lat: 3.41s | 429 Hits: 0 | ETA: 15m 20s
2026-08-12 16:44:41,840 [INFO] HTTP Request: POST http://localhost:11434/v1/chat/completions "HTTP/1.1 200 OK"
2026-08-12 16:44:41,841 [INFO] Progress: [95/364] | Done: 66 | Skipped: 0 | Failed: 29 | RPM: 17.7 | Avg Lat: 3.39s | 429 Hits: 0 | ETA: 15m 11s
2026-08-12 16:44:43,541 [INFO] HTTP Request: POST http://localhost:11434/v1/chat/completions "HTTP/1.1 200 OK"
2026-08-12 16:44:43,542 [INFO] Progress: [96/364] | Done: 66 | Skipped: 0 | Failed: 30 | RPM: 17.8 | Avg Lat: 3.37s | 429 Hits: 0 | ETA: 15m 3s
2026-08-12 16:44:45,257 [INFO] HTTP Request: POST http://localhost:11434/v1/chat/completions "HTTP/1.1 200 OK"
2026-08-12 16:44:45,258 [INFO] Progress: [97/364] | Done: 66 | Skipped: 0 | Failed: 31 | RPM: 17.9 | Avg Lat: 3.35s | 429 Hits: 0 | ETA: 14m 55s
2026-08-12 16:44:46,951 [INFO] HTTP Request: POST http://localhost:11434/v1/chat/completions "HTTP/1.1 200 OK"
2026-08-12 16:44:46,952 [INFO] Progress: [98/364] | Done: 66 | Skipped: 0 | Failed: 32 | RPM: 18.0 | Avg Lat: 3.34s | 429 Hits: 0 | ETA: 14m 48s
2026-08-12 16:44:48,659 [INFO] HTTP Request: POST http://localhost:11434/v1/chat/completions "HTTP/1.1 200 OK"
2026-08-12 16:44:48,660 [INFO] Progress: [99/364] | Done: 66 | Skipped: 0 | Failed: 33 | RPM: 18.1 | Avg Lat: 3.32s | 429 Hits: 0 | ETA: 14m 40s
2026-08-12 16:44:50,403 [INFO] HTTP Request: POST http://localhost:11434/v1/chat/completions "HTTP/1.1 200 OK"
2026-08-12 16:44:50,405 [INFO] Progress: [100/364] | Done: 66 | Skipped: 0 | Failed: 34 | RPM: 18.1 | Avg Lat: 3.30s | 429 Hits: 0 | ETA: 14m 32s
2026-08-12 16:44:52,123 [INFO] HTTP Request: POST http://localhost:11434/v1/chat/completions "HTTP/1.1 200 OK"
2026-08-12 16:44:52,125 [INFO] Progress: [101/364] | Done: 66 | Skipped: 0 | Failed: 35 | RPM: 18.2 | Avg Lat: 3.29s | 429 Hits: 0 | ETA: 14m 25s
2026-08-12 16:44:53,829 [INFO] HTTP Request: POST http://localhost:11434/v1/chat/completions "HTTP/1.1 200 OK"
2026-08-12 16:44:53,831 [INFO] Progress: [102/364] | Done: 66 | Skipped: 0 | Failed: 36 | RPM: 18.3 | Avg Lat: 3.27s | 429 Hits: 0 | ETA: 14m 18s
2026-08-12 16:44:55,532 [INFO] HTTP Request: POST http://localhost:11434/v1/chat/completions "HTTP/1.1 200 OK"
2026-08-12 16:44:55,533 [INFO] Progress: [103/364] | Done: 66 | Skipped: 0 | Failed: 37 | RPM: 18.4 | Avg Lat: 3.26s | 429 Hits: 0 | ETA: 14m 10s
2026-08-12 16:44:57,247 [INFO] HTTP Request: POST http://localhost:11434/v1/chat/completions "HTTP/1.1 200 OK"
2026-08-12 16:44:57,249 [INFO] Progress: [104/364] | Done: 66 | Skipped: 0 | Failed: 38 | RPM: 18.5 | Avg Lat: 3.24s | 429 Hits: 0 | ETA: 14m 3s
2026-08-12 16:44:58,950 [INFO] HTTP Request: POST http://localhost:11434/v1/chat/completions "HTTP/1.1 200 OK"
2026-08-12 16:44:58,952 [INFO] Progress: [105/364] | Done: 66 | Skipped: 0 | Failed: 39 | RPM: 18.6 | Avg Lat: 3.23s | 429 Hits: 0 | ETA: 13m 56s
2026-08-12 16:45:00,648 [INFO] HTTP Request: POST http://localhost:11434/v1/chat/completions "HTTP/1.1 200 OK"
2026-08-12 16:45:00,650 [INFO] Progress: [106/364] | Done: 66 | Skipped: 0 | Failed: 40 | RPM: 18.7 | Avg Lat: 3.21s | 429 Hits: 0 | ETA: 13m 49s
2026-08-12 16:45:02,340 [INFO] HTTP Request: POST http://localhost:11434/v1/chat/completions "HTTP/1.1 200 OK"
2026-08-12 16:45:02,342 [INFO] Progress: [107/364] | Done: 66 | Skipped: 0 | Failed: 41 | RPM: 18.7 | Avg Lat: 3.20s | 429 Hits: 0 | ETA: 13m 42s
2026-08-12 16:45:04,049 [INFO] HTTP Request: POST http://localhost:11434/v1/chat/completions "HTTP/1.1 200 OK"
2026-08-12 16:45:04,050 [INFO] Progress: [108/364] | Done: 66 | Skipped: 0 | Failed: 42 | RPM: 18.8 | Avg Lat: 3.19s | 429 Hits: 0 | ETA: 13m 36s
2026-08-12 16:45:05,791 [INFO] HTTP Request: POST http://localhost:11434/v1/chat/completions "HTTP/1.1 200 OK"
2026-08-12 16:45:05,792 [INFO] Progress: [109/364] | Done: 66 | Skipped: 0 | Failed: 43 | RPM: 18.9 | Avg Lat: 3.17s | 429 Hits: 0 | ETA: 13m 29s
2026-08-12 16:45:07,581 [INFO] HTTP Request: POST http://localhost:11434/v1/chat/completions "HTTP/1.1 200 OK"
2026-08-12 16:45:07,582 [INFO] Progress: [110/364] | Done: 66 | Skipped: 0 | Failed: 44 | RPM: 19.0 | Avg Lat: 3.16s | 429 Hits: 0 | ETA: 13m 23s
2026-08-12 16:45:09,277 [INFO] HTTP Request: POST http://localhost:11434/v1/chat/completions "HTTP/1.1 200 OK"
2026-08-12 16:45:09,279 [INFO] Progress: [111/364] | Done: 66 | Skipped: 0 | Failed: 45 | RPM: 19.1 | Avg Lat: 3.15s | 429 Hits: 0 | ETA: 13m 16s
2026-08-12 16:45:10,965 [INFO] HTTP Request: POST http://localhost:11434/v1/chat/completions "HTTP/1.1 200 OK"
2026-08-12 16:45:10,966 [INFO] Progress: [112/364] | Done: 66 | Skipped: 0 | Failed: 46 | RPM: 19.1 | Avg Lat: 3.13s | 429 Hits: 0 | ETA: 13m 10s
2026-08-12 16:45:12,710 [INFO] HTTP Request: POST http://localhost:11434/v1/chat/completions "HTTP/1.1 200 OK"
2026-08-12 16:45:12,711 [INFO] Progress: [113/364] | Done: 66 | Skipped: 0 | Failed: 47 | RPM: 19.2 | Avg Lat: 3.12s | 429 Hits: 0 | ETA: 13m 3s
2026-08-12 16:50:41,387 [INFO] Scanning dataset at 'Sugarcane'...
2026-08-12 16:50:41,622 [INFO] Discovered 6923 total images. Processing range [591:593] (2 items).
2026-08-12 16:50:48,681 [INFO] HTTP Request: POST http://localhost:11434/v1/chat/completions "HTTP/1.1 200 OK"
2026-08-12 16:50:48,691 [INFO] Progress: [1/2] | Done: 0 | Skipped: 0 | Failed: 1 | RPM: 8.5 | Avg Lat: 7.07s | 429 Hits: 0 | ETA: 0m 7s
2026-08-12 16:50:50,631 [INFO] HTTP Request: POST http://localhost:11434/v1/chat/completions "HTTP/1.1 200 OK"
2026-08-12 16:50:50,633 [INFO] Progress: [2/2] | Done: 0 | Skipped: 0 | Failed: 2 | RPM: 13.3 | Avg Lat: 4.50s | 429 Hits: 0 | ETA: 0m 0s
2026-08-12 16:50:50,635 [INFO] 
==========================================
2026-08-12 16:50:50,635 [INFO] Annotation Run Complete for 'qwen2.5vl-sugarcane'!
2026-08-12 16:50:50,635 [INFO] Total Completed: 0 | Skipped: 0 | Failed: 2
2026-08-12 16:50:50,635 [INFO] Cumulative Model Counters: {'provider': 'ollama-qwen2.5vl-sugarcane', 'model_id': 'qwen2.5vl-sugarcane', 'total_requests': 2, 'successful_requests': 0, 'failed_requests': 0, 'rate_limit_hits': 0, 'json_parse_failures': 2, 'average_latency_ms': 0.0}
2026-08-12 16:50:50,635 [INFO] ==========================================
2026-08-12 16:52:31,279 [INFO] Scanning dataset at 'Sugarcane'...
2026-08-12 16:52:31,405 [INFO] Discovered 6923 total images. Processing range [591:592] (1 items).
2026-08-12 16:52:33,150 [INFO] HTTP Request: POST http://localhost:11434/v1/chat/completions "HTTP/1.1 200 OK"
2026-08-12 16:52:33,158 [INFO] Progress: [1/1] | Done: 0 | Skipped: 0 | Failed: 1 | RPM: 34.2 | Avg Lat: 1.75s | 429 Hits: 0 | ETA: 0m 0s
2026-08-12 16:52:33,159 [INFO] 
==========================================
2026-08-12 16:52:33,159 [INFO] Annotation Run Complete for 'qwen2.5vl-sugarcane'!
2026-08-12 16:52:33,159 [INFO] Total Completed: 0 | Skipped: 0 | Failed: 1
2026-08-12 16:52:33,159 [INFO] Cumulative Model Counters: {'provider': 'ollama-qwen2.5vl-sugarcane', 'model_id': 'qwen2.5vl-sugarcane', 'total_requests': 1, 'successful_requests': 0, 'failed_requests': 0, 'rate_limit_hits': 0, 'json_parse_failures': 1, 'average_latency_ms': 0.0}
2026-08-12 16:52:33,160 [INFO] ==========================================
2026-08-12 16:52:44,258 [INFO] Scanning dataset at 'Sugarcane'...
2026-08-12 16:52:44,387 [INFO] Discovered 6923 total images. Processing range [592:593] (1 items).
2026-08-12 16:52:45,955 [INFO] HTTP Request: POST http://localhost:11434/v1/chat/completions "HTTP/1.1 200 OK"
2026-08-12 16:52:45,963 [INFO] Progress: [1/1] | Done: 0 | Skipped: 0 | Failed: 1 | RPM: 38.1 | Avg Lat: 1.57s | 429 Hits: 0 | ETA: 0m 0s
2026-08-12 16:52:45,964 [INFO] 
==========================================
2026-08-12 16:52:45,964 [INFO] Annotation Run Complete for 'qwen2.5vl-sugarcane'!
2026-08-12 16:52:45,964 [INFO] Total Completed: 0 | Skipped: 0 | Failed: 1
2026-08-12 16:52:45,964 [INFO] Cumulative Model Counters: {'provider': 'ollama-qwen2.5vl-sugarcane', 'model_id': 'qwen2.5vl-sugarcane', 'total_requests': 1, 'successful_requests': 0, 'failed_requests': 0, 'rate_limit_hits': 0, 'json_parse_failures': 1, 'average_latency_ms': 0.0}
2026-08-12 16:52:45,964 [INFO] ==========================================
2026-08-12 16:54:01,330 [INFO] Scanning dataset at 'Sugarcane'...
2026-08-12 16:54:01,464 [INFO] Discovered 6923 total images. Processing range [659:956] (297 items).
2026-08-12 16:54:04,108 [INFO] HTTP Request: POST http://localhost:11434/v1/chat/completions "HTTP/1.1 200 OK"
2026-08-12 16:54:04,123 [INFO] Progress: [1/297] | Done: 0 | Skipped: 0 | Failed: 1 | RPM: 22.6 | Avg Lat: 2.65s | 429 Hits: 0 | ETA: 13m 6s
2026-08-12 16:54:05,794 [INFO] HTTP Request: POST http://localhost:11434/v1/chat/completions "HTTP/1.1 200 OK"
2026-08-12 16:54:05,795 [INFO] Progress: [2/297] | Done: 0 | Skipped: 0 | Failed: 2 | RPM: 27.7 | Avg Lat: 2.16s | 429 Hits: 0 | ETA: 10m 38s
2026-08-12 16:54:47,953 [INFO] RETRY FAILED MODE: Loading items from failed.jsonl...
2026-08-12 16:55:08,065 [INFO] RETRY FAILED MODE: Loading items from failed.jsonl...
